Command line invocation:
    /Applications/Xcode.app/Contents/Developer/usr/bin/xcodebuild build -project macos-dock-cc-v2.xcodeproj -scheme macos-dock-cc-v2 -configuration Release -derivedDataPath build/FinalHoldReleaseDD -destination generic/platform=macOS "ARCHS=arm64 x86_64" ONLY_ACTIVE_ARCH=NO

Build settings from command line:
    ARCHS = arm64 x86_64
    ONLY_ACTIVE_ARCH = NO

ComputePackagePrebuildTargetDependencyGraph

Prepare packages

CreateBuildRequest

SendProjectDescription

CreateBuildOperation

ComputeTargetDependencyGraph
note: Building targets in dependency order
note: Target dependency graph (1 target)
    Target 'macos-dock-cc-v2' in project 'macos-dock-cc-v2' (no dependencies)

GatherProvisioningInputs

CreateBuildDescription

ExecuteExternalTool /Applications/Xcode.app/Contents/Developer/Toolchains/XcodeDefault.xctoolchain/usr/bin/clang -v -E -dM -isysroot /Applications/Xcode.app/Contents/Developer/Platforms/MacOSX.platform/Developer/SDKs/MacOSX26.5.sdk -x c -c /dev/null

ExecuteExternalTool /Applications/Xcode.app/Contents/Developer/usr/bin/actool --version --output-format xml1

ExecuteExternalTool /Applications/Xcode.app/Contents/Developer/Toolchains/XcodeDefault.xctoolchain/usr/bin/swiftc --version

ExecuteExternalTool /Applications/Xcode.app/Contents/Developer/Toolchains/XcodeDefault.xctoolchain/usr/bin/ld -version_details

Build description signature: b3740e73a53ed7a9fb1d6c8e6b2e48ac
Build description path: /Users/caye/Projects/macos-dock-cc-v2-fullscreen-transition/build/FinalHoldReleaseDD/Build/Intermediates.noindex/XCBuildData/b3740e73a53ed7a9fb1d6c8e6b2e48ac.xcbuilddata
ClangStatCache /Applications/Xcode.app/Contents/Developer/Toolchains/XcodeDefault.xctoolchain/usr/bin/clang-stat-cache /Applications/Xcode.app/Contents/Developer/Platforms/MacOSX.platform/Developer/SDKs/MacOSX26.5.sdk /Users/caye/Projects/macos-dock-cc-v2-fullscreen-transition/build/FinalHoldReleaseDD/SDKStatCaches.noindex/macosx26.5-25F70-e082c4a02f00227109f4ed75e425c832.sdkstatcache
    cd /Users/caye/Projects/macos-dock-cc-v2-fullscreen-transition/macos-dock-cc-v2.xcodeproj
    /Applications/Xcode.app/Contents/Developer/Toolchains/XcodeDefault.xctoolchain/usr/bin/clang-stat-cache /Applications/Xcode.app/Contents/Developer/Platforms/MacOSX.platform/Developer/SDKs/MacOSX26.5.sdk -o /Users/caye/Projects/macos-dock-cc-v2-fullscreen-transition/build/FinalHoldReleaseDD/SDKStatCaches.noindex/macosx26.5-25F70-e082c4a02f00227109f4ed75e425c832.sdkstatcache

CreateBuildDirectory /Users/caye/Projects/macos-dock-cc-v2-fullscreen-transition/build/FinalHoldReleaseDD/Build/Products
    cd /Users/caye/Projects/macos-dock-cc-v2-fullscreen-transition/macos-dock-cc-v2.xcodeproj
    builtin-create-build-directory /Users/caye/Projects/macos-dock-cc-v2-fullscreen-transition/build/FinalHoldReleaseDD/Build/Products

CreateBuildDirectory /Users/caye/Projects/macos-dock-cc-v2-fullscreen-transition/build/FinalHoldReleaseDD/Build/Intermediates.noindex
    cd /Users/caye/Projects/macos-dock-cc-v2-fullscreen-transition/macos-dock-cc-v2.xcodeproj
    builtin-create-build-directory /Users/caye/Projects/macos-dock-cc-v2-fullscreen-transition/build/FinalHoldReleaseDD/Build/Intermediates.noindex

CreateBuildDirectory /Users/caye/Projects/macos-dock-cc-v2-fullscreen-transition/build/FinalHoldReleaseDD/Build/Intermediates.noindex/SwiftExplicitPrecompiledModules
    cd /Users/caye/Projects/macos-dock-cc-v2-fullscreen-transition/macos-dock-cc-v2.xcodeproj
    builtin-create-build-directory /Users/caye/Projects/macos-dock-cc-v2-fullscreen-transition/build/FinalHoldReleaseDD/Build/Intermediates.noindex/SwiftExplicitPrecompiledModules

CreateBuildDirectory /Users/caye/Projects/macos-dock-cc-v2-fullscreen-transition/build/FinalHoldReleaseDD/Build/Intermediates.noindex/ExplicitPrecompiledModules
    cd /Users/caye/Projects/macos-dock-cc-v2-fullscreen-transition/macos-dock-cc-v2.xcodeproj
    builtin-create-build-directory /Users/caye/Projects/macos-dock-cc-v2-fullscreen-transition/build/FinalHoldReleaseDD/Build/Intermediates.noindex/ExplicitPrecompiledModules

CreateBuildDirectory /Users/caye/Projects/macos-dock-cc-v2-fullscreen-transition/build/FinalHoldReleaseDD/Build/Intermediates.noindex/EagerLinkingTBDs/Release
    cd /Users/caye/Projects/macos-dock-cc-v2-fullscreen-transition/macos-dock-cc-v2.xcodeproj
    builtin-create-build-directory /Users/caye/Projects/macos-dock-cc-v2-fullscreen-transition/build/FinalHoldReleaseDD/Build/Intermediates.noindex/EagerLinkingTBDs/Release

WriteAuxiliaryFile /Users/caye/Projects/macos-dock-cc-v2-fullscreen-transition/build/FinalHoldReleaseDD/Build/Intermediates.noindex/macos-dock-cc-v2.build/Release/macos-dock-cc-v2-82eefa42c0a0c693bb930b0565269aec-VFS/all-product-headers.yaml
    cd /Users/caye/Projects/macos-dock-cc-v2-fullscreen-transition/macos-dock-cc-v2.xcodeproj
    write-file /Users/caye/Projects/macos-dock-cc-v2-fullscreen-transition/build/FinalHoldReleaseDD/Build/Intermediates.noindex/macos-dock-cc-v2.build/Release/macos-dock-cc-v2-82eefa42c0a0c693bb930b0565269aec-VFS/all-product-headers.yaml

CreateBuildDirectory /Users/caye/Projects/macos-dock-cc-v2-fullscreen-transition/build/FinalHoldReleaseDD/Build/Products/Release
    cd /Users/caye/Projects/macos-dock-cc-v2-fullscreen-transition/macos-dock-cc-v2.xcodeproj
    builtin-create-build-directory /Users/caye/Projects/macos-dock-cc-v2-fullscreen-transition/build/FinalHoldReleaseDD/Build/Products/Release

WriteAuxiliaryFile /Users/caye/Projects/macos-dock-cc-v2-fullscreen-transition/build/FinalHoldReleaseDD/Build/Intermediates.noindex/macos-dock-cc-v2.build/Release/macos-dock-cc-v2.build/macos-dock-cc-v2-project-headers.hmap (in target 'macos-dock-cc-v2' from project 'macos-dock-cc-v2')
    cd /Users/caye/Projects/macos-dock-cc-v2-fullscreen-transition
    write-file /Users/caye/Projects/macos-dock-cc-v2-fullscreen-transition/build/FinalHoldReleaseDD/Build/Intermediates.noindex/macos-dock-cc-v2.build/Release/macos-dock-cc-v2.build/macos-dock-cc-v2-project-headers.hmap

WriteAuxiliaryFile /Users/caye/Projects/macos-dock-cc-v2-fullscreen-transition/build/FinalHoldReleaseDD/Build/Intermediates.noindex/macos-dock-cc-v2.build/Release/macos-dock-cc-v2.build/macos-dock-cc-v2-own-target-headers.hmap (in target 'macos-dock-cc-v2' from project 'macos-dock-cc-v2')
    cd /Users/caye/Projects/macos-dock-cc-v2-fullscreen-transition
    write-file /Users/caye/Projects/macos-dock-cc-v2-fullscreen-transition/build/FinalHoldReleaseDD/Build/Intermediates.noindex/macos-dock-cc-v2.build/Release/macos-dock-cc-v2.build/macos-dock-cc-v2-own-target-headers.hmap

WriteAuxiliaryFile /Users/caye/Projects/macos-dock-cc-v2-fullscreen-transition/build/FinalHoldReleaseDD/Build/Intermediates.noindex/macos-dock-cc-v2.build/Release/macos-dock-cc-v2.build/macos-dock-cc-v2-all-non-framework-target-headers.hmap (in target 'macos-dock-cc-v2' from project 'macos-dock-cc-v2')
    cd /Users/caye/Projects/macos-dock-cc-v2-fullscreen-transition
    write-file /Users/caye/Projects/macos-dock-cc-v2-fullscreen-transition/build/FinalHoldReleaseDD/Build/Intermediates.noindex/macos-dock-cc-v2.build/Release/macos-dock-cc-v2.build/macos-dock-cc-v2-all-non-framework-target-headers.hmap

WriteAuxiliaryFile /Users/caye/Projects/macos-dock-cc-v2-fullscreen-transition/build/FinalHoldReleaseDD/Build/Intermediates.noindex/macos-dock-cc-v2.build/Release/macos-dock-cc-v2.build/macos-dock-cc-v2.hmap (in target 'macos-dock-cc-v2' from project 'macos-dock-cc-v2')
    cd /Users/caye/Projects/macos-dock-cc-v2-fullscreen-transition
    write-file /Users/caye/Projects/macos-dock-cc-v2-fullscreen-transition/build/FinalHoldReleaseDD/Build/Intermediates.noindex/macos-dock-cc-v2.build/Release/macos-dock-cc-v2.build/macos-dock-cc-v2.hmap

WriteAuxiliaryFile /Users/caye/Projects/macos-dock-cc-v2-fullscreen-transition/build/FinalHoldReleaseDD/Build/Intermediates.noindex/macos-dock-cc-v2.build/Release/macos-dock-cc-v2.build/macos-dock-cc-v2.DependencyMetadataFileList (in target 'macos-dock-cc-v2' from project 'macos-dock-cc-v2')
    cd /Users/caye/Projects/macos-dock-cc-v2-fullscreen-transition
    write-file /Users/caye/Projects/macos-dock-cc-v2-fullscreen-transition/build/FinalHoldReleaseDD/Build/Intermediates.noindex/macos-dock-cc-v2.build/Release/macos-dock-cc-v2.build/macos-dock-cc-v2.DependencyMetadataFileList

WriteAuxiliaryFile /Users/caye/Projects/macos-dock-cc-v2-fullscreen-transition/build/FinalHoldReleaseDD/Build/Intermediates.noindex/macos-dock-cc-v2.build/Release/macos-dock-cc-v2.build/macos-dock-cc-v2-generated-files.hmap (in target 'macos-dock-cc-v2' from project 'macos-dock-cc-v2')
    cd /Users/caye/Projects/macos-dock-cc-v2-fullscreen-transition
    write-file /Users/caye/Projects/macos-dock-cc-v2-fullscreen-transition/build/FinalHoldReleaseDD/Build/Intermediates.noindex/macos-dock-cc-v2.build/Release/macos-dock-cc-v2.build/macos-dock-cc-v2-generated-files.hmap

WriteAuxiliaryFile /Users/caye/Projects/macos-dock-cc-v2-fullscreen-transition/build/FinalHoldReleaseDD/Build/Intermediates.noindex/macos-dock-cc-v2.build/Release/macos-dock-cc-v2.build/macos-dock-cc-v2.DependencyStaticMetadataFileList (in target 'macos-dock-cc-v2' from project 'macos-dock-cc-v2')
    cd /Users/caye/Projects/macos-dock-cc-v2-fullscreen-transition
    write-file /Users/caye/Projects/macos-dock-cc-v2-fullscreen-transition/build/FinalHoldReleaseDD/Build/Intermediates.noindex/macos-dock-cc-v2.build/Release/macos-dock-cc-v2.build/macos-dock-cc-v2.DependencyStaticMetadataFileList

WriteAuxiliaryFile /Users/caye/Projects/macos-dock-cc-v2-fullscreen-transition/build/FinalHoldReleaseDD/Build/Intermediates.noindex/macos-dock-cc-v2.build/Release/macos-dock-cc-v2.build/macos-dock-cc-v2-all-target-headers.hmap (in target 'macos-dock-cc-v2' from project 'macos-dock-cc-v2')
    cd /Users/caye/Projects/macos-dock-cc-v2-fullscreen-transition
    write-file /Users/caye/Projects/macos-dock-cc-v2-fullscreen-transition/build/FinalHoldReleaseDD/Build/Intermediates.noindex/macos-dock-cc-v2.build/Release/macos-dock-cc-v2.build/macos-dock-cc-v2-all-target-headers.hmap

WriteAuxiliaryFile /Users/caye/Projects/macos-dock-cc-v2-fullscreen-transition/build/FinalHoldReleaseDD/Build/Intermediates.noindex/macos-dock-cc-v2.build/Release/macos-dock-cc-v2.build/Objects-normal/arm64/macos-dock-cc-v2_const_extract_protocols.json (in target 'macos-dock-cc-v2' from project 'macos-dock-cc-v2')
    cd /Users/caye/Projects/macos-dock-cc-v2-fullscreen-transition
    write-file /Users/caye/Projects/macos-dock-cc-v2-fullscreen-transition/build/FinalHoldReleaseDD/Build/Intermediates.noindex/macos-dock-cc-v2.build/Release/macos-dock-cc-v2.build/Objects-normal/arm64/macos-dock-cc-v2_const_extract_protocols.json

WriteAuxiliaryFile /Users/caye/Projects/macos-dock-cc-v2-fullscreen-transition/build/FinalHoldReleaseDD/Build/Intermediates.noindex/macos-dock-cc-v2.build/Release/macos-dock-cc-v2.build/Objects-normal/x86_64/macos-dock-cc-v2.SwiftConstValuesFileList (in target 'macos-dock-cc-v2' from project 'macos-dock-cc-v2')
    cd /Users/caye/Projects/macos-dock-cc-v2-fullscreen-transition
    write-file /Users/caye/Projects/macos-dock-cc-v2-fullscreen-transition/build/FinalHoldReleaseDD/Build/Intermediates.noindex/macos-dock-cc-v2.build/Release/macos-dock-cc-v2.build/Objects-normal/x86_64/macos-dock-cc-v2.SwiftConstValuesFileList

WriteAuxiliaryFile /Users/caye/Projects/macos-dock-cc-v2-fullscreen-transition/build/FinalHoldReleaseDD/Build/Intermediates.noindex/macos-dock-cc-v2.build/Release/macos-dock-cc-v2.build/Objects-normal/x86_64/macos-dock-cc-v2-OutputFileMap.json (in target 'macos-dock-cc-v2' from project 'macos-dock-cc-v2')
    cd /Users/caye/Projects/macos-dock-cc-v2-fullscreen-transition
    write-file /Users/caye/Projects/macos-dock-cc-v2-fullscreen-transition/build/FinalHoldReleaseDD/Build/Intermediates.noindex/macos-dock-cc-v2.build/Release/macos-dock-cc-v2.build/Objects-normal/x86_64/macos-dock-cc-v2-OutputFileMap.json

WriteAuxiliaryFile /Users/caye/Projects/macos-dock-cc-v2-fullscreen-transition/build/FinalHoldReleaseDD/Build/Intermediates.noindex/macos-dock-cc-v2.build/Release/macos-dock-cc-v2.build/Objects-normal/x86_64/macos-dock-cc-v2.SwiftFileList (in target 'macos-dock-cc-v2' from project 'macos-dock-cc-v2')
    cd /Users/caye/Projects/macos-dock-cc-v2-fullscreen-transition
    write-file /Users/caye/Projects/macos-dock-cc-v2-fullscreen-transition/build/FinalHoldReleaseDD/Build/Intermediates.noindex/macos-dock-cc-v2.build/Release/macos-dock-cc-v2.build/Objects-normal/x86_64/macos-dock-cc-v2.SwiftFileList

WriteAuxiliaryFile /Users/caye/Projects/macos-dock-cc-v2-fullscreen-transition/build/FinalHoldReleaseDD/Build/Intermediates.noindex/macos-dock-cc-v2.build/Release/macos-dock-cc-v2.build/Objects-normal/x86_64/macos-dock-cc-v2.LinkFileList (in target 'macos-dock-cc-v2' from project 'macos-dock-cc-v2')
    cd /Users/caye/Projects/macos-dock-cc-v2-fullscreen-transition
    write-file /Users/caye/Projects/macos-dock-cc-v2-fullscreen-transition/build/FinalHoldReleaseDD/Build/Intermediates.noindex/macos-dock-cc-v2.build/Release/macos-dock-cc-v2.build/Objects-normal/x86_64/macos-dock-cc-v2.LinkFileList

WriteAuxiliaryFile /Users/caye/Projects/macos-dock-cc-v2-fullscreen-transition/build/FinalHoldReleaseDD/Build/Intermediates.noindex/macos-dock-cc-v2.build/Release/macos-dock-cc-v2.build/Objects-normal/x86_64/macos-dock-cc-v2_const_extract_protocols.json (in target 'macos-dock-cc-v2' from project 'macos-dock-cc-v2')
    cd /Users/caye/Projects/macos-dock-cc-v2-fullscreen-transition
    write-file /Users/caye/Projects/macos-dock-cc-v2-fullscreen-transition/build/FinalHoldReleaseDD/Build/Intermediates.noindex/macos-dock-cc-v2.build/Release/macos-dock-cc-v2.build/Objects-normal/x86_64/macos-dock-cc-v2_const_extract_protocols.json

WriteAuxiliaryFile /Users/caye/Projects/macos-dock-cc-v2-fullscreen-transition/build/FinalHoldReleaseDD/Build/Intermediates.noindex/macos-dock-cc-v2.build/Release/macos-dock-cc-v2.build/Objects-normal/arm64/macos-dock-cc-v2.SwiftFileList (in target 'macos-dock-cc-v2' from project 'macos-dock-cc-v2')
    cd /Users/caye/Projects/macos-dock-cc-v2-fullscreen-transition
    write-file /Users/caye/Projects/macos-dock-cc-v2-fullscreen-transition/build/FinalHoldReleaseDD/Build/Intermediates.noindex/macos-dock-cc-v2.build/Release/macos-dock-cc-v2.build/Objects-normal/arm64/macos-dock-cc-v2.SwiftFileList

WriteAuxiliaryFile /Users/caye/Projects/macos-dock-cc-v2-fullscreen-transition/build/FinalHoldReleaseDD/Build/Intermediates.noindex/macos-dock-cc-v2.build/Release/macos-dock-cc-v2.build/Objects-normal/arm64/macos-dock-cc-v2.SwiftConstValuesFileList (in target 'macos-dock-cc-v2' from project 'macos-dock-cc-v2')
    cd /Users/caye/Projects/macos-dock-cc-v2-fullscreen-transition
    write-file /Users/caye/Projects/macos-dock-cc-v2-fullscreen-transition/build/FinalHoldReleaseDD/Build/Intermediates.noindex/macos-dock-cc-v2.build/Release/macos-dock-cc-v2.build/Objects-normal/arm64/macos-dock-cc-v2.SwiftConstValuesFileList

WriteAuxiliaryFile /Users/caye/Projects/macos-dock-cc-v2-fullscreen-transition/build/FinalHoldReleaseDD/Build/Intermediates.noindex/macos-dock-cc-v2.build/Release/macos-dock-cc-v2.build/Objects-normal/arm64/macos-dock-cc-v2.LinkFileList (in target 'macos-dock-cc-v2' from project 'macos-dock-cc-v2')
    cd /Users/caye/Projects/macos-dock-cc-v2-fullscreen-transition
    write-file /Users/caye/Projects/macos-dock-cc-v2-fullscreen-transition/build/FinalHoldReleaseDD/Build/Intermediates.noindex/macos-dock-cc-v2.build/Release/macos-dock-cc-v2.build/Objects-normal/arm64/macos-dock-cc-v2.LinkFileList

WriteAuxiliaryFile /Users/caye/Projects/macos-dock-cc-v2-fullscreen-transition/build/FinalHoldReleaseDD/Build/Intermediates.noindex/macos-dock-cc-v2.build/Release/macos-dock-cc-v2.build/Objects-normal/arm64/macos-dock-cc-v2-OutputFileMap.json (in target 'macos-dock-cc-v2' from project 'macos-dock-cc-v2')
    cd /Users/caye/Projects/macos-dock-cc-v2-fullscreen-transition
    write-file /Users/caye/Projects/macos-dock-cc-v2-fullscreen-transition/build/FinalHoldReleaseDD/Build/Intermediates.noindex/macos-dock-cc-v2.build/Release/macos-dock-cc-v2.build/Objects-normal/arm64/macos-dock-cc-v2-OutputFileMap.json

WriteAuxiliaryFile /Users/caye/Projects/macos-dock-cc-v2-fullscreen-transition/build/FinalHoldReleaseDD/Build/Intermediates.noindex/macos-dock-cc-v2.build/Release/macos-dock-cc-v2.build/DerivedSources/Entitlements.plist (in target 'macos-dock-cc-v2' from project 'macos-dock-cc-v2')
    cd /Users/caye/Projects/macos-dock-cc-v2-fullscreen-transition
    write-file /Users/caye/Projects/macos-dock-cc-v2-fullscreen-transition/build/FinalHoldReleaseDD/Build/Intermediates.noindex/macos-dock-cc-v2.build/Release/macos-dock-cc-v2.build/DerivedSources/Entitlements.plist

MkDir /Users/caye/Projects/macos-dock-cc-v2-fullscreen-transition/build/FinalHoldReleaseDD/Build/Products/Release/macos-dock-cc-v2.app/Contents/Resources (in target 'macos-dock-cc-v2' from project 'macos-dock-cc-v2')
    cd /Users/caye/Projects/macos-dock-cc-v2-fullscreen-transition
    /bin/mkdir -p /Users/caye/Projects/macos-dock-cc-v2-fullscreen-transition/build/FinalHoldReleaseDD/Build/Products/Release/macos-dock-cc-v2.app/Contents/Resources

MkDir /Users/caye/Projects/macos-dock-cc-v2-fullscreen-transition/build/FinalHoldReleaseDD/Build/Products/Release/macos-dock-cc-v2.app/Contents/MacOS (in target 'macos-dock-cc-v2' from project 'macos-dock-cc-v2')
    cd /Users/caye/Projects/macos-dock-cc-v2-fullscreen-transition
    /bin/mkdir -p /Users/caye/Projects/macos-dock-cc-v2-fullscreen-transition/build/FinalHoldReleaseDD/Build/Products/Release/macos-dock-cc-v2.app/Contents/MacOS

MkDir /Users/caye/Projects/macos-dock-cc-v2-fullscreen-transition/build/FinalHoldReleaseDD/Build/Products/Release/macos-dock-cc-v2.app/Contents (in target 'macos-dock-cc-v2' from project 'macos-dock-cc-v2')
    cd /Users/caye/Projects/macos-dock-cc-v2-fullscreen-transition
    /bin/mkdir -p /Users/caye/Projects/macos-dock-cc-v2-fullscreen-transition/build/FinalHoldReleaseDD/Build/Products/Release/macos-dock-cc-v2.app/Contents

MkDir /Users/caye/Projects/macos-dock-cc-v2-fullscreen-transition/build/FinalHoldReleaseDD/Build/Products/Release/macos-dock-cc-v2.app (in target 'macos-dock-cc-v2' from project 'macos-dock-cc-v2')
    cd /Users/caye/Projects/macos-dock-cc-v2-fullscreen-transition
    /bin/mkdir -p /Users/caye/Projects/macos-dock-cc-v2-fullscreen-transition/build/FinalHoldReleaseDD/Build/Products/Release/macos-dock-cc-v2.app

ProcessProductPackaging "" /Users/caye/Projects/macos-dock-cc-v2-fullscreen-transition/build/FinalHoldReleaseDD/Build/Intermediates.noindex/macos-dock-cc-v2.build/Release/macos-dock-cc-v2.build/macos-dock-cc-v2.app.xcent (in target 'macos-dock-cc-v2' from project 'macos-dock-cc-v2')
    cd /Users/caye/Projects/macos-dock-cc-v2-fullscreen-transition
    
    Entitlements:
    
    {
    "com.apple.security.get-task-allow" = 1;
}
    
    builtin-productPackagingUtility -entitlements -format xml -o /Users/caye/Projects/macos-dock-cc-v2-fullscreen-transition/build/FinalHoldReleaseDD/Build/Intermediates.noindex/macos-dock-cc-v2.build/Release/macos-dock-cc-v2.build/macos-dock-cc-v2.app.xcent

ProcessProductPackagingDER /Users/caye/Projects/macos-dock-cc-v2-fullscreen-transition/build/FinalHoldReleaseDD/Build/Intermediates.noindex/macos-dock-cc-v2.build/Release/macos-dock-cc-v2.build/macos-dock-cc-v2.app.xcent /Users/caye/Projects/macos-dock-cc-v2-fullscreen-transition/build/FinalHoldReleaseDD/Build/Intermediates.noindex/macos-dock-cc-v2.build/Release/macos-dock-cc-v2.build/macos-dock-cc-v2.app.xcent.der (in target 'macos-dock-cc-v2' from project 'macos-dock-cc-v2')
    cd /Users/caye/Projects/macos-dock-cc-v2-fullscreen-transition
    /usr/bin/derq query -f xml -i /Users/caye/Projects/macos-dock-cc-v2-fullscreen-transition/build/FinalHoldReleaseDD/Build/Intermediates.noindex/macos-dock-cc-v2.build/Release/macos-dock-cc-v2.build/macos-dock-cc-v2.app.xcent -o /Users/caye/Projects/macos-dock-cc-v2-fullscreen-transition/build/FinalHoldReleaseDD/Build/Intermediates.noindex/macos-dock-cc-v2.build/Release/macos-dock-cc-v2.build/macos-dock-cc-v2.app.xcent.der --raw

GenerateAssetSymbols /Users/caye/Projects/macos-dock-cc-v2-fullscreen-transition/Resources/Assets.xcassets (in target 'macos-dock-cc-v2' from project 'macos-dock-cc-v2')
    cd /Users/caye/Projects/macos-dock-cc-v2-fullscreen-transition
    /Applications/Xcode.app/Contents/Developer/usr/bin/actool /Users/caye/Projects/macos-dock-cc-v2-fullscreen-transition/Resources/Assets.xcassets --compile /Users/caye/Projects/macos-dock-cc-v2-fullscreen-transition/build/FinalHoldReleaseDD/Build/Products/Release/macos-dock-cc-v2.app/Contents/Resources --output-format human-readable-text --notices --warnings --export-dependency-info /Users/caye/Projects/macos-dock-cc-v2-fullscreen-transition/build/FinalHoldReleaseDD/Build/Intermediates.noindex/macos-dock-cc-v2.build/Release/macos-dock-cc-v2.build/assetcatalog_dependencies --output-partial-info-plist /Users/caye/Projects/macos-dock-cc-v2-fullscreen-transition/build/FinalHoldReleaseDD/Build/Intermediates.noindex/macos-dock-cc-v2.build/Release/macos-dock-cc-v2.build/assetcatalog_generated_info.plist --app-icon AppIcon --enable-on-demand-resources NO --development-region en --target-device mac --minimum-deployment-target 12.0 --platform macosx --bundle-identifier com.caye.macosdockcc.v2 --generate-swift-asset-symbol-extensions NO --generate-swift-asset-symbols /Users/caye/Projects/macos-dock-cc-v2-fullscreen-transition/build/FinalHoldReleaseDD/Build/Intermediates.noindex/macos-dock-cc-v2.build/Release/macos-dock-cc-v2.build/DerivedSources/GeneratedAssetSymbols.swift --generate-objc-asset-symbols /Users/caye/Projects/macos-dock-cc-v2-fullscreen-transition/build/FinalHoldReleaseDD/Build/Intermediates.noindex/macos-dock-cc-v2.build/Release/macos-dock-cc-v2.build/DerivedSources/GeneratedAssetSymbols.h --generate-asset-symbol-index /Users/caye/Projects/macos-dock-cc-v2-fullscreen-transition/build/FinalHoldReleaseDD/Build/Intermediates.noindex/macos-dock-cc-v2.build/Release/macos-dock-cc-v2.build/DerivedSources/GeneratedAssetSymbols-Index.plist
/* com.apple.actool.compilation-results */
/Users/caye/Projects/macos-dock-cc-v2-fullscreen-transition/build/FinalHoldReleaseDD/Build/Intermediates.noindex/macos-dock-cc-v2.build/Release/macos-dock-cc-v2.build/DerivedSources/GeneratedAssetSymbols-Index.plist
/Users/caye/Projects/macos-dock-cc-v2-fullscreen-transition/build/FinalHoldReleaseDD/Build/Intermediates.noindex/macos-dock-cc-v2.build/Release/macos-dock-cc-v2.build/DerivedSources/GeneratedAssetSymbols.h
/Users/caye/Projects/macos-dock-cc-v2-fullscreen-transition/build/FinalHoldReleaseDD/Build/Intermediates.noindex/macos-dock-cc-v2.build/Release/macos-dock-cc-v2.build/DerivedSources/GeneratedAssetSymbols.swift


MkDir /Users/caye/Projects/macos-dock-cc-v2-fullscreen-transition/build/FinalHoldReleaseDD/Build/Intermediates.noindex/macos-dock-cc-v2.build/Release/macos-dock-cc-v2.build/assetcatalog_output/thinned (in target 'macos-dock-cc-v2' from project 'macos-dock-cc-v2')
    cd /Users/caye/Projects/macos-dock-cc-v2-fullscreen-transition
    /bin/mkdir -p /Users/caye/Projects/macos-dock-cc-v2-fullscreen-transition/build/FinalHoldReleaseDD/Build/Intermediates.noindex/macos-dock-cc-v2.build/Release/macos-dock-cc-v2.build/assetcatalog_output/thinned

MkDir /Users/caye/Projects/macos-dock-cc-v2-fullscreen-transition/build/FinalHoldReleaseDD/Build/Intermediates.noindex/macos-dock-cc-v2.build/Release/macos-dock-cc-v2.build/assetcatalog_output/unthinned (in target 'macos-dock-cc-v2' from project 'macos-dock-cc-v2')
    cd /Users/caye/Projects/macos-dock-cc-v2-fullscreen-transition
    /bin/mkdir -p /Users/caye/Projects/macos-dock-cc-v2-fullscreen-transition/build/FinalHoldReleaseDD/Build/Intermediates.noindex/macos-dock-cc-v2.build/Release/macos-dock-cc-v2.build/assetcatalog_output/unthinned

CompileAssetCatalogVariant thinned /Users/caye/Projects/macos-dock-cc-v2-fullscreen-transition/build/FinalHoldReleaseDD/Build/Products/Release/macos-dock-cc-v2.app/Contents/Resources /Users/caye/Projects/macos-dock-cc-v2-fullscreen-transition/Resources/Assets.xcassets (in target 'macos-dock-cc-v2' from project 'macos-dock-cc-v2')
    cd /Users/caye/Projects/macos-dock-cc-v2-fullscreen-transition
    /Applications/Xcode.app/Contents/Developer/usr/bin/actool /Users/caye/Projects/macos-dock-cc-v2-fullscreen-transition/Resources/Assets.xcassets --compile /Users/caye/Projects/macos-dock-cc-v2-fullscreen-transition/build/FinalHoldReleaseDD/Build/Intermediates.noindex/macos-dock-cc-v2.build/Release/macos-dock-cc-v2.build/assetcatalog_output/thinned --output-format human-readable-text --notices --warnings --export-dependency-info /Users/caye/Projects/macos-dock-cc-v2-fullscreen-transition/build/FinalHoldReleaseDD/Build/Intermediates.noindex/macos-dock-cc-v2.build/Release/macos-dock-cc-v2.build/assetcatalog_dependencies_thinned --output-partial-info-plist /Users/caye/Projects/macos-dock-cc-v2-fullscreen-transition/build/FinalHoldReleaseDD/Build/Intermediates.noindex/macos-dock-cc-v2.build/Release/macos-dock-cc-v2.build/assetcatalog_generated_info.plist_thinned --app-icon AppIcon --enable-on-demand-resources NO --development-region en --target-device mac --minimum-deployment-target 12.0 --platform macosx
/* com.apple.actool.compilation-results */
/Users/caye/Projects/macos-dock-cc-v2-fullscreen-transition/build/FinalHoldReleaseDD/Build/Intermediates.noindex/macos-dock-cc-v2.build/Release/macos-dock-cc-v2.build/assetcatalog_generated_info.plist_thinned
/Users/caye/Projects/macos-dock-cc-v2-fullscreen-transition/build/FinalHoldReleaseDD/Build/Intermediates.noindex/macos-dock-cc-v2.build/Release/macos-dock-cc-v2.build/assetcatalog_output/thinned/AppIcon.icns
/Users/caye/Projects/macos-dock-cc-v2-fullscreen-transition/build/FinalHoldReleaseDD/Build/Intermediates.noindex/macos-dock-cc-v2.build/Release/macos-dock-cc-v2.build/assetcatalog_output/thinned/Assets.car


LinkAssetCatalog /Users/caye/Projects/macos-dock-cc-v2-fullscreen-transition/Resources/Assets.xcassets (in target 'macos-dock-cc-v2' from project 'macos-dock-cc-v2')
    cd /Users/caye/Projects/macos-dock-cc-v2-fullscreen-transition
    builtin-linkAssetCatalog --thinned /Users/caye/Projects/macos-dock-cc-v2-fullscreen-transition/build/FinalHoldReleaseDD/Build/Intermediates.noindex/macos-dock-cc-v2.build/Release/macos-dock-cc-v2.build/assetcatalog_output/thinned --thinned-dependencies /Users/caye/Projects/macos-dock-cc-v2-fullscreen-transition/build/FinalHoldReleaseDD/Build/Intermediates.noindex/macos-dock-cc-v2.build/Release/macos-dock-cc-v2.build/assetcatalog_dependencies_thinned --thinned-info-plist-content /Users/caye/Projects/macos-dock-cc-v2-fullscreen-transition/build/FinalHoldReleaseDD/Build/Intermediates.noindex/macos-dock-cc-v2.build/Release/macos-dock-cc-v2.build/assetcatalog_generated_info.plist_thinned --unthinned /Users/caye/Projects/macos-dock-cc-v2-fullscreen-transition/build/FinalHoldReleaseDD/Build/Intermediates.noindex/macos-dock-cc-v2.build/Release/macos-dock-cc-v2.build/assetcatalog_output/unthinned --unthinned-dependencies /Users/caye/Projects/macos-dock-cc-v2-fullscreen-transition/build/FinalHoldReleaseDD/Build/Intermediates.noindex/macos-dock-cc-v2.build/Release/macos-dock-cc-v2.build/assetcatalog_dependencies_unthinned --unthinned-info-plist-content /Users/caye/Projects/macos-dock-cc-v2-fullscreen-transition/build/FinalHoldReleaseDD/Build/Intermediates.noindex/macos-dock-cc-v2.build/Release/macos-dock-cc-v2.build/assetcatalog_generated_info.plist_unthinned --output /Users/caye/Projects/macos-dock-cc-v2-fullscreen-transition/build/FinalHoldReleaseDD/Build/Products/Release/macos-dock-cc-v2.app/Contents/Resources --plist-output /Users/caye/Projects/macos-dock-cc-v2-fullscreen-transition/build/FinalHoldReleaseDD/Build/Intermediates.noindex/macos-dock-cc-v2.build/Release/macos-dock-cc-v2.build/assetcatalog_generated_info.plist
note: Emplaced /Users/caye/Projects/macos-dock-cc-v2-fullscreen-transition/build/FinalHoldReleaseDD/Build/Products/Release/macos-dock-cc-v2.app/Contents/Resources/Assets.car (in target 'macos-dock-cc-v2' from project 'macos-dock-cc-v2')
note: Emplaced /Users/caye/Projects/macos-dock-cc-v2-fullscreen-transition/build/FinalHoldReleaseDD/Build/Products/Release/macos-dock-cc-v2.app/Contents/Resources/AppIcon.icns (in target 'macos-dock-cc-v2' from project 'macos-dock-cc-v2')

ProcessInfoPlistFile /Users/caye/Projects/macos-dock-cc-v2-fullscreen-transition/build/FinalHoldReleaseDD/Build/Products/Release/macos-dock-cc-v2.app/Contents/Info.plist /Users/caye/Projects/macos-dock-cc-v2-fullscreen-transition/Resources/Info.plist (in target 'macos-dock-cc-v2' from project 'macos-dock-cc-v2')
    cd /Users/caye/Projects/macos-dock-cc-v2-fullscreen-transition
    builtin-infoPlistUtility /Users/caye/Projects/macos-dock-cc-v2-fullscreen-transition/Resources/Info.plist -producttype com.apple.product-type.application -genpkginfo /Users/caye/Projects/macos-dock-cc-v2-fullscreen-transition/build/FinalHoldReleaseDD/Build/Products/Release/macos-dock-cc-v2.app/Contents/PkgInfo -expandbuildsettings -platform macosx -additionalcontentfile /Users/caye/Projects/macos-dock-cc-v2-fullscreen-transition/build/FinalHoldReleaseDD/Build/Intermediates.noindex/macos-dock-cc-v2.build/Release/macos-dock-cc-v2.build/assetcatalog_generated_info.plist -o /Users/caye/Projects/macos-dock-cc-v2-fullscreen-transition/build/FinalHoldReleaseDD/Build/Products/Release/macos-dock-cc-v2.app/Contents/Info.plist

SwiftDriver macos-dock-cc-v2 normal arm64 com.apple.xcode.tools.swift.compiler (in target 'macos-dock-cc-v2' from project 'macos-dock-cc-v2')
    cd /Users/caye/Projects/macos-dock-cc-v2-fullscreen-transition
    builtin-SwiftDriver -- /Applications/Xcode.app/Contents/Developer/Toolchains/XcodeDefault.xctoolchain/usr/bin/swiftc -module-name macos_dock_cc_v2 -O -whole-module-optimization @/Users/caye/Projects/macos-dock-cc-v2-fullscreen-transition/build/FinalHoldReleaseDD/Build/Intermediates.noindex/macos-dock-cc-v2.build/Release/macos-dock-cc-v2.build/Objects-normal/arm64/macos-dock-cc-v2.SwiftFileList -enable-bare-slash-regex -enable-experimental-feature DebugDescriptionMacro -sdk /Applications/Xcode.app/Contents/Developer/Platforms/MacOSX.platform/Developer/SDKs/MacOSX26.5.sdk -target arm64-apple-macos12.0 -g -module-cache-path /Users/caye/Projects/macos-dock-cc-v2-fullscreen-transition/build/FinalHoldReleaseDD/ModuleCache.noindex -Xfrontend -serialize-debugging-options -profile-coverage-mapping -profile-generate -swift-version 5 -I /Users/caye/Projects/macos-dock-cc-v2-fullscreen-transition/build/FinalHoldReleaseDD/Build/Products/Release -F /Users/caye/Projects/macos-dock-cc-v2-fullscreen-transition/build/FinalHoldReleaseDD/Build/Products/Release -emit-localized-strings -emit-localized-strings-path /Users/caye/Projects/macos-dock-cc-v2-fullscreen-transition/build/FinalHoldReleaseDD/Build/Intermediates.noindex/macos-dock-cc-v2.build/Release/macos-dock-cc-v2.build/Objects-normal/arm64 -c -num-threads 15 -Xcc -ivfsstatcache -Xcc /Users/caye/Projects/macos-dock-cc-v2-fullscreen-transition/build/FinalHoldReleaseDD/SDKStatCaches.noindex/macosx26.5-25F70-e082c4a02f00227109f4ed75e425c832.sdkstatcache -output-file-map /Users/caye/Projects/macos-dock-cc-v2-fullscreen-transition/build/FinalHoldReleaseDD/Build/Intermediates.noindex/macos-dock-cc-v2.build/Release/macos-dock-cc-v2.build/Objects-normal/arm64/macos-dock-cc-v2-OutputFileMap.json -use-frontend-parseable-output -save-temps -no-color-diagnostics -explicit-module-build -module-cache-path /Users/caye/Projects/macos-dock-cc-v2-fullscreen-transition/build/FinalHoldReleaseDD/Build/Intermediates.noindex/SwiftExplicitPrecompiledModules -clang-scanner-module-cache-path /Users/caye/Projects/macos-dock-cc-v2-fullscreen-transition/build/FinalHoldReleaseDD/ModuleCache.noindex -sdk-module-cache-path /Users/caye/Projects/macos-dock-cc-v2-fullscreen-transition/build/FinalHoldReleaseDD/ModuleCache.noindex -serialize-diagnostics -emit-dependencies -emit-module -emit-module-path /Users/caye/Projects/macos-dock-cc-v2-fullscreen-transition/build/FinalHoldReleaseDD/Build/Intermediates.noindex/macos-dock-cc-v2.build/Release/macos-dock-cc-v2.build/Objects-normal/arm64/macos_dock_cc_v2.swiftmodule -validate-clang-modules-once -clang-build-session-file /Users/caye/Projects/macos-dock-cc-v2-fullscreen-transition/build/FinalHoldReleaseDD/ModuleCache.noindex/Session.modulevalidation -Xcc -I/Users/caye/Projects/macos-dock-cc-v2-fullscreen-transition/build/FinalHoldReleaseDD/Build/Intermediates.noindex/macos-dock-cc-v2.build/Release/macos-dock-cc-v2.build/swift-overrides.hmap -emit-const-values -Xfrontend -const-gather-protocols-file -Xfrontend /Users/caye/Projects/macos-dock-cc-v2-fullscreen-transition/build/FinalHoldReleaseDD/Build/Intermediates.noindex/macos-dock-cc-v2.build/Release/macos-dock-cc-v2.build/Objects-normal/arm64/macos-dock-cc-v2_const_extract_protocols.json -Xcc -iquote -Xcc /Users/caye/Projects/macos-dock-cc-v2-fullscreen-transition/build/FinalHoldReleaseDD/Build/Intermediates.noindex/macos-dock-cc-v2.build/Release/macos-dock-cc-v2.build/macos-dock-cc-v2-generated-files.hmap -Xcc -I/Users/caye/Projects/macos-dock-cc-v2-fullscreen-transition/build/FinalHoldReleaseDD/Build/Intermediates.noindex/macos-dock-cc-v2.build/Release/macos-dock-cc-v2.build/macos-dock-cc-v2-own-target-headers.hmap -Xcc -I/Users/caye/Projects/macos-dock-cc-v2-fullscreen-transition/build/FinalHoldReleaseDD/Build/Intermediates.noindex/macos-dock-cc-v2.build/Release/macos-dock-cc-v2.build/macos-dock-cc-v2-all-target-headers.hmap -Xcc -iquote -Xcc /Users/caye/Projects/macos-dock-cc-v2-fullscreen-transition/build/FinalHoldReleaseDD/Build/Intermediates.noindex/macos-dock-cc-v2.build/Release/macos-dock-cc-v2.build/macos-dock-cc-v2-project-headers.hmap -Xcc -I/Users/caye/Projects/macos-dock-cc-v2-fullscreen-transition/build/FinalHoldReleaseDD/Build/Products/Release/include -Xcc -I/Users/caye/Projects/macos-dock-cc-v2-fullscreen-transition/build/FinalHoldReleaseDD/Build/Intermediates.noindex/macos-dock-cc-v2.build/Release/macos-dock-cc-v2.build/DerivedSources-normal/arm64 -Xcc -I/Users/caye/Projects/macos-dock-cc-v2-fullscreen-transition/build/FinalHoldReleaseDD/Build/Intermediates.noindex/macos-dock-cc-v2.build/Release/macos-dock-cc-v2.build/DerivedSources/arm64 -Xcc -I/Users/caye/Projects/macos-dock-cc-v2-fullscreen-transition/build/FinalHoldReleaseDD/Build/Intermediates.noindex/macos-dock-cc-v2.build/Release/macos-dock-cc-v2.build/DerivedSources -emit-objc-header -emit-objc-header-path /Users/caye/Projects/macos-dock-cc-v2-fullscreen-transition/build/FinalHoldReleaseDD/Build/Intermediates.noindex/macos-dock-cc-v2.build/Release/macos-dock-cc-v2.build/Objects-normal/arm64/macos_dock_cc_v2-Swift.h -working-directory /Users/caye/Projects/macos-dock-cc-v2-fullscreen-transition -no-emit-module-separately-wmo

SwiftDriver macos-dock-cc-v2 normal x86_64 com.apple.xcode.tools.swift.compiler (in target 'macos-dock-cc-v2' from project 'macos-dock-cc-v2')
    cd /Users/caye/Projects/macos-dock-cc-v2-fullscreen-transition
    builtin-SwiftDriver -- /Applications/Xcode.app/Contents/Developer/Toolchains/XcodeDefault.xctoolchain/usr/bin/swiftc -module-name macos_dock_cc_v2 -O -whole-module-optimization @/Users/caye/Projects/macos-dock-cc-v2-fullscreen-transition/build/FinalHoldReleaseDD/Build/Intermediates.noindex/macos-dock-cc-v2.build/Release/macos-dock-cc-v2.build/Objects-normal/x86_64/macos-dock-cc-v2.SwiftFileList -enable-bare-slash-regex -enable-experimental-feature DebugDescriptionMacro -sdk /Applications/Xcode.app/Contents/Developer/Platforms/MacOSX.platform/Developer/SDKs/MacOSX26.5.sdk -target x86_64-apple-macos12.0 -g -module-cache-path /Users/caye/Projects/macos-dock-cc-v2-fullscreen-transition/build/FinalHoldReleaseDD/ModuleCache.noindex -Xfrontend -serialize-debugging-options -profile-coverage-mapping -profile-generate -swift-version 5 -I /Users/caye/Projects/macos-dock-cc-v2-fullscreen-transition/build/FinalHoldReleaseDD/Build/Products/Release -F /Users/caye/Projects/macos-dock-cc-v2-fullscreen-transition/build/FinalHoldReleaseDD/Build/Products/Release -emit-localized-strings -emit-localized-strings-path /Users/caye/Projects/macos-dock-cc-v2-fullscreen-transition/build/FinalHoldReleaseDD/Build/Intermediates.noindex/macos-dock-cc-v2.build/Release/macos-dock-cc-v2.build/Objects-normal/x86_64 -c -num-threads 15 -Xcc -ivfsstatcache -Xcc /Users/caye/Projects/macos-dock-cc-v2-fullscreen-transition/build/FinalHoldReleaseDD/SDKStatCaches.noindex/macosx26.5-25F70-e082c4a02f00227109f4ed75e425c832.sdkstatcache -output-file-map /Users/caye/Projects/macos-dock-cc-v2-fullscreen-transition/build/FinalHoldReleaseDD/Build/Intermediates.noindex/macos-dock-cc-v2.build/Release/macos-dock-cc-v2.build/Objects-normal/x86_64/macos-dock-cc-v2-OutputFileMap.json -use-frontend-parseable-output -save-temps -no-color-diagnostics -explicit-module-build -module-cache-path /Users/caye/Projects/macos-dock-cc-v2-fullscreen-transition/build/FinalHoldReleaseDD/Build/Intermediates.noindex/SwiftExplicitPrecompiledModules -clang-scanner-module-cache-path /Users/caye/Projects/macos-dock-cc-v2-fullscreen-transition/build/FinalHoldReleaseDD/ModuleCache.noindex -sdk-module-cache-path /Users/caye/Projects/macos-dock-cc-v2-fullscreen-transition/build/FinalHoldReleaseDD/ModuleCache.noindex -serialize-diagnostics -emit-dependencies -emit-module -emit-module-path /Users/caye/Projects/macos-dock-cc-v2-fullscreen-transition/build/FinalHoldReleaseDD/Build/Intermediates.noindex/macos-dock-cc-v2.build/Release/macos-dock-cc-v2.build/Objects-normal/x86_64/macos_dock_cc_v2.swiftmodule -validate-clang-modules-once -clang-build-session-file /Users/caye/Projects/macos-dock-cc-v2-fullscreen-transition/build/FinalHoldReleaseDD/ModuleCache.noindex/Session.modulevalidation -Xcc -I/Users/caye/Projects/macos-dock-cc-v2-fullscreen-transition/build/FinalHoldReleaseDD/Build/Intermediates.noindex/macos-dock-cc-v2.build/Release/macos-dock-cc-v2.build/swift-overrides.hmap -emit-const-values -Xfrontend -const-gather-protocols-file -Xfrontend /Users/caye/Projects/macos-dock-cc-v2-fullscreen-transition/build/FinalHoldReleaseDD/Build/Intermediates.noindex/macos-dock-cc-v2.build/Release/macos-dock-cc-v2.build/Objects-normal/x86_64/macos-dock-cc-v2_const_extract_protocols.json -Xcc -iquote -Xcc /Users/caye/Projects/macos-dock-cc-v2-fullscreen-transition/build/FinalHoldReleaseDD/Build/Intermediates.noindex/macos-dock-cc-v2.build/Release/macos-dock-cc-v2.build/macos-dock-cc-v2-generated-files.hmap -Xcc -I/Users/caye/Projects/macos-dock-cc-v2-fullscreen-transition/build/FinalHoldReleaseDD/Build/Intermediates.noindex/macos-dock-cc-v2.build/Release/macos-dock-cc-v2.build/macos-dock-cc-v2-own-target-headers.hmap -Xcc -I/Users/caye/Projects/macos-dock-cc-v2-fullscreen-transition/build/FinalHoldReleaseDD/Build/Intermediates.noindex/macos-dock-cc-v2.build/Release/macos-dock-cc-v2.build/macos-dock-cc-v2-all-target-headers.hmap -Xcc -iquote -Xcc /Users/caye/Projects/macos-dock-cc-v2-fullscreen-transition/build/FinalHoldReleaseDD/Build/Intermediates.noindex/macos-dock-cc-v2.build/Release/macos-dock-cc-v2.build/macos-dock-cc-v2-project-headers.hmap -Xcc -I/Users/caye/Projects/macos-dock-cc-v2-fullscreen-transition/build/FinalHoldReleaseDD/Build/Products/Release/include -Xcc -I/Users/caye/Projects/macos-dock-cc-v2-fullscreen-transition/build/FinalHoldReleaseDD/Build/Intermediates.noindex/macos-dock-cc-v2.build/Release/macos-dock-cc-v2.build/DerivedSources-normal/x86_64 -Xcc -I/Users/caye/Projects/macos-dock-cc-v2-fullscreen-transition/build/FinalHoldReleaseDD/Build/Intermediates.noindex/macos-dock-cc-v2.build/Release/macos-dock-cc-v2.build/DerivedSources/x86_64 -Xcc -I/Users/caye/Projects/macos-dock-cc-v2-fullscreen-transition/build/FinalHoldReleaseDD/Build/Intermediates.noindex/macos-dock-cc-v2.build/Release/macos-dock-cc-v2.build/DerivedSources -emit-objc-header -emit-objc-header-path /Users/caye/Projects/macos-dock-cc-v2-fullscreen-transition/build/FinalHoldReleaseDD/Build/Intermediates.noindex/macos-dock-cc-v2.build/Release/macos-dock-cc-v2.build/Objects-normal/x86_64/macos_dock_cc_v2-Swift.h -working-directory /Users/caye/Projects/macos-dock-cc-v2-fullscreen-transition -no-emit-module-separately-wmo

SwiftDriver\ Compilation macos-dock-cc-v2 normal x86_64 com.apple.xcode.tools.swift.compiler (in target 'macos-dock-cc-v2' from project 'macos-dock-cc-v2')
    cd /Users/caye/Projects/macos-dock-cc-v2-fullscreen-transition
    builtin-Swift-Compilation -- /Applications/Xcode.app/Contents/Developer/Toolchains/XcodeDefault.xctoolchain/usr/bin/swiftc -module-name macos_dock_cc_v2 -O -whole-module-optimization @/Users/caye/Projects/macos-dock-cc-v2-fullscreen-transition/build/FinalHoldReleaseDD/Build/Intermediates.noindex/macos-dock-cc-v2.build/Release/macos-dock-cc-v2.build/Objects-normal/x86_64/macos-dock-cc-v2.SwiftFileList -enable-bare-slash-regex -enable-experimental-feature DebugDescriptionMacro -sdk /Applications/Xcode.app/Contents/Developer/Platforms/MacOSX.platform/Developer/SDKs/MacOSX26.5.sdk -target x86_64-apple-macos12.0 -g -module-cache-path /Users/caye/Projects/macos-dock-cc-v2-fullscreen-transition/build/FinalHoldReleaseDD/ModuleCache.noindex -Xfrontend -serialize-debugging-options -profile-coverage-mapping -profile-generate -swift-version 5 -I /Users/caye/Projects/macos-dock-cc-v2-fullscreen-transition/build/FinalHoldReleaseDD/Build/Products/Release -F /Users/caye/Projects/macos-dock-cc-v2-fullscreen-transition/build/FinalHoldReleaseDD/Build/Products/Release -emit-localized-strings -emit-localized-strings-path /Users/caye/Projects/macos-dock-cc-v2-fullscreen-transition/build/FinalHoldReleaseDD/Build/Intermediates.noindex/macos-dock-cc-v2.build/Release/macos-dock-cc-v2.build/Objects-normal/x86_64 -c -num-threads 15 -Xcc -ivfsstatcache -Xcc /Users/caye/Projects/macos-dock-cc-v2-fullscreen-transition/build/FinalHoldReleaseDD/SDKStatCaches.noindex/macosx26.5-25F70-e082c4a02f00227109f4ed75e425c832.sdkstatcache -output-file-map /Users/caye/Projects/macos-dock-cc-v2-fullscreen-transition/build/FinalHoldReleaseDD/Build/Intermediates.noindex/macos-dock-cc-v2.build/Release/macos-dock-cc-v2.build/Objects-normal/x86_64/macos-dock-cc-v2-OutputFileMap.json -use-frontend-parseable-output -save-temps -no-color-diagnostics -explicit-module-build -module-cache-path /Users/caye/Projects/macos-dock-cc-v2-fullscreen-transition/build/FinalHoldReleaseDD/Build/Intermediates.noindex/SwiftExplicitPrecompiledModules -clang-scanner-module-cache-path /Users/caye/Projects/macos-dock-cc-v2-fullscreen-transition/build/FinalHoldReleaseDD/ModuleCache.noindex -sdk-module-cache-path /Users/caye/Projects/macos-dock-cc-v2-fullscreen-transition/build/FinalHoldReleaseDD/ModuleCache.noindex -serialize-diagnostics -emit-dependencies -emit-module -emit-module-path /Users/caye/Projects/macos-dock-cc-v2-fullscreen-transition/build/FinalHoldReleaseDD/Build/Intermediates.noindex/macos-dock-cc-v2.build/Release/macos-dock-cc-v2.build/Objects-normal/x86_64/macos_dock_cc_v2.swiftmodule -validate-clang-modules-once -clang-build-session-file /Users/caye/Projects/macos-dock-cc-v2-fullscreen-transition/build/FinalHoldReleaseDD/ModuleCache.noindex/Session.modulevalidation -Xcc -I/Users/caye/Projects/macos-dock-cc-v2-fullscreen-transition/build/FinalHoldReleaseDD/Build/Intermediates.noindex/macos-dock-cc-v2.build/Release/macos-dock-cc-v2.build/swift-overrides.hmap -emit-const-values -Xfrontend -const-gather-protocols-file -Xfrontend /Users/caye/Projects/macos-dock-cc-v2-fullscreen-transition/build/FinalHoldReleaseDD/Build/Intermediates.noindex/macos-dock-cc-v2.build/Release/macos-dock-cc-v2.build/Objects-normal/x86_64/macos-dock-cc-v2_const_extract_protocols.json -Xcc -iquote -Xcc /Users/caye/Projects/macos-dock-cc-v2-fullscreen-transition/build/FinalHoldReleaseDD/Build/Intermediates.noindex/macos-dock-cc-v2.build/Release/macos-dock-cc-v2.build/macos-dock-cc-v2-generated-files.hmap -Xcc -I/Users/caye/Projects/macos-dock-cc-v2-fullscreen-transition/build/FinalHoldReleaseDD/Build/Intermediates.noindex/macos-dock-cc-v2.build/Release/macos-dock-cc-v2.build/macos-dock-cc-v2-own-target-headers.hmap -Xcc -I/Users/caye/Projects/macos-dock-cc-v2-fullscreen-transition/build/FinalHoldReleaseDD/Build/Intermediates.noindex/macos-dock-cc-v2.build/Release/macos-dock-cc-v2.build/macos-dock-cc-v2-all-target-headers.hmap -Xcc -iquote -Xcc /Users/caye/Projects/macos-dock-cc-v2-fullscreen-transition/build/FinalHoldReleaseDD/Build/Intermediates.noindex/macos-dock-cc-v2.build/Release/macos-dock-cc-v2.build/macos-dock-cc-v2-project-headers.hmap -Xcc -I/Users/caye/Projects/macos-dock-cc-v2-fullscreen-transition/build/FinalHoldReleaseDD/Build/Products/Release/include -Xcc -I/Users/caye/Projects/macos-dock-cc-v2-fullscreen-transition/build/FinalHoldReleaseDD/Build/Intermediates.noindex/macos-dock-cc-v2.build/Release/macos-dock-cc-v2.build/DerivedSources-normal/x86_64 -Xcc -I/Users/caye/Projects/macos-dock-cc-v2-fullscreen-transition/build/FinalHoldReleaseDD/Build/Intermediates.noindex/macos-dock-cc-v2.build/Release/macos-dock-cc-v2.build/DerivedSources/x86_64 -Xcc -I/Users/caye/Projects/macos-dock-cc-v2-fullscreen-transition/build/FinalHoldReleaseDD/Build/Intermediates.noindex/macos-dock-cc-v2.build/Release/macos-dock-cc-v2.build/DerivedSources -emit-objc-header -emit-objc-header-path /Users/caye/Projects/macos-dock-cc-v2-fullscreen-transition/build/FinalHoldReleaseDD/Build/Intermediates.noindex/macos-dock-cc-v2.build/Release/macos-dock-cc-v2.build/Objects-normal/x86_64/macos_dock_cc_v2-Swift.h -working-directory /Users/caye/Projects/macos-dock-cc-v2-fullscreen-transition -no-emit-module-separately-wmo

SwiftExplicitDependencyGeneratePcm x86_64 /Users/caye/Projects/macos-dock-cc-v2-fullscreen-transition/build/FinalHoldReleaseDD/ModuleCache.noindex/_AvailabilityInternal-6AWIE596R40A02EDCQL59WJ8M.pcm

SwiftExplicitDependencyGeneratePcm x86_64 /Users/caye/Projects/macos-dock-cc-v2-fullscreen-transition/build/FinalHoldReleaseDD/ModuleCache.noindex/SwiftShims-1E74ST0WAIYZBGZK8JJPZ9GQM.pcm

SwiftExplicitDependencyGeneratePcm x86_64 /Users/caye/Projects/macos-dock-cc-v2-fullscreen-transition/build/FinalHoldReleaseDD/ModuleCache.noindex/ptrcheck-7VMB39HZSXD3B3D14Z3NAX3E6.pcm

SwiftExplicitDependencyGeneratePcm x86_64 /Users/caye/Projects/macos-dock-cc-v2-fullscreen-transition/build/FinalHoldReleaseDD/ModuleCache.noindex/_Builtin_stdarg-BP7HXLZC8O7654WKIV2O6UJ71.pcm

SwiftExplicitDependencyGeneratePcm x86_64 /Users/caye/Projects/macos-dock-cc-v2-fullscreen-transition/build/FinalHoldReleaseDD/ModuleCache.noindex/_SwiftConcurrencyShims-6EB5DZN984757WY3XTPL1LCBG.pcm

SwiftExplicitDependencyGeneratePcm x86_64 /Users/caye/Projects/macos-dock-cc-v2-fullscreen-transition/build/FinalHoldReleaseDD/ModuleCache.noindex/ptrauth-2I8HZ916KRRJX7G58MK3GQT3T.pcm

SwiftExplicitDependencyGeneratePcm x86_64 /Users/caye/Projects/macos-dock-cc-v2-fullscreen-transition/build/FinalHoldReleaseDD/ModuleCache.noindex/_Builtin_stdbool-CPW9OS9I4NXBQSN8QHL7TYH89.pcm

SwiftExplicitDependencyGeneratePcm x86_64 /Users/caye/Projects/macos-dock-cc-v2-fullscreen-transition/build/FinalHoldReleaseDD/ModuleCache.noindex/DeveloperToolsSupport-D3LULZUWZCRNHEMKOL9OZO78U.pcm

SwiftExplicitDependencyGeneratePcm x86_64 /Users/caye/Projects/macos-dock-cc-v2-fullscreen-transition/build/FinalHoldReleaseDD/ModuleCache.noindex/_Builtin_float-Q8N55E4AJEZMH62GSIOE3ZL0.pcm

SwiftExplicitDependencyGeneratePcm x86_64 /Users/caye/Projects/macos-dock-cc-v2-fullscreen-transition/build/FinalHoldReleaseDD/ModuleCache.noindex/_Builtin_stddef-D23YUTMYF3YARJXFSKLPVK6H7.pcm

SwiftDriver\ Compilation macos-dock-cc-v2 normal arm64 com.apple.xcode.tools.swift.compiler (in target 'macos-dock-cc-v2' from project 'macos-dock-cc-v2')
    cd /Users/caye/Projects/macos-dock-cc-v2-fullscreen-transition
    builtin-Swift-Compilation -- /Applications/Xcode.app/Contents/Developer/Toolchains/XcodeDefault.xctoolchain/usr/bin/swiftc -module-name macos_dock_cc_v2 -O -whole-module-optimization @/Users/caye/Projects/macos-dock-cc-v2-fullscreen-transition/build/FinalHoldReleaseDD/Build/Intermediates.noindex/macos-dock-cc-v2.build/Release/macos-dock-cc-v2.build/Objects-normal/arm64/macos-dock-cc-v2.SwiftFileList -enable-bare-slash-regex -enable-experimental-feature DebugDescriptionMacro -sdk /Applications/Xcode.app/Contents/Developer/Platforms/MacOSX.platform/Developer/SDKs/MacOSX26.5.sdk -target arm64-apple-macos12.0 -g -module-cache-path /Users/caye/Projects/macos-dock-cc-v2-fullscreen-transition/build/FinalHoldReleaseDD/ModuleCache.noindex -Xfrontend -serialize-debugging-options -profile-coverage-mapping -profile-generate -swift-version 5 -I /Users/caye/Projects/macos-dock-cc-v2-fullscreen-transition/build/FinalHoldReleaseDD/Build/Products/Release -F /Users/caye/Projects/macos-dock-cc-v2-fullscreen-transition/build/FinalHoldReleaseDD/Build/Products/Release -emit-localized-strings -emit-localized-strings-path /Users/caye/Projects/macos-dock-cc-v2-fullscreen-transition/build/FinalHoldReleaseDD/Build/Intermediates.noindex/macos-dock-cc-v2.build/Release/macos-dock-cc-v2.build/Objects-normal/arm64 -c -num-threads 15 -Xcc -ivfsstatcache -Xcc /Users/caye/Projects/macos-dock-cc-v2-fullscreen-transition/build/FinalHoldReleaseDD/SDKStatCaches.noindex/macosx26.5-25F70-e082c4a02f00227109f4ed75e425c832.sdkstatcache -output-file-map /Users/caye/Projects/macos-dock-cc-v2-fullscreen-transition/build/FinalHoldReleaseDD/Build/Intermediates.noindex/macos-dock-cc-v2.build/Release/macos-dock-cc-v2.build/Objects-normal/arm64/macos-dock-cc-v2-OutputFileMap.json -use-frontend-parseable-output -save-temps -no-color-diagnostics -explicit-module-build -module-cache-path /Users/caye/Projects/macos-dock-cc-v2-fullscreen-transition/build/FinalHoldReleaseDD/Build/Intermediates.noindex/SwiftExplicitPrecompiledModules -clang-scanner-module-cache-path /Users/caye/Projects/macos-dock-cc-v2-fullscreen-transition/build/FinalHoldReleaseDD/ModuleCache.noindex -sdk-module-cache-path /Users/caye/Projects/macos-dock-cc-v2-fullscreen-transition/build/FinalHoldReleaseDD/ModuleCache.noindex -serialize-diagnostics -emit-dependencies -emit-module -emit-module-path /Users/caye/Projects/macos-dock-cc-v2-fullscreen-transition/build/FinalHoldReleaseDD/Build/Intermediates.noindex/macos-dock-cc-v2.build/Release/macos-dock-cc-v2.build/Objects-normal/arm64/macos_dock_cc_v2.swiftmodule -validate-clang-modules-once -clang-build-session-file /Users/caye/Projects/macos-dock-cc-v2-fullscreen-transition/build/FinalHoldReleaseDD/ModuleCache.noindex/Session.modulevalidation -Xcc -I/Users/caye/Projects/macos-dock-cc-v2-fullscreen-transition/build/FinalHoldReleaseDD/Build/Intermediates.noindex/macos-dock-cc-v2.build/Release/macos-dock-cc-v2.build/swift-overrides.hmap -emit-const-values -Xfrontend -const-gather-protocols-file -Xfrontend /Users/caye/Projects/macos-dock-cc-v2-fullscreen-transition/build/FinalHoldReleaseDD/Build/Intermediates.noindex/macos-dock-cc-v2.build/Release/macos-dock-cc-v2.build/Objects-normal/arm64/macos-dock-cc-v2_const_extract_protocols.json -Xcc -iquote -Xcc /Users/caye/Projects/macos-dock-cc-v2-fullscreen-transition/build/FinalHoldReleaseDD/Build/Intermediates.noindex/macos-dock-cc-v2.build/Release/macos-dock-cc-v2.build/macos-dock-cc-v2-generated-files.hmap -Xcc -I/Users/caye/Projects/macos-dock-cc-v2-fullscreen-transition/build/FinalHoldReleaseDD/Build/Intermediates.noindex/macos-dock-cc-v2.build/Release/macos-dock-cc-v2.build/macos-dock-cc-v2-own-target-headers.hmap -Xcc -I/Users/caye/Projects/macos-dock-cc-v2-fullscreen-transition/build/FinalHoldReleaseDD/Build/Intermediates.noindex/macos-dock-cc-v2.build/Release/macos-dock-cc-v2.build/macos-dock-cc-v2-all-target-headers.hmap -Xcc -iquote -Xcc /Users/caye/Projects/macos-dock-cc-v2-fullscreen-transition/build/FinalHoldReleaseDD/Build/Intermediates.noindex/macos-dock-cc-v2.build/Release/macos-dock-cc-v2.build/macos-dock-cc-v2-project-headers.hmap -Xcc -I/Users/caye/Projects/macos-dock-cc-v2-fullscreen-transition/build/FinalHoldReleaseDD/Build/Products/Release/include -Xcc -I/Users/caye/Projects/macos-dock-cc-v2-fullscreen-transition/build/FinalHoldReleaseDD/Build/Intermediates.noindex/macos-dock-cc-v2.build/Release/macos-dock-cc-v2.build/DerivedSources-normal/arm64 -Xcc -I/Users/caye/Projects/macos-dock-cc-v2-fullscreen-transition/build/FinalHoldReleaseDD/Build/Intermediates.noindex/macos-dock-cc-v2.build/Release/macos-dock-cc-v2.build/DerivedSources/arm64 -Xcc -I/Users/caye/Projects/macos-dock-cc-v2-fullscreen-transition/build/FinalHoldReleaseDD/Build/Intermediates.noindex/macos-dock-cc-v2.build/Release/macos-dock-cc-v2.build/DerivedSources -emit-objc-header -emit-objc-header-path /Users/caye/Projects/macos-dock-cc-v2-fullscreen-transition/build/FinalHoldReleaseDD/Build/Intermediates.noindex/macos-dock-cc-v2.build/Release/macos-dock-cc-v2.build/Objects-normal/arm64/macos_dock_cc_v2-Swift.h -working-directory /Users/caye/Projects/macos-dock-cc-v2-fullscreen-transition -no-emit-module-separately-wmo

SwiftExplicitDependencyGeneratePcm arm64 /Users/caye/Projects/macos-dock-cc-v2-fullscreen-transition/build/FinalHoldReleaseDD/ModuleCache.noindex/_SwiftConcurrencyShims-A727OT3N4H1DTGQI85CA22MFN.pcm

SwiftExplicitDependencyGeneratePcm arm64 /Users/caye/Projects/macos-dock-cc-v2-fullscreen-transition/build/FinalHoldReleaseDD/ModuleCache.noindex/ptrauth-A7ULT8X4NIR8A36V5N5YKVN54.pcm

SwiftExplicitDependencyGeneratePcm arm64 /Users/caye/Projects/macos-dock-cc-v2-fullscreen-transition/build/FinalHoldReleaseDD/ModuleCache.noindex/_Builtin_stdarg-6NUPEDNIPI4U9NWE2GAKPGZIT.pcm

SwiftExplicitDependencyGeneratePcm arm64 /Users/caye/Projects/macos-dock-cc-v2-fullscreen-transition/build/FinalHoldReleaseDD/ModuleCache.noindex/DeveloperToolsSupport-8KWB1IJIJ4R0CTA2VQ0QMK263.pcm

SwiftExplicitDependencyGeneratePcm arm64 /Users/caye/Projects/macos-dock-cc-v2-fullscreen-transition/build/FinalHoldReleaseDD/ModuleCache.noindex/_AvailabilityInternal-1FF1GZHR8DQIJKNB31PHITR9N.pcm

SwiftExplicitDependencyGeneratePcm arm64 /Users/caye/Projects/macos-dock-cc-v2-fullscreen-transition/build/FinalHoldReleaseDD/ModuleCache.noindex/ptrcheck-1LDKEGRGRW56LCUK7BEV932Z0.pcm

SwiftExplicitDependencyGeneratePcm arm64 /Users/caye/Projects/macos-dock-cc-v2-fullscreen-transition/build/FinalHoldReleaseDD/ModuleCache.noindex/_Builtin_stddef-A55A231XPGXP2VQ7U6061O701.pcm

SwiftExplicitDependencyGeneratePcm arm64 /Users/caye/Projects/macos-dock-cc-v2-fullscreen-transition/build/FinalHoldReleaseDD/ModuleCache.noindex/SwiftShims-6UXTJ075BY3HAB5OI7HHJPAVN.pcm

SwiftExplicitDependencyGeneratePcm arm64 /Users/caye/Projects/macos-dock-cc-v2-fullscreen-transition/build/FinalHoldReleaseDD/ModuleCache.noindex/_Builtin_stdbool-7PF21GESMQOS1YDBR0R50W78V.pcm

SwiftExplicitDependencyGeneratePcm arm64 /Users/caye/Projects/macos-dock-cc-v2-fullscreen-transition/build/FinalHoldReleaseDD/ModuleCache.noindex/_Builtin_float-SMPAM4K2EQ8J0M5SKD83USU7.pcm

SwiftExplicitDependencyGeneratePcm x86_64 /Users/caye/Projects/macos-dock-cc-v2-fullscreen-transition/build/FinalHoldReleaseDD/ModuleCache.noindex/_DarwinFoundation1-7VXI4C8PWY7OUV4HXYND8OMO6.pcm

SwiftExplicitDependencyGeneratePcm arm64 /Users/caye/Projects/macos-dock-cc-v2-fullscreen-transition/build/FinalHoldReleaseDD/ModuleCache.noindex/_DarwinFoundation1-7TMVXA6SRO9YMLQP1VGC00BNF.pcm

SwiftExplicitDependencyGeneratePcm x86_64 /Users/caye/Projects/macos-dock-cc-v2-fullscreen-transition/build/FinalHoldReleaseDD/ModuleCache.noindex/ExtensionFoundation-CPUNYTXSS7F35CX1G45XJHH8E.pcm

SwiftExplicitDependencyGeneratePcm x86_64 /Users/caye/Projects/macos-dock-cc-v2-fullscreen-transition/build/FinalHoldReleaseDD/ModuleCache.noindex/_Builtin_limits-DUSQ298T7OTT7KQM78NP7LO2F.pcm

SwiftExplicitDependencyGeneratePcm x86_64 /Users/caye/Projects/macos-dock-cc-v2-fullscreen-transition/build/FinalHoldReleaseDD/ModuleCache.noindex/_DarwinFoundation2-EN4ATWXDRV1519NZRL9Q2VNPF.pcm

SwiftExplicitDependencyGeneratePcm arm64 /Users/caye/Projects/macos-dock-cc-v2-fullscreen-transition/build/FinalHoldReleaseDD/ModuleCache.noindex/_DarwinFoundation2-A9PWGLOX3KB52MU64XLK4L4F1.pcm

SwiftExplicitDependencyGeneratePcm arm64 /Users/caye/Projects/macos-dock-cc-v2-fullscreen-transition/build/FinalHoldReleaseDD/ModuleCache.noindex/_Builtin_limits-6LIYTH7MT4VQYZL8YS6VATSBR.pcm

SwiftExplicitDependencyGeneratePcm arm64 /Users/caye/Projects/macos-dock-cc-v2-fullscreen-transition/build/FinalHoldReleaseDD/ModuleCache.noindex/ExtensionFoundation-D4C9QO12RT0U55DT7WUGRGH2E.pcm

SwiftExplicitDependencyGeneratePcm x86_64 /Users/caye/Projects/macos-dock-cc-v2-fullscreen-transition/build/FinalHoldReleaseDD/ModuleCache.noindex/sys_types-8MFHWX7JH3Z0I50PK9EPXCR8Q.pcm

SwiftExplicitDependencyGeneratePcm x86_64 /Users/caye/Projects/macos-dock-cc-v2-fullscreen-transition/build/FinalHoldReleaseDD/ModuleCache.noindex/_Builtin_stdint-A24PFS0D1KVNHM2TYZ7HLVDG.pcm

SwiftExplicitDependencyGeneratePcm x86_64 /Users/caye/Projects/macos-dock-cc-v2-fullscreen-transition/build/FinalHoldReleaseDD/ModuleCache.noindex/_Builtin_tgmath-AEMK2OCCF2QZM1CWF13EAU94L.pcm

SwiftExplicitDependencyGeneratePcm x86_64 /Users/caye/Projects/macos-dock-cc-v2-fullscreen-transition/build/FinalHoldReleaseDD/ModuleCache.noindex/OpenGL-A11DF17P3LH19ESD7AIPCRHT5.pcm

SwiftExplicitDependencyGeneratePcm x86_64 /Users/caye/Projects/macos-dock-cc-v2-fullscreen-transition/build/FinalHoldReleaseDD/ModuleCache.noindex/libDER-30U3UEWAD7NJDQVS9BCBEYQ57.pcm

SwiftExplicitDependencyGeneratePcm x86_64 /Users/caye/Projects/macos-dock-cc-v2-fullscreen-transition/build/FinalHoldReleaseDD/ModuleCache.noindex/_Builtin_stdatomic-7GTAYOY66AOIQL5W4VRFP4V85.pcm

SwiftExplicitDependencyGeneratePcm x86_64 /Users/caye/Projects/macos-dock-cc-v2-fullscreen-transition/build/FinalHoldReleaseDD/ModuleCache.noindex/_DarwinFoundation3-BMAD6Q88OPIMB281SP9VCJSB0.pcm

SwiftExplicitDependencyGeneratePcm arm64 /Users/caye/Projects/macos-dock-cc-v2-fullscreen-transition/build/FinalHoldReleaseDD/ModuleCache.noindex/sys_types-5RQ4BW6L67LCZR0S3UUGLSDOV.pcm

SwiftExplicitDependencyGeneratePcm arm64 /Users/caye/Projects/macos-dock-cc-v2-fullscreen-transition/build/FinalHoldReleaseDD/ModuleCache.noindex/_Builtin_stdint-BJ7YUFEIW0FACX8X046AD30PL.pcm

SwiftExplicitDependencyGeneratePcm arm64 /Users/caye/Projects/macos-dock-cc-v2-fullscreen-transition/build/FinalHoldReleaseDD/ModuleCache.noindex/_Builtin_tgmath-DA77131JJZ7QPJZW85GW95GW0.pcm

SwiftExplicitDependencyGeneratePcm arm64 /Users/caye/Projects/macos-dock-cc-v2-fullscreen-transition/build/FinalHoldReleaseDD/ModuleCache.noindex/libDER-1YOAFHBZ35GNW57A0APAUMI6Y.pcm

SwiftExplicitDependencyGeneratePcm arm64 /Users/caye/Projects/macos-dock-cc-v2-fullscreen-transition/build/FinalHoldReleaseDD/ModuleCache.noindex/OpenGL-77KSHFELBXCTZG78CL2ANJ1NQ.pcm

SwiftExplicitDependencyGeneratePcm arm64 /Users/caye/Projects/macos-dock-cc-v2-fullscreen-transition/build/FinalHoldReleaseDD/ModuleCache.noindex/_DarwinFoundation3-E1TVZERCMDZN617MTSXZDS6RN.pcm

SwiftExplicitDependencyGeneratePcm arm64 /Users/caye/Projects/macos-dock-cc-v2-fullscreen-transition/build/FinalHoldReleaseDD/ModuleCache.noindex/_Builtin_stdatomic-AA052PZVBL4BRTXQCJFNPLBWM.pcm

SwiftExplicitDependencyGeneratePcm arm64 /Users/caye/Projects/macos-dock-cc-v2-fullscreen-transition/build/FinalHoldReleaseDD/ModuleCache.noindex/_Builtin_intrinsics-310JXQAR7GXKNAX3Q9WFYDZ8R.pcm

SwiftExplicitDependencyGeneratePcm x86_64 /Users/caye/Projects/macos-dock-cc-v2-fullscreen-transition/build/FinalHoldReleaseDD/ModuleCache.noindex/_Builtin_inttypes-AJI6YUHVQOY6RFSTJY7KYQZMU.pcm

SwiftExplicitDependencyGeneratePcm x86_64 /Users/caye/Projects/macos-dock-cc-v2-fullscreen-transition/build/FinalHoldReleaseDD/ModuleCache.noindex/_Builtin_intrinsics-6H5RU4F5T7BF1P3O1P0R50N7B.pcm

SwiftExplicitDependencyGeneratePcm x86_64 /Users/caye/Projects/macos-dock-cc-v2-fullscreen-transition/build/FinalHoldReleaseDD/ModuleCache.noindex/Darwin-7JNVK77WVIDAJGLCPDVGIMAUR.pcm

SwiftExplicitDependencyGeneratePcm arm64 /Users/caye/Projects/macos-dock-cc-v2-fullscreen-transition/build/FinalHoldReleaseDD/ModuleCache.noindex/_Builtin_inttypes-B5ZU63GJKJASTMJMSKJZ61UVM.pcm

SwiftExplicitDependencyGeneratePcm arm64 /Users/caye/Projects/macos-dock-cc-v2-fullscreen-transition/build/FinalHoldReleaseDD/ModuleCache.noindex/Darwin-14U8FCTP2CVY3EEVXCBWYK96J.pcm

SwiftExplicitDependencyGeneratePcm arm64 /Users/caye/Projects/macos-dock-cc-v2-fullscreen-transition/build/FinalHoldReleaseDD/ModuleCache.noindex/simd-81SJZLVMXLK2YG4VZ6V59P3Z1.pcm

SwiftExplicitDependencyGeneratePcm x86_64 /Users/caye/Projects/macos-dock-cc-v2-fullscreen-transition/build/FinalHoldReleaseDD/ModuleCache.noindex/simd-5SZSCN9A3PXVM1YZWF76VY410.pcm

SwiftExplicitDependencyGeneratePcm x86_64 /Users/caye/Projects/macos-dock-cc-v2-fullscreen-transition/build/FinalHoldReleaseDD/ModuleCache.noindex/libkern-F402HJBYF7Y5FAUSSCVJ7I2UI.pcm

SwiftExplicitDependencyGeneratePcm x86_64 /Users/caye/Projects/macos-dock-cc-v2-fullscreen-transition/build/FinalHoldReleaseDD/ModuleCache.noindex/launch-3XTR63VTT2NW7C3ZTS0T5J8FJ.pcm

SwiftExplicitDependencyGeneratePcm x86_64 /Users/caye/Projects/macos-dock-cc-v2-fullscreen-transition/build/FinalHoldReleaseDD/ModuleCache.noindex/MachO-EWYL5WWMJ5UGCICYG9HY9NNO1.pcm

SwiftExplicitDependencyGeneratePcm x86_64 /Users/caye/Projects/macos-dock-cc-v2-fullscreen-transition/build/FinalHoldReleaseDD/ModuleCache.noindex/CUPS-BW2QSVONSFDGEQR39FPIFBR6L.pcm

SwiftExplicitDependencyGeneratePcm arm64 /Users/caye/Projects/macos-dock-cc-v2-fullscreen-transition/build/FinalHoldReleaseDD/ModuleCache.noindex/libkern-6ENFUIYVF54XVZIMSMT24HF5A.pcm

SwiftExplicitDependencyGeneratePcm arm64 /Users/caye/Projects/macos-dock-cc-v2-fullscreen-transition/build/FinalHoldReleaseDD/ModuleCache.noindex/MachO-AVCOWDLJLLUVVMKH4C555CM2J.pcm

SwiftExplicitDependencyGeneratePcm arm64 /Users/caye/Projects/macos-dock-cc-v2-fullscreen-transition/build/FinalHoldReleaseDD/ModuleCache.noindex/launch-1EE6A5FEICEUKIFLDL9ZTU1L7.pcm

SwiftExplicitDependencyGeneratePcm arm64 /Users/caye/Projects/macos-dock-cc-v2-fullscreen-transition/build/FinalHoldReleaseDD/ModuleCache.noindex/CUPS-4ID0U2I7TTG5A7YKQYXKGHV5G.pcm

SwiftExplicitDependencyGeneratePcm x86_64 /Users/caye/Projects/macos-dock-cc-v2-fullscreen-transition/build/FinalHoldReleaseDD/ModuleCache.noindex/ObjectiveC-BST73ODUNVU4D9VVKERBBVSCV.pcm

SwiftExplicitDependencyGeneratePcm arm64 /Users/caye/Projects/macos-dock-cc-v2-fullscreen-transition/build/FinalHoldReleaseDD/ModuleCache.noindex/Spatial-9KHZ2J9C3B4VEAHJ9FTF0D8TW.pcm

SwiftExplicitDependencyGeneratePcm arm64 /Users/caye/Projects/macos-dock-cc-v2-fullscreen-transition/build/FinalHoldReleaseDD/ModuleCache.noindex/ObjectiveC-782O951EEERK24PAUPALPPX6H.pcm

SwiftExplicitDependencyGeneratePcm x86_64 /Users/caye/Projects/macos-dock-cc-v2-fullscreen-transition/build/FinalHoldReleaseDD/ModuleCache.noindex/os_object-F5GOH1HIC9IIED093B6UWD349.pcm

SwiftExplicitDependencyGeneratePcm x86_64 /Users/caye/Projects/macos-dock-cc-v2-fullscreen-transition/build/FinalHoldReleaseDD/ModuleCache.noindex/os_workgroup-33HD8IYYECH975L8LTHPCC894.pcm

SwiftExplicitDependencyGeneratePcm arm64 /Users/caye/Projects/macos-dock-cc-v2-fullscreen-transition/build/FinalHoldReleaseDD/ModuleCache.noindex/os_object-BM6AU3J7F7KJ6FK8F8DSX69Y7.pcm

SwiftExplicitDependencyGeneratePcm x86_64 /Users/caye/Projects/macos-dock-cc-v2-fullscreen-transition/build/FinalHoldReleaseDD/ModuleCache.noindex/Dispatch-88VIKHDGQLLVRG1A05384AFTQ.pcm

SwiftExplicitDependencyGeneratePcm x86_64 /Users/caye/Projects/macos-dock-cc-v2-fullscreen-transition/build/FinalHoldReleaseDD/ModuleCache.noindex/Spatial-5HDZ65ERR5XXP86NJC7K1RY0P.pcm

SwiftExplicitDependencyGeneratePcm arm64 /Users/caye/Projects/macos-dock-cc-v2-fullscreen-transition/build/FinalHoldReleaseDD/ModuleCache.noindex/os_workgroup-9LEWFDFY8Z4UIQ9TB60J3EGOJ.pcm

SwiftExplicitDependencyGeneratePcm x86_64 /Users/caye/Projects/macos-dock-cc-v2-fullscreen-transition/build/FinalHoldReleaseDD/ModuleCache.noindex/XPC-DLS6V7W5FW902OSNNNP16ADOG.pcm

SwiftExplicitDependencyGeneratePcm x86_64 /Users/caye/Projects/macos-dock-cc-v2-fullscreen-transition/build/FinalHoldReleaseDD/ModuleCache.noindex/dnssd-60IAJ5RX0I37HERPDM9YRTJLT.pcm

SwiftExplicitDependencyGeneratePcm x86_64 /Users/caye/Projects/macos-dock-cc-v2-fullscreen-transition/build/FinalHoldReleaseDD/ModuleCache.noindex/CoreFoundation-6EAVL23K3UXCPQ5WFL4UG6A6O.pcm

SwiftExplicitDependencyGeneratePcm arm64 /Users/caye/Projects/macos-dock-cc-v2-fullscreen-transition/build/FinalHoldReleaseDD/ModuleCache.noindex/Dispatch-72U5OTV2BYU62XZFWLUFPQMZC.pcm

SwiftExplicitDependencyGeneratePcm x86_64 /Users/caye/Projects/macos-dock-cc-v2-fullscreen-transition/build/FinalHoldReleaseDD/ModuleCache.noindex/os-1VGJP8787FCEB887RAEZCYB3U.pcm

SwiftExplicitDependencyGeneratePcm arm64 /Users/caye/Projects/macos-dock-cc-v2-fullscreen-transition/build/FinalHoldReleaseDD/ModuleCache.noindex/dnssd-2DHIZ0BQ5XV3SH2GM18MD86BH.pcm

SwiftExplicitDependencyGeneratePcm arm64 /Users/caye/Projects/macos-dock-cc-v2-fullscreen-transition/build/FinalHoldReleaseDD/ModuleCache.noindex/XPC-6QGZ7Z2MTEK5LF2JJFHVIMAZW.pcm

SwiftExplicitDependencyGeneratePcm arm64 /Users/caye/Projects/macos-dock-cc-v2-fullscreen-transition/build/FinalHoldReleaseDD/ModuleCache.noindex/CoreFoundation-DK7PZT40JHOU4P0CHTPJF7QT8.pcm

SwiftExplicitDependencyGeneratePcm x86_64 /Users/caye/Projects/macos-dock-cc-v2-fullscreen-transition/build/FinalHoldReleaseDD/ModuleCache.noindex/Security-4B8B42MPF1D3O31IU6XSETRPG.pcm

SwiftExplicitDependencyGeneratePcm x86_64 /Users/caye/Projects/macos-dock-cc-v2-fullscreen-transition/build/FinalHoldReleaseDD/ModuleCache.noindex/ColorSync-6TEJQWTABS87NCO9X574I0LT6.pcm

SwiftExplicitDependencyGeneratePcm x86_64 /Users/caye/Projects/macos-dock-cc-v2-fullscreen-transition/build/FinalHoldReleaseDD/ModuleCache.noindex/CFNetwork-30XHJ8IE4N8KPLZBZYTW07455.pcm

SwiftExplicitDependencyGeneratePcm x86_64 /Users/caye/Projects/macos-dock-cc-v2-fullscreen-transition/build/FinalHoldReleaseDD/ModuleCache.noindex/IOKit-E06LI2BY3I8OFEUV9OH3TMKRC.pcm

SwiftExplicitDependencyGeneratePcm arm64 /Users/caye/Projects/macos-dock-cc-v2-fullscreen-transition/build/FinalHoldReleaseDD/ModuleCache.noindex/os-CJ58MI40YU5DT0F0TN1URHUDY.pcm

SwiftExplicitDependencyGeneratePcm arm64 /Users/caye/Projects/macos-dock-cc-v2-fullscreen-transition/build/FinalHoldReleaseDD/ModuleCache.noindex/ColorSync-DX2K2NOJE2UKO4TNATN30AV3I.pcm

SwiftExplicitDependencyGeneratePcm arm64 /Users/caye/Projects/macos-dock-cc-v2-fullscreen-transition/build/FinalHoldReleaseDD/ModuleCache.noindex/CFNetwork-3PBOYP3DJT69K60RUE4RCFIHX.pcm

SwiftExplicitDependencyGeneratePcm arm64 /Users/caye/Projects/macos-dock-cc-v2-fullscreen-transition/build/FinalHoldReleaseDD/ModuleCache.noindex/IOKit-BRORZHTY9SG9SQYQ75971N1VL.pcm

SwiftExplicitDependencyGeneratePcm arm64 /Users/caye/Projects/macos-dock-cc-v2-fullscreen-transition/build/FinalHoldReleaseDD/ModuleCache.noindex/Security-7MODPI2OU4KD3VN33IKLCPWVP.pcm

SwiftExplicitDependencyGeneratePcm x86_64 /Users/caye/Projects/macos-dock-cc-v2-fullscreen-transition/build/FinalHoldReleaseDD/ModuleCache.noindex/DiskArbitration-BOFUJKESH9HD2OKFDNYMO811G.pcm

SwiftExplicitDependencyGeneratePcm x86_64 /Users/caye/Projects/macos-dock-cc-v2-fullscreen-transition/build/FinalHoldReleaseDD/ModuleCache.noindex/CoreGraphics-EUF7G075DBVNB3D9AQQ7C82QP.pcm

SwiftExplicitDependencyGeneratePcm x86_64 /Users/caye/Projects/macos-dock-cc-v2-fullscreen-transition/build/FinalHoldReleaseDD/ModuleCache.noindex/CoreServices-DAXJRBNUT9HYZJ7FPKVYXT0K8.pcm

SwiftExplicitDependencyGeneratePcm arm64 /Users/caye/Projects/macos-dock-cc-v2-fullscreen-transition/build/FinalHoldReleaseDD/ModuleCache.noindex/DiskArbitration-8KQ1QX1D5UP4814MGYZY59XTY.pcm

SwiftExplicitDependencyGeneratePcm arm64 /Users/caye/Projects/macos-dock-cc-v2-fullscreen-transition/build/FinalHoldReleaseDD/ModuleCache.noindex/CoreGraphics-43C2FSKYC2N4DQENQRU94KQCP.pcm

SwiftExplicitDependencyGeneratePcm x86_64 /Users/caye/Projects/macos-dock-cc-v2-fullscreen-transition/build/FinalHoldReleaseDD/ModuleCache.noindex/CoreText-EUNRVMOYKJ8CGBDW5LE3DVTD8.pcm

SwiftExplicitDependencyGeneratePcm x86_64 /Users/caye/Projects/macos-dock-cc-v2-fullscreen-transition/build/FinalHoldReleaseDD/ModuleCache.noindex/ImageIO-1TDSYHHPIW0073LCZ3RBD1LN6.pcm

SwiftExplicitDependencyGeneratePcm arm64 /Users/caye/Projects/macos-dock-cc-v2-fullscreen-transition/build/FinalHoldReleaseDD/ModuleCache.noindex/CoreServices-4C362BICB42A7QLDVDBG27GH8.pcm

SwiftExplicitDependencyGeneratePcm arm64 /Users/caye/Projects/macos-dock-cc-v2-fullscreen-transition/build/FinalHoldReleaseDD/ModuleCache.noindex/CoreText-4NXD6KTYI3RFRTORNRNL1OYPH.pcm

SwiftExplicitDependencyGeneratePcm arm64 /Users/caye/Projects/macos-dock-cc-v2-fullscreen-transition/build/FinalHoldReleaseDD/ModuleCache.noindex/ImageIO-2YJ9H59MLHQ6AYR0HQJC77CYL.pcm

SwiftExplicitDependencyGeneratePcm x86_64 /Users/caye/Projects/macos-dock-cc-v2-fullscreen-transition/build/FinalHoldReleaseDD/ModuleCache.noindex/Foundation-BTQK3JU44008FWQR3NZZNVIP3.pcm

SwiftExplicitDependencyGeneratePcm arm64 /Users/caye/Projects/macos-dock-cc-v2-fullscreen-transition/build/FinalHoldReleaseDD/ModuleCache.noindex/Foundation-EIQMRBDDYLA9FN1DZWTO18GGT.pcm

SwiftExplicitDependencyGeneratePcm x86_64 /Users/caye/Projects/macos-dock-cc-v2-fullscreen-transition/build/FinalHoldReleaseDD/ModuleCache.noindex/Symbols-38GXOD3FAR4PZ2LBR4SD4MVBK.pcm

SwiftExplicitDependencyGeneratePcm x86_64 /Users/caye/Projects/macos-dock-cc-v2-fullscreen-transition/build/FinalHoldReleaseDD/ModuleCache.noindex/DataDetection-7T6WNEKWGVZ8GJGHPE4U2KKPA.pcm

SwiftExplicitDependencyGeneratePcm x86_64 /Users/caye/Projects/macos-dock-cc-v2-fullscreen-transition/build/FinalHoldReleaseDD/ModuleCache.noindex/Accessibility-7IOBZZ27CXMFGTEDY25F5Z4WV.pcm

SwiftExplicitDependencyGeneratePcm x86_64 /Users/caye/Projects/macos-dock-cc-v2-fullscreen-transition/build/FinalHoldReleaseDD/ModuleCache.noindex/UniformTypeIdentifiers-652K5QM4OX5ABRIL2NK0XNGOC.pcm

SwiftExplicitDependencyGeneratePcm x86_64 /Users/caye/Projects/macos-dock-cc-v2-fullscreen-transition/build/FinalHoldReleaseDD/ModuleCache.noindex/Network-6955533KVZBBH6FBKU563A714.pcm

SwiftExplicitDependencyGeneratePcm x86_64 /Users/caye/Projects/macos-dock-cc-v2-fullscreen-transition/build/FinalHoldReleaseDD/ModuleCache.noindex/ApplicationServices-2YZRWOHDKWTRZMAJM2L7SQTPW.pcm

SwiftExplicitDependencyGeneratePcm x86_64 /Users/caye/Projects/macos-dock-cc-v2-fullscreen-transition/build/FinalHoldReleaseDD/ModuleCache.noindex/CoreData-54TKEMVN9XXMS64W0J8R9RXO1.pcm

SwiftExplicitDependencyGeneratePcm x86_64 /Users/caye/Projects/macos-dock-cc-v2-fullscreen-transition/build/FinalHoldReleaseDD/ModuleCache.noindex/OSLog-BHMFXDB3E6OOZOC62ECLUL6CF.pcm

SwiftExplicitDependencyGeneratePcm x86_64 /Users/caye/Projects/macos-dock-cc-v2-fullscreen-transition/build/FinalHoldReleaseDD/ModuleCache.noindex/ServiceManagement-9JRAL5AD6GRSZC5DW8097RAOA.pcm

SwiftExplicitDependencyGeneratePcm x86_64 /Users/caye/Projects/macos-dock-cc-v2-fullscreen-transition/build/FinalHoldReleaseDD/ModuleCache.noindex/CoreTransferable-AECWUYP6KNQN16W3JOCVEFOBX.pcm

SwiftExplicitDependencyGeneratePcm x86_64 /Users/caye/Projects/macos-dock-cc-v2-fullscreen-transition/build/FinalHoldReleaseDD/ModuleCache.noindex/IOSurface-B5W7M95T1XFK0AT7SZ0J15SG0.pcm

SwiftExplicitDependencyGeneratePcm x86_64 /Users/caye/Projects/macos-dock-cc-v2-fullscreen-transition/build/FinalHoldReleaseDD/ModuleCache.noindex/QuickLookThumbnailing-70UDKOWK8QE7PQJPL0ARDSY4K.pcm

SwiftExplicitDependencyGeneratePcm x86_64 /Users/caye/Projects/macos-dock-cc-v2-fullscreen-transition/build/FinalHoldReleaseDD/ModuleCache.noindex/Metal-5E481HRU2EGP27Q46MJKTYT5T.pcm

SwiftExplicitDependencyGeneratePcm arm64 /Users/caye/Projects/macos-dock-cc-v2-fullscreen-transition/build/FinalHoldReleaseDD/ModuleCache.noindex/Network-54UI161KA9BEFWJBC2W94XLYO.pcm

SwiftExplicitDependencyGeneratePcm arm64 /Users/caye/Projects/macos-dock-cc-v2-fullscreen-transition/build/FinalHoldReleaseDD/ModuleCache.noindex/Symbols-NAD7XAJ6TYTF8HI50T4EKA1G.pcm

SwiftExplicitDependencyGeneratePcm arm64 /Users/caye/Projects/macos-dock-cc-v2-fullscreen-transition/build/FinalHoldReleaseDD/ModuleCache.noindex/ServiceManagement-8SNBYU9NRA77VYH7GTBL48PVZ.pcm

SwiftExplicitDependencyGeneratePcm arm64 /Users/caye/Projects/macos-dock-cc-v2-fullscreen-transition/build/FinalHoldReleaseDD/ModuleCache.noindex/UniformTypeIdentifiers-9XPVQYIR9MAI782SHNR51IH9.pcm

SwiftExplicitDependencyGeneratePcm arm64 /Users/caye/Projects/macos-dock-cc-v2-fullscreen-transition/build/FinalHoldReleaseDD/ModuleCache.noindex/CoreTransferable-4P7RLTDYZ9AEBM4EHX0V3EEB0.pcm

SwiftExplicitDependencyGeneratePcm arm64 /Users/caye/Projects/macos-dock-cc-v2-fullscreen-transition/build/FinalHoldReleaseDD/ModuleCache.noindex/IOSurface-5UICUXVOHI8Z3403BF0YFMWH5.pcm

SwiftExplicitDependencyGeneratePcm arm64 /Users/caye/Projects/macos-dock-cc-v2-fullscreen-transition/build/FinalHoldReleaseDD/ModuleCache.noindex/OSLog-C4SBTQ3OL0335Y7DCJHU0RMBK.pcm

SwiftExplicitDependencyGeneratePcm arm64 /Users/caye/Projects/macos-dock-cc-v2-fullscreen-transition/build/FinalHoldReleaseDD/ModuleCache.noindex/ApplicationServices-19NKPKHP2HWCTPOL27EJ2GA7F.pcm

SwiftExplicitDependencyGeneratePcm arm64 /Users/caye/Projects/macos-dock-cc-v2-fullscreen-transition/build/FinalHoldReleaseDD/ModuleCache.noindex/Accessibility-5QL271KKAXPO9ME3OQ6KQNAAO.pcm

SwiftExplicitDependencyGeneratePcm arm64 /Users/caye/Projects/macos-dock-cc-v2-fullscreen-transition/build/FinalHoldReleaseDD/ModuleCache.noindex/CoreData-CNRJ7G71PGZ3IPZLJO8EGH9QA.pcm

SwiftExplicitDependencyGeneratePcm arm64 /Users/caye/Projects/macos-dock-cc-v2-fullscreen-transition/build/FinalHoldReleaseDD/ModuleCache.noindex/DataDetection-6ZYPQN10TQNL9I4TG9IF3TX8W.pcm

SwiftExplicitDependencyGeneratePcm x86_64 /Users/caye/Projects/macos-dock-cc-v2-fullscreen-transition/build/FinalHoldReleaseDD/ModuleCache.noindex/Carbon-3P6FHN6Z5C52B79GNJG1UMO3O.pcm

SwiftExplicitDependencyGeneratePcm arm64 /Users/caye/Projects/macos-dock-cc-v2-fullscreen-transition/build/FinalHoldReleaseDD/ModuleCache.noindex/QuickLookThumbnailing-1QEUHY7EIYEDFXCNIFFHXCJZ4.pcm

SwiftExplicitDependencyGeneratePcm arm64 /Users/caye/Projects/macos-dock-cc-v2-fullscreen-transition/build/FinalHoldReleaseDD/ModuleCache.noindex/Metal-9TJJLBFBS16P2I8S78FJY8U01.pcm

SwiftExplicitDependencyGeneratePcm arm64 /Users/caye/Projects/macos-dock-cc-v2-fullscreen-transition/build/FinalHoldReleaseDD/ModuleCache.noindex/Carbon-EZ5EN0RRNA6UANAYP0GH8N2TB.pcm

SwiftExplicitDependencyGeneratePcm x86_64 /Users/caye/Projects/macos-dock-cc-v2-fullscreen-transition/build/FinalHoldReleaseDD/ModuleCache.noindex/CoreVideo-7NJWAKQ9WGR6I6CMEUQQJAYJP.pcm

SwiftExplicitDependencyGeneratePcm x86_64 /Users/caye/Projects/macos-dock-cc-v2-fullscreen-transition/build/FinalHoldReleaseDD/ModuleCache.noindex/CoreImage-LLP4YQRTLZWA2VVZACX4WQ9W.pcm

SwiftExplicitDependencyGeneratePcm x86_64 /Users/caye/Projects/macos-dock-cc-v2-fullscreen-transition/build/FinalHoldReleaseDD/ModuleCache.noindex/QuartzCore-B1N42JIIOFIHZ2XX2MXTDG91Z.pcm

SwiftExplicitDependencyGeneratePcm arm64 /Users/caye/Projects/macos-dock-cc-v2-fullscreen-transition/build/FinalHoldReleaseDD/ModuleCache.noindex/CoreVideo-B7EDAZ9H6IMK7QB6E0JYNDC59.pcm

SwiftExplicitDependencyGeneratePcm arm64 /Users/caye/Projects/macos-dock-cc-v2-fullscreen-transition/build/FinalHoldReleaseDD/ModuleCache.noindex/QuartzCore-A32HFMS7RZYYDYNSJGRGZD1OP.pcm

SwiftExplicitDependencyGeneratePcm arm64 /Users/caye/Projects/macos-dock-cc-v2-fullscreen-transition/build/FinalHoldReleaseDD/ModuleCache.noindex/CoreImage-E1PLPEEH7LNPDXH69A59CNSBT.pcm

SwiftExplicitDependencyGeneratePcm x86_64 /Users/caye/Projects/macos-dock-cc-v2-fullscreen-transition/build/FinalHoldReleaseDD/ModuleCache.noindex/SwiftUICore-2Y6FUE35T7VBNTHCL2285CXX7.pcm

SwiftExplicitDependencyGeneratePcm x86_64 /Users/caye/Projects/macos-dock-cc-v2-fullscreen-transition/build/FinalHoldReleaseDD/ModuleCache.noindex/AppKit-AS49246ZQE0SU6D8I23T6O1QR.pcm

SwiftExplicitDependencyGeneratePcm arm64 /Users/caye/Projects/macos-dock-cc-v2-fullscreen-transition/build/FinalHoldReleaseDD/ModuleCache.noindex/SwiftUICore-7U2MQVT04WQCW9A9DTWHW3ZCC.pcm

SwiftExplicitDependencyGeneratePcm arm64 /Users/caye/Projects/macos-dock-cc-v2-fullscreen-transition/build/FinalHoldReleaseDD/ModuleCache.noindex/AppKit-65VU47UMB3E95HJFFOG4W6N8T.pcm

SwiftExplicitDependencyGeneratePcm x86_64 /Users/caye/Projects/macos-dock-cc-v2-fullscreen-transition/build/FinalHoldReleaseDD/ModuleCache.noindex/SwiftUI-9KZHLIW853907E8FQG26KDAB5.pcm

SwiftCompile normal x86_64 Compiling\ FullscreenIntentDecision.swift,\ FullscreenIntentMonitor.swift,\ AppFallbackChipDecision.swift,\ RunningStateSweepDecision.swift,\ MacOSDockCCV2App.swift,\ AppDelegate.swift,\ SettingsWindowController.swift,\ SettingsWindowView.swift,\ SettingsCoordinator.swift,\ AutoHideToggleMenuModel.swift,\ AccessoryWindowPresentation.swift,\ StripContextMenuZone.swift,\ PanelCoordinator.swift,\ DockStripView.swift,\ WindowTitleTooltip.swift,\ DrawerView.swift,\ ContentView.swift,\ PermissionOnboardingView.swift,\ AccessibilityPermissionDecision.swift,\ PermissionRecoveryMachine.swift,\ AccessibilityPermissionModel.swift,\ PermissionRecoveryCoordinator.swift,\ AppComposition.swift,\ DrawerStore.swift,\ MessagingAppStore.swift,\ StripOrderStore.swift,\ DragController.swift,\ DragCarrierView.swift,\ NonConstrainingPanel.swift,\ DrawerOrderStore.swift,\ AppSettingsStore.swift,\ GlobalHotKeyMonitor.swift,\ LaunchAtLoginService.swift,\ NativeDockPreferencesService.swift,\ PanelVisibilityState.swift,\ PanelGeometry.swift,\ WindowLiftAvoidanceController.swift,\ WindowLiftAvoidance.swift,\ BuildProvenance.swift,\ StatusMenuController.swift,\ UpdateChecker.swift,\ LauncherChip.swift,\ LauncherMembershipItem.swift,\ AppMenuFragments.swift,\ RecentDocumentsReader.swift,\ PinnedFolderStore.swift,\ DirectoryWatcher.swift,\ FolderContentsLoader.swift,\ PinnedFolderCoverStore.swift,\ FileItemMenuBuilder.swift,\ StripDropRouting.swift,\ FolderDropPlan.swift,\ FileMover.swift,\ LauncherMenuPlan.swift,\ LauncherChipVisualPlan.swift,\ LaunchGateDecision.swift,\ AppLaunchTargetDecision.swift,\ DockThemeTokens.swift,\ DockTheme.swift,\ DockGlassBackdrop.swift,\ AppMembershipMenuPlan.swift,\ DragConversionPlan.swift,\ MessagingZoneAdmission.swift,\ FolderChipDropZone.swift,\ ShelfStore.swift,\ KeptAppStore.swift,\ RunningApplicationStore.swift,\ AppMembershipController.swift,\ ShelfChip.swift,\ ShelfGridPopupView.swift,\ FolderGridPopupView.swift,\ PinnedFolderChip.swift,\ BadgeStore.swift,\ DockBadgeReader.swift,\ ObservationPipeline.swift,\ PendingCloseTracker.swift,\ ObservationAdmissionGate.swift,\ IntentPipeline.swift,\ Identifiers.swift,\ WindowModels.swift,\ SystemBoundaryModels.swift,\ Decisions.swift,\ WindowFrameMatchPolicy.swift,\ DockState.swift,\ WindowIdentityEngine.swift,\ IdentityRuleEngine.swift,\ ObservationKindMergeRule.swift,\ PlacementEngine.swift,\ LifecycleTransitionEngine.swift,\ AppFallbackRetentionPolicy.swift,\ LifecycleActionPlanner.swift,\ AXWindowReader.swift,\ AXWindowMatchPolicy.swift,\ AccessibilitySource.swift,\ CoreGraphicsSource.swift,\ DockWindowEligibilityPolicy.swift,\ FinderWindowRules.swift,\ FinderWindowContentsReader.swift,\ FolderInteraction.swift,\ FinderAppleEventMatcher.swift,\ FinderSource.swift,\ PermissionService.swift,\ StripItem.swift,\ AppWindowObserver.swift,\ AppTracker.swift,\ CGWindowSnapshot.swift,\ TabFoldDecision.swift,\ WindowInventoryAnomalyLog.swift,\ ProcessLiveness.swift,\ ScanAdmissionDecision.swift,\ GeneratedAssetSymbols.swift /Users/caye/Projects/macos-dock-cc-v2-fullscreen-transition/Platform/CoreGraphics/FullscreenIntentDecision.swift /Users/caye/Projects/macos-dock-cc-v2-fullscreen-transition/Platform/CoreGraphics/FullscreenIntentMonitor.swift /Users/caye/Projects/macos-dock-cc-v2-fullscreen-transition/Core/Support/AppFallbackChipDecision.swift /Users/caye/Projects/macos-dock-cc-v2-fullscreen-transition/Core/Support/RunningStateSweepDecision.swift /Users/caye/Projects/macos-dock-cc-v2-fullscreen-transition/App/Entry/MacOSDockCCV2App.swift /Users/caye/Projects/macos-dock-cc-v2-fullscreen-transition/App/Entry/AppDelegate.swift /Users/caye/Projects/macos-dock-cc-v2-fullscreen-transition/App/Entry/SettingsWindowController.swift /Users/caye/Projects/macos-dock-cc-v2-fullscreen-transition/App/Scenes/SettingsWindowView.swift /Users/caye/Projects/macos-dock-cc-v2-fullscreen-transition/App/Composition/SettingsCoordinator.swift /Users/caye/Projects/macos-dock-cc-v2-fullscreen-transition/App/Composition/AutoHideToggleMenuModel.swift /Users/caye/Projects/macos-dock-cc-v2-fullscreen-transition/Core/Support/AccessoryWindowPresentation.swift /Users/caye/Projects/macos-dock-cc-v2-fullscreen-transition/Core/Support/StripContextMenuZone.swift /Users/caye/Projects/macos-dock-cc-v2-fullscreen-transition/App/Entry/PanelCoordinator.swift /Users/caye/Projects/macos-dock-cc-v2-fullscreen-transition/App/Scenes/DockStripView.swift /Users/caye/Projects/macos-dock-cc-v2-fullscreen-transition/App/Scenes/WindowTitleTooltip.swift /Users/caye/Projects/macos-dock-cc-v2-fullscreen-transition/App/Scenes/DrawerView.swift /Users/caye/Projects/macos-dock-cc-v2-fullscreen-transition/App/Scenes/ContentView.swift /Users/caye/Projects/macos-dock-cc-v2-fullscreen-transition/App/Scenes/PermissionOnboardingView.swift /Users/caye/Projects/macos-dock-cc-v2-fullscreen-transition/Platform/Permissions/AccessibilityPermissionDecision.swift /Users/caye/Projects/macos-dock-cc-v2-fullscreen-transition/Platform/Permissions/PermissionRecoveryMachine.swift /Users/caye/Projects/macos-dock-cc-v2-fullscreen-transition/Platform/Permissions/AccessibilityPermissionModel.swift /Users/caye/Projects/macos-dock-cc-v2-fullscreen-transition/Platform/Permissions/PermissionRecoveryCoordinator.swift /Users/caye/Projects/macos-dock-cc-v2-fullscreen-transition/App/Composition/AppComposition.swift /Users/caye/Projects/macos-dock-cc-v2-fullscreen-transition/App/Composition/DrawerStore.swift /Users/caye/Projects/macos-dock-cc-v2-fullscreen-transition/App/Composition/MessagingAppStore.swift /Users/caye/Projects/macos-dock-cc-v2-fullscreen-transition/App/Composition/StripOrderStore.swift /Users/caye/Projects/macos-dock-cc-v2-fullscreen-transition/App/Composition/DragController.swift /Users/caye/Projects/macos-dock-cc-v2-fullscreen-transition/App/Composition/DragCarrierView.swift /Users/caye/Projects/macos-dock-cc-v2-fullscreen-transition/App/Entry/NonConstrainingPanel.swift /Users/caye/Projects/macos-dock-cc-v2-fullscreen-transition/App/Composition/DrawerOrderStore.swift /Users/caye/Projects/macos-dock-cc-v2-fullscreen-transition/App/Composition/AppSettingsStore.swift /Users/caye/Projects/macos-dock-cc-v2-fullscreen-transition/App/Composition/GlobalHotKeyMonitor.swift /Users/caye/Projects/macos-dock-cc-v2-fullscreen-transition/App/Composition/LaunchAtLoginService.swift /Users/caye/Projects/macos-dock-cc-v2-fullscreen-transition/App/Composition/NativeDockPreferencesService.swift /Users/caye/Projects/macos-dock-cc-v2-fullscreen-transition/App/Composition/PanelVisibilityState.swift /Users/caye/Projects/macos-dock-cc-v2-fullscreen-transition/App/Composition/PanelGeometry.swift /Users/caye/Projects/macos-dock-cc-v2-fullscreen-transition/App/Composition/WindowLiftAvoidanceController.swift /Users/caye/Projects/macos-dock-cc-v2-fullscreen-transition/Core/Support/WindowLiftAvoidance.swift /Users/caye/Projects/macos-dock-cc-v2-fullscreen-transition/Core/Support/BuildProvenance.swift /Users/caye/Projects/macos-dock-cc-v2-fullscreen-transition/App/Entry/StatusMenuController.swift /Users/caye/Projects/macos-dock-cc-v2-fullscreen-transition/App/Composition/UpdateChecker.swift /Users/caye/Projects/macos-dock-cc-v2-fullscreen-transition/App/Scenes/LauncherChip.swift /Users/caye/Projects/macos-dock-cc-v2-fullscreen-transition/App/Scenes/LauncherMembershipItem.swift /Users/caye/Projects/macos-dock-cc-v2-fullscreen-transition/App/Scenes/AppMenuFragments.swift /Users/caye/Projects/macos-dock-cc-v2-fullscreen-transition/Core/Support/RecentDocumentsReader.swift /Users/caye/Projects/macos-dock-cc-v2-fullscreen-transition/App/Composition/PinnedFolderStore.swift /Users/caye/Projects/macos-dock-cc-v2-fullscreen-transition/Core/Support/DirectoryWatcher.swift /Users/caye/Projects/macos-dock-cc-v2-fullscreen-transition/Core/Support/FolderContentsLoader.swift /Users/caye/Projects/macos-dock-cc-v2-fullscreen-transition/App/Composition/PinnedFolderCoverStore.swift /Users/caye/Projects/macos-dock-cc-v2-fullscreen-transition/App/Composition/FileItemMenuBuilder.swift /Users/caye/Projects/macos-dock-cc-v2-fullscreen-transition/Core/Support/StripDropRouting.swift /Users/caye/Projects/macos-dock-cc-v2-fullscreen-transition/Core/Support/FolderDropPlan.swift /Users/caye/Projects/macos-dock-cc-v2-fullscreen-transition/App/Composition/FileMover.swift /Users/caye/Projects/macos-dock-cc-v2-fullscreen-transition/Core/Support/LauncherMenuPlan.swift /Users/caye/Projects/macos-dock-cc-v2-fullscreen-transition/Core/Support/LauncherChipVisualPlan.swift /Users/caye/Projects/macos-dock-cc-v2-fullscreen-transition/Core/Support/LaunchGateDecision.swift /Users/caye/Projects/macos-dock-cc-v2-fullscreen-transition/Core/Support/AppLaunchTargetDecision.swift /Users/caye/Projects/macos-dock-cc-v2-fullscreen-transition/Core/Support/DockThemeTokens.swift /Users/caye/Projects/macos-dock-cc-v2-fullscreen-transition/App/Scenes/DockTheme.swift /Users/caye/Projects/macos-dock-cc-v2-fullscreen-transition/App/Scenes/DockGlassBackdrop.swift /Users/caye/Projects/macos-dock-cc-v2-fullscreen-transition/Core/Support/AppMembershipMenuPlan.swift /Users/caye/Projects/macos-dock-cc-v2-fullscreen-transition/Core/Support/DragConversionPlan.swift /Users/caye/Projects/macos-dock-cc-v2-fullscreen-transition/Core/Support/MessagingZoneAdmission.swift /Users/caye/Projects/macos-dock-cc-v2-fullscreen-transition/Core/Support/FolderChipDropZone.swift /Users/caye/Projects/macos-dock-cc-v2-fullscreen-transition/App/Composition/ShelfStore.swift /Users/caye/Projects/macos-dock-cc-v2-fullscreen-transition/App/Composition/KeptAppStore.swift /Users/caye/Projects/macos-dock-cc-v2-fullscreen-transition/App/Composition/RunningApplicationStore.swift /Users/caye/Projects/macos-dock-cc-v2-fullscreen-transition/App/Composition/AppMembershipController.swift /Users/caye/Projects/macos-dock-cc-v2-fullscreen-transition/App/Scenes/ShelfChip.swift /Users/caye/Projects/macos-dock-cc-v2-fullscreen-transition/App/Scenes/ShelfGridPopupView.swift /Users/caye/Projects/macos-dock-cc-v2-fullscreen-transition/App/Scenes/FolderGridPopupView.swift /Users/caye/Projects/macos-dock-cc-v2-fullscreen-transition/App/Scenes/PinnedFolderChip.swift /Users/caye/Projects/macos-dock-cc-v2-fullscreen-transition/App/Composition/BadgeStore.swift /Users/caye/Projects/macos-dock-cc-v2-fullscreen-transition/Platform/Accessibility/DockBadgeReader.swift /Users/caye/Projects/macos-dock-cc-v2-fullscreen-transition/App/Composition/ObservationPipeline/ObservationPipeline.swift /Users/caye/Projects/macos-dock-cc-v2-fullscreen-transition/App/Composition/ObservationPipeline/PendingCloseTracker.swift /Users/caye/Projects/macos-dock-cc-v2-fullscreen-transition/App/Composition/ObservationPipeline/ObservationAdmissionGate.swift /Users/caye/Projects/macos-dock-cc-v2-fullscreen-transition/App/Composition/IntentPipeline/IntentPipeline.swift /Users/caye/Projects/macos-dock-cc-v2-fullscreen-transition/Core/Model/Identifiers.swift /Users/caye/Projects/macos-dock-cc-v2-fullscreen-transition/Core/Model/WindowModels.swift /Users/caye/Projects/macos-dock-cc-v2-fullscreen-transition/Core/Model/SystemBoundaryModels.swift /Users/caye/Projects/macos-dock-cc-v2-fullscreen-transition/Core/Model/Decisions.swift /Users/caye/Projects/macos-dock-cc-v2-fullscreen-transition/Core/Model/WindowFrameMatchPolicy.swift /Users/caye/Projects/macos-dock-cc-v2-fullscreen-transition/Core/State/DockState.swift /Users/caye/Projects/macos-dock-cc-v2-fullscreen-transition/Core/Identity/WindowIdentityEngine.swift /Users/caye/Projects/macos-dock-cc-v2-fullscreen-transition/Core/Identity/Rules/IdentityRuleEngine.swift /Users/caye/Projects/macos-dock-cc-v2-fullscreen-transition/Core/Model/ObservationKindMergeRule.swift /Users/caye/Projects/macos-dock-cc-v2-fullscreen-transition/Core/Placement/PlacementEngine.swift /Users/caye/Projects/macos-dock-cc-v2-fullscreen-transition/Core/Lifecycle/Transitions/LifecycleTransitionEngine.swift /Users/caye/Projects/macos-dock-cc-v2-fullscreen-transition/Core/Lifecycle/Transitions/AppFallbackRetentionPolicy.swift /Users/caye/Projects/macos-dock-cc-v2-fullscreen-transition/Core/Lifecycle/ActionPlanning/LifecycleActionPlanner.swift /Users/caye/Projects/macos-dock-cc-v2-fullscreen-transition/Platform/Accessibility/AXWindowReader.swift /Users/caye/Projects/macos-dock-cc-v2-fullscreen-transition/Platform/Accessibility/AXWindowMatchPolicy.swift /Users/caye/Projects/macos-dock-cc-v2-fullscreen-transition/Platform/Accessibility/AccessibilitySource.swift /Users/caye/Projects/macos-dock-cc-v2-fullscreen-transition/Platform/CoreGraphics/CoreGraphicsSource.swift /Users/caye/Projects/macos-dock-cc-v2-fullscreen-transition/Platform/CoreGraphics/DockWindowEligibilityPolicy.swift /Users/caye/Projects/macos-dock-cc-v2-fullscreen-transition/Platform/Finder/FinderWindowRules.swift /Users/caye/Projects/macos-dock-cc-v2-fullscreen-transition/Platform/Finder/FinderWindowContentsReader.swift /Users/caye/Projects/macos-dock-cc-v2-fullscreen-transition/Core/Support/FolderInteraction.swift /Users/caye/Projects/macos-dock-cc-v2-fullscreen-transition/Core/Support/FinderAppleEventMatcher.swift /Users/caye/Projects/macos-dock-cc-v2-fullscreen-transition/Platform/Finder/FinderSource.swift /Users/caye/Projects/macos-dock-cc-v2-fullscreen-transition/Platform/Permissions/PermissionService.swift /Users/caye/Projects/macos-dock-cc-v2-fullscreen-transition/UI/ReadModel/StripItem.swift /Users/caye/Projects/macos-dock-cc-v2-fullscreen-transition/Platform/AppTracking/AppWindowObserver.swift /Users/caye/Projects/macos-dock-cc-v2-fullscreen-transition/Platform/AppTracking/AppTracker.swift /Users/caye/Projects/macos-dock-cc-v2-fullscreen-transition/Platform/AppTracking/CGWindowSnapshot.swift /Users/caye/Projects/macos-dock-cc-v2-fullscreen-transition/Platform/AppTracking/TabFoldDecision.swift /Users/caye/Projects/macos-dock-cc-v2-fullscreen-transition/Platform/AppTracking/WindowInventoryAnomalyLog.swift /Users/caye/Projects/macos-dock-cc-v2-fullscreen-transition/Platform/AppTracking/ProcessLiveness.swift /Users/caye/Projects/macos-dock-cc-v2-fullscreen-transition/Platform/AppTracking/ScanAdmissionDecision.swift /Users/caye/Projects/macos-dock-cc-v2-fullscreen-transition/build/FinalHoldReleaseDD/Build/Intermediates.noindex/macos-dock-cc-v2.build/Release/macos-dock-cc-v2.build/DerivedSources/GeneratedAssetSymbols.swift /Applications/Xcode.app/Contents/Developer/Toolchains/XcodeDefault.xctoolchain/usr/lib/swift/macosx/prebuilt-modules/26.5/AppKit.swiftmodule/x86_64-apple-macos.swiftmodule /Applications/Xcode.app/Contents/Developer/Toolchains/XcodeDefault.xctoolchain/usr/lib/swift/macosx/prebuilt-modules/26.5/DeveloperToolsSupport.swiftmodule/x86_64-apple-macos.swiftmodule /Applications/Xcode.app/Contents/Developer/Toolchains/XcodeDefault.xctoolchain/usr/lib/swift/macosx/prebuilt-modules/26.5/QuartzCore.swiftmodule/x86_64-apple-macos.swiftmodule /Applications/Xcode.app/Contents/Developer/Toolchains/XcodeDefault.xctoolchain/usr/lib/swift/macosx/prebuilt-modules/26.5/Combine.swiftmodule/x86_64-apple-macos.swiftmodule /Applications/Xcode.app/Contents/Developer/Toolchains/XcodeDefault.xctoolchain/usr/lib/swift/macosx/prebuilt-modules/26.5/ObjectiveC.swiftmodule/x86_64-apple-macos.swiftmodule /Applications/Xcode.app/Contents/Developer/Toolchains/XcodeDefault.xctoolchain/usr/lib/swift/macosx/prebuilt-modules/26.5/QuickLookThumbnailing.swiftmodule/x86_64-apple-macos.swiftmodule /Applications/Xcode.app/Contents/Developer/Toolchains/XcodeDefault.xctoolchain/usr/lib/swift/macosx/prebuilt-modules/26.5/Accessibility.swiftmodule/x86_64-apple-macos.swiftmodule /Applications/Xcode.app/Contents/Developer/Toolchains/XcodeDefault.xctoolchain/usr/lib/swift/macosx/prebuilt-modules/26.5/_Concurrency.swiftmodule/x86_64-apple-macos.swiftmodule /Applications/Xcode.app/Contents/Developer/Toolchains/XcodeDefault.xctoolchain/usr/lib/swift/macosx/prebuilt-modules/26.5/Foundation.swiftmodule/x86_64-apple-macos.swiftmodule /Applications/Xcode.app/Contents/Developer/Toolchains/XcodeDefault.xctoolchain/usr/lib/swift/macosx/prebuilt-modules/26.5/CoreFoundation.swiftmodule/x86_64-apple-macos.swiftmodule /Applications/Xcode.app/Contents/Developer/Toolchains/XcodeDefault.xctoolchain/usr/lib/swift/macosx/prebuilt-modules/26.5/SwiftUI.swiftmodule/x86_64-apple-macos.swiftmodule /Applications/Xcode.app/Contents/Developer/Toolchains/XcodeDefault.xctoolchain/usr/lib/swift/macosx/prebuilt-modules/26.5/CoreTransferable.swiftmodule/x86_64-apple-macos.swiftmodule /Applications/Xcode.app/Contents/Developer/Toolchains/XcodeDefault.xctoolchain/usr/lib/swift/macosx/prebuilt-modules/26.5/Darwin.swiftmodule/x86_64-apple-macos.swiftmodule /Applications/Xcode.app/Contents/Developer/Toolchains/XcodeDefault.xctoolchain/usr/lib/swift/macosx/prebuilt-modules/26.5/_DarwinFoundation3.swiftmodule/x86_64-apple-macos.swiftmodule /Applications/Xcode.app/Contents/Developer/Toolchains/XcodeDefault.xctoolchain/usr/lib/swift/macosx/prebuilt-modules/26.5/XPC.swiftmodule/x86_64-apple-macos.swiftmodule /Applications/Xcode.app/Contents/Developer/Toolchains/XcodeDefault.xctoolchain/usr/lib/swift/macosx/prebuilt-modules/26.5/CoreImage.swiftmodule/x86_64-apple-macos.swiftmodule /Applications/Xcode.app/Contents/Developer/Toolchains/XcodeDefault.xctoolchain/usr/lib/swift/macosx/prebuilt-modules/26.5/Network.swiftmodule/x86_64-apple-macos.swiftmodule /Applications/Xcode.app/Contents/Developer/Toolchains/XcodeDefault.xctoolchain/usr/lib/swift/macosx/prebuilt-modules/26.5/UniformTypeIdentifiers.swiftmodule/x86_64-apple-macos.swiftmodule /Applications/Xcode.app/Contents/Developer/Toolchains/XcodeDefault.xctoolchain/usr/lib/swift/macosx/prebuilt-modules/26.5/CoreData.swiftmodule/x86_64-apple-macos.swiftmodule /Applications/Xcode.app/Contents/Developer/Toolchains/XcodeDefault.xctoolchain/usr/lib/swift/macosx/prebuilt-modules/26.5/_DarwinFoundation2.swiftmodule/x86_64-apple-macos.swiftmodule /Applications/Xcode.app/Contents/Developer/Toolchains/XcodeDefault.xctoolchain/usr/lib/swift/macosx/prebuilt-modules/26.5/Observation.swiftmodule/x86_64-apple-macos.swiftmodule /Applications/Xcode.app/Contents/Developer/Toolchains/XcodeDefault.xctoolchain/usr/lib/swift/macosx/prebuilt-modules/26.5/_Builtin_float.swiftmodule/x86_64-apple-macos.swiftmodule /Applications/Xcode.app/Contents/Developer/Toolchains/XcodeDefault.xctoolchain/usr/lib/swift/macosx/prebuilt-modules/26.5/Dispatch.swiftmodule/x86_64-apple-macos.swiftmodule /Applications/Xcode.app/Contents/Developer/Toolchains/XcodeDefault.xctoolchain/usr/lib/swift/macosx/prebuilt-modules/26.5/ExtensionFoundation.swiftmodule/x86_64-apple-macos.swiftmodule /Applications/Xcode.app/Contents/Developer/Toolchains/XcodeDefault.xctoolchain/usr/lib/swift/macosx/prebuilt-modules/26.5/simd.swiftmodule/x86_64-apple-macos.swiftmodule /Applications/Xcode.app/Contents/Developer/Toolchains/XcodeDefault.xctoolchain/usr/lib/swift/macosx/prebuilt-modules/26.5/Swift.swiftmodule/x86_64-apple-macos.swiftmodule /Applications/Xcode.app/Contents/Developer/Toolchains/XcodeDefault.xctoolchain/usr/lib/swift/macosx/prebuilt-modules/26.5/os.swiftmodule/x86_64-apple-macos.swiftmodule /Applications/Xcode.app/Contents/Developer/Toolchains/XcodeDefault.xctoolchain/usr/lib/swift/macosx/prebuilt-modules/26.5/LightweightCodeRequirements.swiftmodule/x86_64-apple-macos.swiftmodule /Applications/Xcode.app/Contents/Developer/Toolchains/XcodeDefault.xctoolchain/usr/lib/swift/macosx/prebuilt-modules/26.5/DataDetection.swiftmodule/x86_64-apple-macos.swiftmodule /Applications/Xcode.app/Contents/Developer/Toolchains/XcodeDefault.xctoolchain/usr/lib/swift/macosx/prebuilt-modules/26.5/Symbols.swiftmodule/x86_64-apple-macos.swiftmodule /Applications/Xcode.app/Contents/Developer/Toolchains/XcodeDefault.xctoolchain/usr/lib/swift/macosx/prebuilt-modules/26.5/CoreText.swiftmodule/x86_64-apple-macos.swiftmodule /Applications/Xcode.app/Contents/Developer/Toolchains/XcodeDefault.xctoolchain/usr/lib/swift/macosx/prebuilt-modules/26.5/CoreVideo.swiftmodule/x86_64-apple-macos.swiftmodule /Applications/Xcode.app/Contents/Developer/Toolchains/XcodeDefault.xctoolchain/usr/lib/swift/macosx/prebuilt-modules/26.5/Distributed.swiftmodule/x86_64-apple-macos.swiftmodule /Applications/Xcode.app/Contents/Developer/Toolchains/XcodeDefault.xctoolchain/usr/lib/swift/macosx/prebuilt-modules/26.5/CoreGraphics.swiftmodule/x86_64-apple-macos.swiftmodule /Applications/Xcode.app/Contents/Developer/Toolchains/XcodeDefault.xctoolchain/usr/lib/swift/macosx/prebuilt-modules/26.5/SwiftUICore.swiftmodule/x86_64-apple-macos.swiftmodule /Applications/Xcode.app/Contents/Developer/Toolchains/XcodeDefault.xctoolchain/usr/lib/swift/macosx/prebuilt-modules/26.5/OSLog.swiftmodule/x86_64-apple-macos.swiftmodule /Applications/Xcode.app/Contents/Developer/Toolchains/XcodeDefault.xctoolchain/usr/lib/swift/macosx/prebuilt-modules/26.5/Metal.swiftmodule/x86_64-apple-macos.swiftmodule /Applications/Xcode.app/Contents/Developer/Toolchains/XcodeDefault.xctoolchain/usr/lib/swift/macosx/prebuilt-modules/26.5/_DarwinFoundation1.swiftmodule/x86_64-apple-macos.swiftmodule /Applications/Xcode.app/Contents/Developer/Toolchains/XcodeDefault.xctoolchain/usr/lib/swift/macosx/prebuilt-modules/26.5/System.swiftmodule/x86_64-apple-macos.swiftmodule /Applications/Xcode.app/Contents/Developer/Toolchains/XcodeDefault.xctoolchain/usr/lib/swift/macosx/prebuilt-modules/26.5/Spatial.swiftmodule/x86_64-apple-macos.swiftmodule /Applications/Xcode.app/Contents/Developer/Toolchains/XcodeDefault.xctoolchain/usr/lib/swift/macosx/prebuilt-modules/26.5/_StringProcessing.swiftmodule/x86_64-apple-macos.swiftmodule /Applications/Xcode.app/Contents/Developer/Toolchains/XcodeDefault.xctoolchain/usr/lib/swift/macosx/prebuilt-modules/26.5/IOKit.swiftmodule/x86_64-apple-macos.swiftmodule /Users/caye/Projects/macos-dock-cc-v2-fullscreen-transition/build/FinalHoldReleaseDD/ModuleCache.noindex/_Builtin_stdint-A24PFS0D1KVNHM2TYZ7HLVDG.pcm /Users/caye/Projects/macos-dock-cc-v2-fullscreen-transition/build/FinalHoldReleaseDD/ModuleCache.noindex/ColorSync-6TEJQWTABS87NCO9X574I0LT6.pcm /Users/caye/Projects/macos-dock-cc-v2-fullscreen-transition/build/FinalHoldReleaseDD/ModuleCache.noindex/DeveloperToolsSupport-D3LULZUWZCRNHEMKOL9OZO78U.pcm /Users/caye/Projects/macos-dock-cc-v2-fullscreen-transition/build/FinalHoldReleaseDD/ModuleCache.noindex/ImageIO-1TDSYHHPIW0073LCZ3RBD1LN6.pcm /Users/caye/Projects/macos-dock-cc-v2-fullscreen-transition/build/FinalHoldReleaseDD/ModuleCache.noindex/AppKit-AS49246ZQE0SU6D8I23T6O1QR.pcm /Users/caye/Projects/macos-dock-cc-v2-fullscreen-transition/build/FinalHoldReleaseDD/ModuleCache.noindex/IOKit-E06LI2BY3I8OFEUV9OH3TMKRC.pcm /Users/caye/Projects/macos-dock-cc-v2-fullscreen-transition/build/FinalHoldReleaseDD/ModuleCache.noindex/ptrcheck-7VMB39HZSXD3B3D14Z3NAX3E6.pcm /Users/caye/Projects/macos-dock-cc-v2-fullscreen-transition/build/FinalHoldReleaseDD/ModuleCache.noindex/SwiftUI-9KZHLIW853907E8FQG26KDAB5.pcm /Users/caye/Projects/macos-dock-cc-v2-fullscreen-transition/build/FinalHoldReleaseDD/ModuleCache.noindex/Symbols-38GXOD3FAR4PZ2LBR4SD4MVBK.pcm /Users/caye/Projects/macos-dock-cc-v2-fullscreen-transition/build/FinalHoldReleaseDD/ModuleCache.noindex/SwiftUICore-2Y6FUE35T7VBNTHCL2285CXX7.pcm /Users/caye/Projects/macos-dock-cc-v2-fullscreen-transition/build/FinalHoldReleaseDD/ModuleCache.noindex/DiskArbitration-BOFUJKESH9HD2OKFDNYMO811G.pcm /Users/caye/Projects/macos-dock-cc-v2-fullscreen-transition/build/FinalHoldReleaseDD/ModuleCache.noindex/CoreText-EUNRVMOYKJ8CGBDW5LE3DVTD8.pcm /Users/caye/Projects/macos-dock-cc-v2-fullscreen-transition/build/FinalHoldReleaseDD/ModuleCache.noindex/Foundation-BTQK3JU44008FWQR3NZZNVIP3.pcm /Users/caye/Projects/macos-dock-cc-v2-fullscreen-transition/build/FinalHoldReleaseDD/ModuleCache.noindex/_Builtin_limits-DUSQ298T7OTT7KQM78NP7LO2F.pcm /Users/caye/Projects/macos-dock-cc-v2-fullscreen-transition/build/FinalHoldReleaseDD/ModuleCache.noindex/_Builtin_stddef-D23YUTMYF3YARJXFSKLPVK6H7.pcm /Users/caye/Projects/macos-dock-cc-v2-fullscreen-transition/build/FinalHoldReleaseDD/ModuleCache.noindex/_Builtin_stdatomic-7GTAYOY66AOIQL5W4VRFP4V85.pcm /Users/caye/Projects/macos-dock-cc-v2-fullscreen-transition/build/FinalHoldReleaseDD/ModuleCache.noindex/simd-5SZSCN9A3PXVM1YZWF76VY410.pcm /Users/caye/Projects/macos-dock-cc-v2-fullscreen-transition/build/FinalHoldReleaseDD/ModuleCache.noindex/CoreVideo-7NJWAKQ9WGR6I6CMEUQQJAYJP.pcm /Users/caye/Projects/macos-dock-cc-v2-fullscreen-transition/build/FinalHoldReleaseDD/ModuleCache.noindex/Dispatch-88VIKHDGQLLVRG1A05384AFTQ.pcm /Users/caye/Projects/macos-dock-cc-v2-fullscreen-transition/build/FinalHoldReleaseDD/ModuleCache.noindex/_SwiftConcurrencyShims-6EB5DZN984757WY3XTPL1LCBG.pcm /Users/caye/Projects/macos-dock-cc-v2-fullscreen-transition/build/FinalHoldReleaseDD/ModuleCache.noindex/dnssd-60IAJ5RX0I37HERPDM9YRTJLT.pcm /Users/caye/Projects/macos-dock-cc-v2-fullscreen-transition/build/FinalHoldReleaseDD/ModuleCache.noindex/XPC-DLS6V7W5FW902OSNNNP16ADOG.pcm /Users/caye/Projects/macos-dock-cc-v2-fullscreen-transition/build/FinalHoldReleaseDD/ModuleCache.noindex/OpenGL-A11DF17P3LH19ESD7AIPCRHT5.pcm /Users/caye/Projects/macos-dock-cc-v2-fullscreen-transition/build/FinalHoldReleaseDD/ModuleCache.noindex/libDER-30U3UEWAD7NJDQVS9BCBEYQ57.pcm /Users/caye/Projects/macos-dock-cc-v2-fullscreen-transition/build/FinalHoldReleaseDD/ModuleCache.noindex/CoreServices-DAXJRBNUT9HYZJ7FPKVYXT0K8.pcm /Users/caye/Projects/macos-dock-cc-v2-fullscreen-transition/build/FinalHoldReleaseDD/ModuleCache.noindex/Network-6955533KVZBBH6FBKU563A714.pcm /Users/caye/Projects/macos-dock-cc-v2-fullscreen-transition/build/FinalHoldReleaseDD/ModuleCache.noindex/CoreGraphics-EUF7G075DBVNB3D9AQQ7C82QP.pcm /Users/caye/Projects/macos-dock-cc-v2-fullscreen-transition/build/FinalHoldReleaseDD/ModuleCache.noindex/UniformTypeIdentifiers-652K5QM4OX5ABRIL2NK0XNGOC.pcm /Users/caye/Projects/macos-dock-cc-v2-fullscreen-transition/build/FinalHoldReleaseDD/ModuleCache.noindex/_Builtin_stdarg-BP7HXLZC8O7654WKIV2O6UJ71.pcm /Users/caye/Projects/macos-dock-cc-v2-fullscreen-transition/build/FinalHoldReleaseDD/ModuleCache.noindex/CFNetwork-30XHJ8IE4N8KPLZBZYTW07455.pcm /Users/caye/Projects/macos-dock-cc-v2-fullscreen-transition/build/FinalHoldReleaseDD/ModuleCache.noindex/sys_types-8MFHWX7JH3Z0I50PK9EPXCR8Q.pcm /Users/caye/Projects/macos-dock-cc-v2-fullscreen-transition/build/FinalHoldReleaseDD/ModuleCache.noindex/_DarwinFoundation3-BMAD6Q88OPIMB281SP9VCJSB0.pcm /Users/caye/Projects/macos-dock-cc-v2-fullscreen-transition/build/FinalHoldReleaseDD/ModuleCache.noindex/DataDetection-7T6WNEKWGVZ8GJGHPE4U2KKPA.pcm /Users/caye/Projects/macos-dock-cc-v2-fullscreen-transition/build/FinalHoldReleaseDD/ModuleCache.noindex/os_object-F5GOH1HIC9IIED093B6UWD349.pcm /Users/caye/Projects/macos-dock-cc-v2-fullscreen-transition/build/FinalHoldReleaseDD/ModuleCache.noindex/ObjectiveC-BST73ODUNVU4D9VVKERBBVSCV.pcm /Users/caye/Projects/macos-dock-cc-v2-fullscreen-transition/build/FinalHoldReleaseDD/ModuleCache.noindex/Security-4B8B42MPF1D3O31IU6XSETRPG.pcm /Users/caye/Projects/macos-dock-cc-v2-fullscreen-transition/build/FinalHoldReleaseDD/ModuleCache.noindex/launch-3XTR63VTT2NW7C3ZTS0T5J8FJ.pcm /Users/caye/Projects/macos-dock-cc-v2-fullscreen-transition/build/FinalHoldReleaseDD/ModuleCache.noindex/ApplicationServices-2YZRWOHDKWTRZMAJM2L7SQTPW.pcm /Users/caye/Projects/macos-dock-cc-v2-fullscreen-transition/build/FinalHoldReleaseDD/ModuleCache.noindex/IOSurface-B5W7M95T1XFK0AT7SZ0J15SG0.pcm /Users/caye/Projects/macos-dock-cc-v2-fullscreen-transition/build/FinalHoldReleaseDD/ModuleCache.noindex/_AvailabilityInternal-6AWIE596R40A02EDCQL59WJ8M.pcm /Users/caye/Projects/macos-dock-cc-v2-fullscreen-transition/build/FinalHoldReleaseDD/ModuleCache.noindex/_Builtin_inttypes-AJI6YUHVQOY6RFSTJY7KYQZMU.pcm /Users/caye/Projects/macos-dock-cc-v2-fullscreen-transition/build/FinalHoldReleaseDD/ModuleCache.noindex/os_workgroup-33HD8IYYECH975L8LTHPCC894.pcm /Users/caye/Projects/macos-dock-cc-v2-fullscreen-transition/build/FinalHoldReleaseDD/ModuleCache.noindex/_DarwinFoundation1-7VXI4C8PWY7OUV4HXYND8OMO6.pcm /Users/caye/Projects/macos-dock-cc-v2-fullscreen-transition/build/FinalHoldReleaseDD/ModuleCache.noindex/ptrauth-2I8HZ916KRRJX7G58MK3GQT3T.pcm /Users/caye/Projects/macos-dock-cc-v2-fullscreen-transition/build/FinalHoldReleaseDD/ModuleCache.noindex/Carbon-3P6FHN6Z5C52B79GNJG1UMO3O.pcm /Users/caye/Projects/macos-dock-cc-v2-fullscreen-transition/build/FinalHoldReleaseDD/ModuleCache.noindex/OSLog-BHMFXDB3E6OOZOC62ECLUL6CF.pcm /Users/caye/Projects/macos-dock-cc-v2-fullscreen-transition/build/FinalHoldReleaseDD/ModuleCache.noindex/CUPS-BW2QSVONSFDGEQR39FPIFBR6L.pcm /Users/caye/Projects/macos-dock-cc-v2-fullscreen-transition/build/FinalHoldReleaseDD/ModuleCache.noindex/CoreFoundation-6EAVL23K3UXCPQ5WFL4UG6A6O.pcm /Users/caye/Projects/macos-dock-cc-v2-fullscreen-transition/build/FinalHoldReleaseDD/ModuleCache.noindex/Spatial-5HDZ65ERR5XXP86NJC7K1RY0P.pcm /Users/caye/Projects/macos-dock-cc-v2-fullscreen-transition/build/FinalHoldReleaseDD/ModuleCache.noindex/_Builtin_intrinsics-6H5RU4F5T7BF1P3O1P0R50N7B.pcm /Users/caye/Projects/macos-dock-cc-v2-fullscreen-transition/build/FinalHoldReleaseDD/ModuleCache.noindex/_Builtin_float-Q8N55E4AJEZMH62GSIOE3ZL0.pcm /Users/caye/Projects/macos-dock-cc-v2-fullscreen-transition/build/FinalHoldReleaseDD/ModuleCache.noindex/CoreData-54TKEMVN9XXMS64W0J8R9RXO1.pcm /Users/caye/Projects/macos-dock-cc-v2-fullscreen-transition/build/FinalHoldReleaseDD/ModuleCache.noindex/QuartzCore-B1N42JIIOFIHZ2XX2MXTDG91Z.pcm /Users/caye/Projects/macos-dock-cc-v2-fullscreen-transition/build/FinalHoldReleaseDD/ModuleCache.noindex/CoreImage-LLP4YQRTLZWA2VVZACX4WQ9W.pcm /Users/caye/Projects/macos-dock-cc-v2-fullscreen-transition/build/FinalHoldReleaseDD/ModuleCache.noindex/ExtensionFoundation-CPUNYTXSS7F35CX1G45XJHH8E.pcm /Users/caye/Projects/macos-dock-cc-v2-fullscreen-transition/build/FinalHoldReleaseDD/ModuleCache.noindex/Metal-5E481HRU2EGP27Q46MJKTYT5T.pcm /Users/caye/Projects/macos-dock-cc-v2-fullscreen-transition/build/FinalHoldReleaseDD/ModuleCache.noindex/MachO-EWYL5WWMJ5UGCICYG9HY9NNO1.pcm /Users/caye/Projects/macos-dock-cc-v2-fullscreen-transition/build/FinalHoldReleaseDD/ModuleCache.noindex/Accessibility-7IOBZZ27CXMFGTEDY25F5Z4WV.pcm /Users/caye/Projects/macos-dock-cc-v2-fullscreen-transition/build/FinalHoldReleaseDD/ModuleCache.noindex/CoreTransferable-AECWUYP6KNQN16W3JOCVEFOBX.pcm /Users/caye/Projects/macos-dock-cc-v2-fullscreen-transition/build/FinalHoldReleaseDD/ModuleCache.noindex/_DarwinFoundation2-EN4ATWXDRV1519NZRL9Q2VNPF.pcm /Users/caye/Projects/macos-dock-cc-v2-fullscreen-transition/build/FinalHoldReleaseDD/ModuleCache.noindex/ServiceManagement-9JRAL5AD6GRSZC5DW8097RAOA.pcm /Users/caye/Projects/macos-dock-cc-v2-fullscreen-transition/build/FinalHoldReleaseDD/ModuleCache.noindex/_Builtin_stdbool-CPW9OS9I4NXBQSN8QHL7TYH89.pcm /Users/caye/Projects/macos-dock-cc-v2-fullscreen-transition/build/FinalHoldReleaseDD/ModuleCache.noindex/_Builtin_tgmath-AEMK2OCCF2QZM1CWF13EAU94L.pcm /Users/caye/Projects/macos-dock-cc-v2-fullscreen-transition/build/FinalHoldReleaseDD/ModuleCache.noindex/os-1VGJP8787FCEB887RAEZCYB3U.pcm /Users/caye/Projects/macos-dock-cc-v2-fullscreen-transition/build/FinalHoldReleaseDD/ModuleCache.noindex/SwiftShims-1E74ST0WAIYZBGZK8JJPZ9GQM.pcm /Users/caye/Projects/macos-dock-cc-v2-fullscreen-transition/build/FinalHoldReleaseDD/ModuleCache.noindex/libkern-F402HJBYF7Y5FAUSSCVJ7I2UI.pcm /Users/caye/Projects/macos-dock-cc-v2-fullscreen-transition/build/FinalHoldReleaseDD/ModuleCache.noindex/QuickLookThumbnailing-70UDKOWK8QE7PQJPL0ARDSY4K.pcm /Users/caye/Projects/macos-dock-cc-v2-fullscreen-transition/build/FinalHoldReleaseDD/ModuleCache.noindex/Darwin-7JNVK77WVIDAJGLCPDVGIMAUR.pcm /Users/caye/Projects/macos-dock-cc-v2-fullscreen-transition/build/FinalHoldReleaseDD/Build/Intermediates.noindex/macos-dock-cc-v2.build/Release/macos-dock-cc-v2.build/Objects-normal/x86_64/macos_dock_cc_v2-dependencies-1.json (in target 'macos-dock-cc-v2' from project 'macos-dock-cc-v2')
CompileSwift normal x86_64 (in target 'macos-dock-cc-v2' from project 'macos-dock-cc-v2')
    cd /Users/caye/Projects/macos-dock-cc-v2-fullscreen-transition
    
/Users/caye/Projects/macos-dock-cc-v2-fullscreen-transition/Platform/Permissions/AccessibilityPermissionModel.swift:35:65: warning: main actor-isolated static property 'defaultStallInterval' can not be referenced from a nonisolated context; this is an error in the Swift 6 language mode
        stallAfter: TimeInterval = AccessibilityPermissionModel.defaultStallInterval
                                                                ^
/Users/caye/Projects/macos-dock-cc-v2-fullscreen-transition/Platform/Permissions/AccessibilityPermissionModel.swift:12:16: note: static property declared here
    static let defaultStallInterval: TimeInterval = 8
               ^

SwiftExplicitDependencyGeneratePcm arm64 /Users/caye/Projects/macos-dock-cc-v2-fullscreen-transition/build/FinalHoldReleaseDD/ModuleCache.noindex/SwiftUI-E62V94PB5069TODCIBB8DCZ1U.pcm

SwiftCompile normal arm64 Compiling\ FullscreenIntentDecision.swift,\ FullscreenIntentMonitor.swift,\ AppFallbackChipDecision.swift,\ RunningStateSweepDecision.swift,\ MacOSDockCCV2App.swift,\ AppDelegate.swift,\ SettingsWindowController.swift,\ SettingsWindowView.swift,\ SettingsCoordinator.swift,\ AutoHideToggleMenuModel.swift,\ AccessoryWindowPresentation.swift,\ StripContextMenuZone.swift,\ PanelCoordinator.swift,\ DockStripView.swift,\ WindowTitleTooltip.swift,\ DrawerView.swift,\ ContentView.swift,\ PermissionOnboardingView.swift,\ AccessibilityPermissionDecision.swift,\ PermissionRecoveryMachine.swift,\ AccessibilityPermissionModel.swift,\ PermissionRecoveryCoordinator.swift,\ AppComposition.swift,\ DrawerStore.swift,\ MessagingAppStore.swift,\ StripOrderStore.swift,\ DragController.swift,\ DragCarrierView.swift,\ NonConstrainingPanel.swift,\ DrawerOrderStore.swift,\ AppSettingsStore.swift,\ GlobalHotKeyMonitor.swift,\ LaunchAtLoginService.swift,\ NativeDockPreferencesService.swift,\ PanelVisibilityState.swift,\ PanelGeometry.swift,\ WindowLiftAvoidanceController.swift,\ WindowLiftAvoidance.swift,\ BuildProvenance.swift,\ StatusMenuController.swift,\ UpdateChecker.swift,\ LauncherChip.swift,\ LauncherMembershipItem.swift,\ AppMenuFragments.swift,\ RecentDocumentsReader.swift,\ PinnedFolderStore.swift,\ DirectoryWatcher.swift,\ FolderContentsLoader.swift,\ PinnedFolderCoverStore.swift,\ FileItemMenuBuilder.swift,\ StripDropRouting.swift,\ FolderDropPlan.swift,\ FileMover.swift,\ LauncherMenuPlan.swift,\ LauncherChipVisualPlan.swift,\ LaunchGateDecision.swift,\ AppLaunchTargetDecision.swift,\ DockThemeTokens.swift,\ DockTheme.swift,\ DockGlassBackdrop.swift,\ AppMembershipMenuPlan.swift,\ DragConversionPlan.swift,\ MessagingZoneAdmission.swift,\ FolderChipDropZone.swift,\ ShelfStore.swift,\ KeptAppStore.swift,\ RunningApplicationStore.swift,\ AppMembershipController.swift,\ ShelfChip.swift,\ ShelfGridPopupView.swift,\ FolderGridPopupView.swift,\ PinnedFolderChip.swift,\ BadgeStore.swift,\ DockBadgeReader.swift,\ ObservationPipeline.swift,\ PendingCloseTracker.swift,\ ObservationAdmissionGate.swift,\ IntentPipeline.swift,\ Identifiers.swift,\ WindowModels.swift,\ SystemBoundaryModels.swift,\ Decisions.swift,\ WindowFrameMatchPolicy.swift,\ DockState.swift,\ WindowIdentityEngine.swift,\ IdentityRuleEngine.swift,\ ObservationKindMergeRule.swift,\ PlacementEngine.swift,\ LifecycleTransitionEngine.swift,\ AppFallbackRetentionPolicy.swift,\ LifecycleActionPlanner.swift,\ AXWindowReader.swift,\ AXWindowMatchPolicy.swift,\ AccessibilitySource.swift,\ CoreGraphicsSource.swift,\ DockWindowEligibilityPolicy.swift,\ FinderWindowRules.swift,\ FinderWindowContentsReader.swift,\ FolderInteraction.swift,\ FinderAppleEventMatcher.swift,\ FinderSource.swift,\ PermissionService.swift,\ StripItem.swift,\ AppWindowObserver.swift,\ AppTracker.swift,\ CGWindowSnapshot.swift,\ TabFoldDecision.swift,\ WindowInventoryAnomalyLog.swift,\ ProcessLiveness.swift,\ ScanAdmissionDecision.swift,\ GeneratedAssetSymbols.swift /Users/caye/Projects/macos-dock-cc-v2-fullscreen-transition/Platform/CoreGraphics/FullscreenIntentDecision.swift /Users/caye/Projects/macos-dock-cc-v2-fullscreen-transition/Platform/CoreGraphics/FullscreenIntentMonitor.swift /Users/caye/Projects/macos-dock-cc-v2-fullscreen-transition/Core/Support/AppFallbackChipDecision.swift /Users/caye/Projects/macos-dock-cc-v2-fullscreen-transition/Core/Support/RunningStateSweepDecision.swift /Users/caye/Projects/macos-dock-cc-v2-fullscreen-transition/App/Entry/MacOSDockCCV2App.swift /Users/caye/Projects/macos-dock-cc-v2-fullscreen-transition/App/Entry/AppDelegate.swift /Users/caye/Projects/macos-dock-cc-v2-fullscreen-transition/App/Entry/SettingsWindowController.swift /Users/caye/Projects/macos-dock-cc-v2-fullscreen-transition/App/Scenes/SettingsWindowView.swift /Users/caye/Projects/macos-dock-cc-v2-fullscreen-transition/App/Composition/SettingsCoordinator.swift /Users/caye/Projects/macos-dock-cc-v2-fullscreen-transition/App/Composition/AutoHideToggleMenuModel.swift /Users/caye/Projects/macos-dock-cc-v2-fullscreen-transition/Core/Support/AccessoryWindowPresentation.swift /Users/caye/Projects/macos-dock-cc-v2-fullscreen-transition/Core/Support/StripContextMenuZone.swift /Users/caye/Projects/macos-dock-cc-v2-fullscreen-transition/App/Entry/PanelCoordinator.swift /Users/caye/Projects/macos-dock-cc-v2-fullscreen-transition/App/Scenes/DockStripView.swift /Users/caye/Projects/macos-dock-cc-v2-fullscreen-transition/App/Scenes/WindowTitleTooltip.swift /Users/caye/Projects/macos-dock-cc-v2-fullscreen-transition/App/Scenes/DrawerView.swift /Users/caye/Projects/macos-dock-cc-v2-fullscreen-transition/App/Scenes/ContentView.swift /Users/caye/Projects/macos-dock-cc-v2-fullscreen-transition/App/Scenes/PermissionOnboardingView.swift /Users/caye/Projects/macos-dock-cc-v2-fullscreen-transition/Platform/Permissions/AccessibilityPermissionDecision.swift /Users/caye/Projects/macos-dock-cc-v2-fullscreen-transition/Platform/Permissions/PermissionRecoveryMachine.swift /Users/caye/Projects/macos-dock-cc-v2-fullscreen-transition/Platform/Permissions/AccessibilityPermissionModel.swift /Users/caye/Projects/macos-dock-cc-v2-fullscreen-transition/Platform/Permissions/PermissionRecoveryCoordinator.swift /Users/caye/Projects/macos-dock-cc-v2-fullscreen-transition/App/Composition/AppComposition.swift /Users/caye/Projects/macos-dock-cc-v2-fullscreen-transition/App/Composition/DrawerStore.swift /Users/caye/Projects/macos-dock-cc-v2-fullscreen-transition/App/Composition/MessagingAppStore.swift /Users/caye/Projects/macos-dock-cc-v2-fullscreen-transition/App/Composition/StripOrderStore.swift /Users/caye/Projects/macos-dock-cc-v2-fullscreen-transition/App/Composition/DragController.swift /Users/caye/Projects/macos-dock-cc-v2-fullscreen-transition/App/Composition/DragCarrierView.swift /Users/caye/Projects/macos-dock-cc-v2-fullscreen-transition/App/Entry/NonConstrainingPanel.swift /Users/caye/Projects/macos-dock-cc-v2-fullscreen-transition/App/Composition/DrawerOrderStore.swift /Users/caye/Projects/macos-dock-cc-v2-fullscreen-transition/App/Composition/AppSettingsStore.swift /Users/caye/Projects/macos-dock-cc-v2-fullscreen-transition/App/Composition/GlobalHotKeyMonitor.swift /Users/caye/Projects/macos-dock-cc-v2-fullscreen-transition/App/Composition/LaunchAtLoginService.swift /Users/caye/Projects/macos-dock-cc-v2-fullscreen-transition/App/Composition/NativeDockPreferencesService.swift /Users/caye/Projects/macos-dock-cc-v2-fullscreen-transition/App/Composition/PanelVisibilityState.swift /Users/caye/Projects/macos-dock-cc-v2-fullscreen-transition/App/Composition/PanelGeometry.swift /Users/caye/Projects/macos-dock-cc-v2-fullscreen-transition/App/Composition/WindowLiftAvoidanceController.swift /Users/caye/Projects/macos-dock-cc-v2-fullscreen-transition/Core/Support/WindowLiftAvoidance.swift /Users/caye/Projects/macos-dock-cc-v2-fullscreen-transition/Core/Support/BuildProvenance.swift /Users/caye/Projects/macos-dock-cc-v2-fullscreen-transition/App/Entry/StatusMenuController.swift /Users/caye/Projects/macos-dock-cc-v2-fullscreen-transition/App/Composition/UpdateChecker.swift /Users/caye/Projects/macos-dock-cc-v2-fullscreen-transition/App/Scenes/LauncherChip.swift /Users/caye/Projects/macos-dock-cc-v2-fullscreen-transition/App/Scenes/LauncherMembershipItem.swift /Users/caye/Projects/macos-dock-cc-v2-fullscreen-transition/App/Scenes/AppMenuFragments.swift /Users/caye/Projects/macos-dock-cc-v2-fullscreen-transition/Core/Support/RecentDocumentsReader.swift /Users/caye/Projects/macos-dock-cc-v2-fullscreen-transition/App/Composition/PinnedFolderStore.swift /Users/caye/Projects/macos-dock-cc-v2-fullscreen-transition/Core/Support/DirectoryWatcher.swift /Users/caye/Projects/macos-dock-cc-v2-fullscreen-transition/Core/Support/FolderContentsLoader.swift /Users/caye/Projects/macos-dock-cc-v2-fullscreen-transition/App/Composition/PinnedFolderCoverStore.swift /Users/caye/Projects/macos-dock-cc-v2-fullscreen-transition/App/Composition/FileItemMenuBuilder.swift /Users/caye/Projects/macos-dock-cc-v2-fullscreen-transition/Core/Support/StripDropRouting.swift /Users/caye/Projects/macos-dock-cc-v2-fullscreen-transition/Core/Support/FolderDropPlan.swift /Users/caye/Projects/macos-dock-cc-v2-fullscreen-transition/App/Composition/FileMover.swift /Users/caye/Projects/macos-dock-cc-v2-fullscreen-transition/Core/Support/LauncherMenuPlan.swift /Users/caye/Projects/macos-dock-cc-v2-fullscreen-transition/Core/Support/LauncherChipVisualPlan.swift /Users/caye/Projects/macos-dock-cc-v2-fullscreen-transition/Core/Support/LaunchGateDecision.swift /Users/caye/Projects/macos-dock-cc-v2-fullscreen-transition/Core/Support/AppLaunchTargetDecision.swift /Users/caye/Projects/macos-dock-cc-v2-fullscreen-transition/Core/Support/DockThemeTokens.swift /Users/caye/Projects/macos-dock-cc-v2-fullscreen-transition/App/Scenes/DockTheme.swift /Users/caye/Projects/macos-dock-cc-v2-fullscreen-transition/App/Scenes/DockGlassBackdrop.swift /Users/caye/Projects/macos-dock-cc-v2-fullscreen-transition/Core/Support/AppMembershipMenuPlan.swift /Users/caye/Projects/macos-dock-cc-v2-fullscreen-transition/Core/Support/DragConversionPlan.swift /Users/caye/Projects/macos-dock-cc-v2-fullscreen-transition/Core/Support/MessagingZoneAdmission.swift /Users/caye/Projects/macos-dock-cc-v2-fullscreen-transition/Core/Support/FolderChipDropZone.swift /Users/caye/Projects/macos-dock-cc-v2-fullscreen-transition/App/Composition/ShelfStore.swift /Users/caye/Projects/macos-dock-cc-v2-fullscreen-transition/App/Composition/KeptAppStore.swift /Users/caye/Projects/macos-dock-cc-v2-fullscreen-transition/App/Composition/RunningApplicationStore.swift /Users/caye/Projects/macos-dock-cc-v2-fullscreen-transition/App/Composition/AppMembershipController.swift /Users/caye/Projects/macos-dock-cc-v2-fullscreen-transition/App/Scenes/ShelfChip.swift /Users/caye/Projects/macos-dock-cc-v2-fullscreen-transition/App/Scenes/ShelfGridPopupView.swift /Users/caye/Projects/macos-dock-cc-v2-fullscreen-transition/App/Scenes/FolderGridPopupView.swift /Users/caye/Projects/macos-dock-cc-v2-fullscreen-transition/App/Scenes/PinnedFolderChip.swift /Users/caye/Projects/macos-dock-cc-v2-fullscreen-transition/App/Composition/BadgeStore.swift /Users/caye/Projects/macos-dock-cc-v2-fullscreen-transition/Platform/Accessibility/DockBadgeReader.swift /Users/caye/Projects/macos-dock-cc-v2-fullscreen-transition/App/Composition/ObservationPipeline/ObservationPipeline.swift /Users/caye/Projects/macos-dock-cc-v2-fullscreen-transition/App/Composition/ObservationPipeline/PendingCloseTracker.swift /Users/caye/Projects/macos-dock-cc-v2-fullscreen-transition/App/Composition/ObservationPipeline/ObservationAdmissionGate.swift /Users/caye/Projects/macos-dock-cc-v2-fullscreen-transition/App/Composition/IntentPipeline/IntentPipeline.swift /Users/caye/Projects/macos-dock-cc-v2-fullscreen-transition/Core/Model/Identifiers.swift /Users/caye/Projects/macos-dock-cc-v2-fullscreen-transition/Core/Model/WindowModels.swift /Users/caye/Projects/macos-dock-cc-v2-fullscreen-transition/Core/Model/SystemBoundaryModels.swift /Users/caye/Projects/macos-dock-cc-v2-fullscreen-transition/Core/Model/Decisions.swift /Users/caye/Projects/macos-dock-cc-v2-fullscreen-transition/Core/Model/WindowFrameMatchPolicy.swift /Users/caye/Projects/macos-dock-cc-v2-fullscreen-transition/Core/State/DockState.swift /Users/caye/Projects/macos-dock-cc-v2-fullscreen-transition/Core/Identity/WindowIdentityEngine.swift /Users/caye/Projects/macos-dock-cc-v2-fullscreen-transition/Core/Identity/Rules/IdentityRuleEngine.swift /Users/caye/Projects/macos-dock-cc-v2-fullscreen-transition/Core/Model/ObservationKindMergeRule.swift /Users/caye/Projects/macos-dock-cc-v2-fullscreen-transition/Core/Placement/PlacementEngine.swift /Users/caye/Projects/macos-dock-cc-v2-fullscreen-transition/Core/Lifecycle/Transitions/LifecycleTransitionEngine.swift /Users/caye/Projects/macos-dock-cc-v2-fullscreen-transition/Core/Lifecycle/Transitions/AppFallbackRetentionPolicy.swift /Users/caye/Projects/macos-dock-cc-v2-fullscreen-transition/Core/Lifecycle/ActionPlanning/LifecycleActionPlanner.swift /Users/caye/Projects/macos-dock-cc-v2-fullscreen-transition/Platform/Accessibility/AXWindowReader.swift /Users/caye/Projects/macos-dock-cc-v2-fullscreen-transition/Platform/Accessibility/AXWindowMatchPolicy.swift /Users/caye/Projects/macos-dock-cc-v2-fullscreen-transition/Platform/Accessibility/AccessibilitySource.swift /Users/caye/Projects/macos-dock-cc-v2-fullscreen-transition/Platform/CoreGraphics/CoreGraphicsSource.swift /Users/caye/Projects/macos-dock-cc-v2-fullscreen-transition/Platform/CoreGraphics/DockWindowEligibilityPolicy.swift /Users/caye/Projects/macos-dock-cc-v2-fullscreen-transition/Platform/Finder/FinderWindowRules.swift /Users/caye/Projects/macos-dock-cc-v2-fullscreen-transition/Platform/Finder/FinderWindowContentsReader.swift /Users/caye/Projects/macos-dock-cc-v2-fullscreen-transition/Core/Support/FolderInteraction.swift /Users/caye/Projects/macos-dock-cc-v2-fullscreen-transition/Core/Support/FinderAppleEventMatcher.swift /Users/caye/Projects/macos-dock-cc-v2-fullscreen-transition/Platform/Finder/FinderSource.swift /Users/caye/Projects/macos-dock-cc-v2-fullscreen-transition/Platform/Permissions/PermissionService.swift /Users/caye/Projects/macos-dock-cc-v2-fullscreen-transition/UI/ReadModel/StripItem.swift /Users/caye/Projects/macos-dock-cc-v2-fullscreen-transition/Platform/AppTracking/AppWindowObserver.swift /Users/caye/Projects/macos-dock-cc-v2-fullscreen-transition/Platform/AppTracking/AppTracker.swift /Users/caye/Projects/macos-dock-cc-v2-fullscreen-transition/Platform/AppTracking/CGWindowSnapshot.swift /Users/caye/Projects/macos-dock-cc-v2-fullscreen-transition/Platform/AppTracking/TabFoldDecision.swift /Users/caye/Projects/macos-dock-cc-v2-fullscreen-transition/Platform/AppTracking/WindowInventoryAnomalyLog.swift /Users/caye/Projects/macos-dock-cc-v2-fullscreen-transition/Platform/AppTracking/ProcessLiveness.swift /Users/caye/Projects/macos-dock-cc-v2-fullscreen-transition/Platform/AppTracking/ScanAdmissionDecision.swift /Users/caye/Projects/macos-dock-cc-v2-fullscreen-transition/build/FinalHoldReleaseDD/Build/Intermediates.noindex/macos-dock-cc-v2.build/Release/macos-dock-cc-v2.build/DerivedSources/GeneratedAssetSymbols.swift /Applications/Xcode.app/Contents/Developer/Toolchains/XcodeDefault.xctoolchain/usr/lib/swift/macosx/prebuilt-modules/26.5/Distributed.swiftmodule/arm64e-apple-macos.swiftmodule /Applications/Xcode.app/Contents/Developer/Toolchains/XcodeDefault.xctoolchain/usr/lib/swift/macosx/prebuilt-modules/26.5/CoreVideo.swiftmodule/arm64e-apple-macos.swiftmodule /Applications/Xcode.app/Contents/Developer/Toolchains/XcodeDefault.xctoolchain/usr/lib/swift/macosx/prebuilt-modules/26.5/Foundation.swiftmodule/arm64e-apple-macos.swiftmodule /Applications/Xcode.app/Contents/Developer/Toolchains/XcodeDefault.xctoolchain/usr/lib/swift/macosx/prebuilt-modules/26.5/Symbols.swiftmodule/arm64e-apple-macos.swiftmodule /Applications/Xcode.app/Contents/Developer/Toolchains/XcodeDefault.xctoolchain/usr/lib/swift/macosx/prebuilt-modules/26.5/DeveloperToolsSupport.swiftmodule/arm64e-apple-macos.swiftmodule /Applications/Xcode.app/Contents/Developer/Toolchains/XcodeDefault.xctoolchain/usr/lib/swift/macosx/prebuilt-modules/26.5/Network.swiftmodule/arm64e-apple-macos.swiftmodule /Applications/Xcode.app/Contents/Developer/Toolchains/XcodeDefault.xctoolchain/usr/lib/swift/macosx/prebuilt-modules/26.5/IOKit.swiftmodule/arm64e-apple-macos.swiftmodule /Applications/Xcode.app/Contents/Developer/Toolchains/XcodeDefault.xctoolchain/usr/lib/swift/macosx/prebuilt-modules/26.5/CoreText.swiftmodule/arm64e-apple-macos.swiftmodule /Applications/Xcode.app/Contents/Developer/Toolchains/XcodeDefault.xctoolchain/usr/lib/swift/macosx/prebuilt-modules/26.5/CoreTransferable.swiftmodule/arm64e-apple-macos.swiftmodule /Applications/Xcode.app/Contents/Developer/Toolchains/XcodeDefault.xctoolchain/usr/lib/swift/macosx/prebuilt-modules/26.5/LightweightCodeRequirements.swiftmodule/arm64e-apple-macos.swiftmodule /Applications/Xcode.app/Contents/Developer/Toolchains/XcodeDefault.xctoolchain/usr/lib/swift/macosx/prebuilt-modules/26.5/Combine.swiftmodule/arm64e-apple-macos.swiftmodule /Applications/Xcode.app/Contents/Developer/Toolchains/XcodeDefault.xctoolchain/usr/lib/swift/macosx/prebuilt-modules/26.5/SwiftUICore.swiftmodule/arm64e-apple-macos.swiftmodule /Applications/Xcode.app/Contents/Developer/Toolchains/XcodeDefault.xctoolchain/usr/lib/swift/macosx/prebuilt-modules/26.5/Metal.swiftmodule/arm64e-apple-macos.swiftmodule /Applications/Xcode.app/Contents/Developer/Toolchains/XcodeDefault.xctoolchain/usr/lib/swift/macosx/prebuilt-modules/26.5/Darwin.swiftmodule/arm64e-apple-macos.swiftmodule /Applications/Xcode.app/Contents/Developer/Toolchains/XcodeDefault.xctoolchain/usr/lib/swift/macosx/prebuilt-modules/26.5/_DarwinFoundation2.swiftmodule/arm64e-apple-macos.swiftmodule /Applications/Xcode.app/Contents/Developer/Toolchains/XcodeDefault.xctoolchain/usr/lib/swift/macosx/prebuilt-modules/26.5/Observation.swiftmodule/arm64e-apple-macos.swiftmodule /Applications/Xcode.app/Contents/Developer/Toolchains/XcodeDefault.xctoolchain/usr/lib/swift/macosx/prebuilt-modules/26.5/ExtensionFoundation.swiftmodule/arm64e-apple-macos.swiftmodule /Applications/Xcode.app/Contents/Developer/Toolchains/XcodeDefault.xctoolchain/usr/lib/swift/macosx/prebuilt-modules/26.5/_Concurrency.swiftmodule/arm64e-apple-macos.swiftmodule /Applications/Xcode.app/Contents/Developer/Toolchains/XcodeDefault.xctoolchain/usr/lib/swift/macosx/prebuilt-modules/26.5/os.swiftmodule/arm64e-apple-macos.swiftmodule /Applications/Xcode.app/Contents/Developer/Toolchains/XcodeDefault.xctoolchain/usr/lib/swift/macosx/prebuilt-modules/26.5/CoreImage.swiftmodule/arm64e-apple-macos.swiftmodule /Applications/Xcode.app/Contents/Developer/Toolchains/XcodeDefault.xctoolchain/usr/lib/swift/macosx/prebuilt-modules/26.5/_StringProcessing.swiftmodule/arm64e-apple-macos.swiftmodule /Applications/Xcode.app/Contents/Developer/Toolchains/XcodeDefault.xctoolchain/usr/lib/swift/macosx/prebuilt-modules/26.5/QuartzCore.swiftmodule/arm64e-apple-macos.swiftmodule /Applications/Xcode.app/Contents/Developer/Toolchains/XcodeDefault.xctoolchain/usr/lib/swift/macosx/prebuilt-modules/26.5/Spatial.swiftmodule/arm64e-apple-macos.swiftmodule /Applications/Xcode.app/Contents/Developer/Toolchains/XcodeDefault.xctoolchain/usr/lib/swift/macosx/prebuilt-modules/26.5/CoreData.swiftmodule/arm64e-apple-macos.swiftmodule /Applications/Xcode.app/Contents/Developer/Toolchains/XcodeDefault.xctoolchain/usr/lib/swift/macosx/prebuilt-modules/26.5/Accessibility.swiftmodule/arm64e-apple-macos.swiftmodule /Applications/Xcode.app/Contents/Developer/Toolchains/XcodeDefault.xctoolchain/usr/lib/swift/macosx/prebuilt-modules/26.5/XPC.swiftmodule/arm64e-apple-macos.swiftmodule /Applications/Xcode.app/Contents/Developer/Toolchains/XcodeDefault.xctoolchain/usr/lib/swift/macosx/prebuilt-modules/26.5/ObjectiveC.swiftmodule/arm64e-apple-macos.swiftmodule /Applications/Xcode.app/Contents/Developer/Toolchains/XcodeDefault.xctoolchain/usr/lib/swift/macosx/prebuilt-modules/26.5/CoreGraphics.swiftmodule/arm64e-apple-macos.swiftmodule /Applications/Xcode.app/Contents/Developer/Toolchains/XcodeDefault.xctoolchain/usr/lib/swift/macosx/prebuilt-modules/26.5/DataDetection.swiftmodule/arm64e-apple-macos.swiftmodule /Applications/Xcode.app/Contents/Developer/Toolchains/XcodeDefault.xctoolchain/usr/lib/swift/macosx/prebuilt-modules/26.5/System.swiftmodule/arm64e-apple-macos.swiftmodule /Applications/Xcode.app/Contents/Developer/Toolchains/XcodeDefault.xctoolchain/usr/lib/swift/macosx/prebuilt-modules/26.5/CoreFoundation.swiftmodule/arm64e-apple-macos.swiftmodule /Applications/Xcode.app/Contents/Developer/Toolchains/XcodeDefault.xctoolchain/usr/lib/swift/macosx/prebuilt-modules/26.5/simd.swiftmodule/arm64e-apple-macos.swiftmodule /Applications/Xcode.app/Contents/Developer/Toolchains/XcodeDefault.xctoolchain/usr/lib/swift/macosx/prebuilt-modules/26.5/Swift.swiftmodule/arm64e-apple-macos.swiftmodule /Applications/Xcode.app/Contents/Developer/Toolchains/XcodeDefault.xctoolchain/usr/lib/swift/macosx/prebuilt-modules/26.5/Dispatch.swiftmodule/arm64e-apple-macos.swiftmodule /Applications/Xcode.app/Contents/Developer/Toolchains/XcodeDefault.xctoolchain/usr/lib/swift/macosx/prebuilt-modules/26.5/OSLog.swiftmodule/arm64e-apple-macos.swiftmodule /Applications/Xcode.app/Contents/Developer/Toolchains/XcodeDefault.xctoolchain/usr/lib/swift/macosx/prebuilt-modules/26.5/_DarwinFoundation3.swiftmodule/arm64e-apple-macos.swiftmodule /Applications/Xcode.app/Contents/Developer/Toolchains/XcodeDefault.xctoolchain/usr/lib/swift/macosx/prebuilt-modules/26.5/UniformTypeIdentifiers.swiftmodule/arm64e-apple-macos.swiftmodule /Applications/Xcode.app/Contents/Developer/Toolchains/XcodeDefault.xctoolchain/usr/lib/swift/macosx/prebuilt-modules/26.5/AppKit.swiftmodule/arm64e-apple-macos.swiftmodule /Applications/Xcode.app/Contents/Developer/Toolchains/XcodeDefault.xctoolchain/usr/lib/swift/macosx/prebuilt-modules/26.5/_DarwinFoundation1.swiftmodule/arm64e-apple-macos.swiftmodule /Applications/Xcode.app/Contents/Developer/Toolchains/XcodeDefault.xctoolchain/usr/lib/swift/macosx/prebuilt-modules/26.5/SwiftUI.swiftmodule/arm64e-apple-macos.swiftmodule /Applications/Xcode.app/Contents/Developer/Toolchains/XcodeDefault.xctoolchain/usr/lib/swift/macosx/prebuilt-modules/26.5/_Builtin_float.swiftmodule/arm64e-apple-macos.swiftmodule /Applications/Xcode.app/Contents/Developer/Toolchains/XcodeDefault.xctoolchain/usr/lib/swift/macosx/prebuilt-modules/26.5/QuickLookThumbnailing.swiftmodule/arm64e-apple-macos.swiftmodule /Users/caye/Projects/macos-dock-cc-v2-fullscreen-transition/build/FinalHoldReleaseDD/ModuleCache.noindex/_Builtin_stdatomic-AA052PZVBL4BRTXQCJFNPLBWM.pcm /Users/caye/Projects/macos-dock-cc-v2-fullscreen-transition/build/FinalHoldReleaseDD/ModuleCache.noindex/CoreText-4NXD6KTYI3RFRTORNRNL1OYPH.pcm /Users/caye/Projects/macos-dock-cc-v2-fullscreen-transition/build/FinalHoldReleaseDD/ModuleCache.noindex/sys_types-5RQ4BW6L67LCZR0S3UUGLSDOV.pcm /Users/caye/Projects/macos-dock-cc-v2-fullscreen-transition/build/FinalHoldReleaseDD/ModuleCache.noindex/libkern-6ENFUIYVF54XVZIMSMT24HF5A.pcm /Users/caye/Projects/macos-dock-cc-v2-fullscreen-transition/build/FinalHoldReleaseDD/ModuleCache.noindex/_Builtin_limits-6LIYTH7MT4VQYZL8YS6VATSBR.pcm /Users/caye/Projects/macos-dock-cc-v2-fullscreen-transition/build/FinalHoldReleaseDD/ModuleCache.noindex/_DarwinFoundation3-E1TVZERCMDZN617MTSXZDS6RN.pcm /Users/caye/Projects/macos-dock-cc-v2-fullscreen-transition/build/FinalHoldReleaseDD/ModuleCache.noindex/os-CJ58MI40YU5DT0F0TN1URHUDY.pcm /Users/caye/Projects/macos-dock-cc-v2-fullscreen-transition/build/FinalHoldReleaseDD/ModuleCache.noindex/Dispatch-72U5OTV2BYU62XZFWLUFPQMZC.pcm /Users/caye/Projects/macos-dock-cc-v2-fullscreen-transition/build/FinalHoldReleaseDD/ModuleCache.noindex/os_object-BM6AU3J7F7KJ6FK8F8DSX69Y7.pcm /Users/caye/Projects/macos-dock-cc-v2-fullscreen-transition/build/FinalHoldReleaseDD/ModuleCache.noindex/os_workgroup-9LEWFDFY8Z4UIQ9TB60J3EGOJ.pcm /Users/caye/Projects/macos-dock-cc-v2-fullscreen-transition/build/FinalHoldReleaseDD/ModuleCache.noindex/_Builtin_stdbool-7PF21GESMQOS1YDBR0R50W78V.pcm /Users/caye/Projects/macos-dock-cc-v2-fullscreen-transition/build/FinalHoldReleaseDD/ModuleCache.noindex/CoreServices-4C362BICB42A7QLDVDBG27GH8.pcm /Users/caye/Projects/macos-dock-cc-v2-fullscreen-transition/build/FinalHoldReleaseDD/ModuleCache.noindex/CoreGraphics-43C2FSKYC2N4DQENQRU94KQCP.pcm /Users/caye/Projects/macos-dock-cc-v2-fullscreen-transition/build/FinalHoldReleaseDD/ModuleCache.noindex/CUPS-4ID0U2I7TTG5A7YKQYXKGHV5G.pcm /Users/caye/Projects/macos-dock-cc-v2-fullscreen-transition/build/FinalHoldReleaseDD/ModuleCache.noindex/CoreTransferable-4P7RLTDYZ9AEBM4EHX0V3EEB0.pcm /Users/caye/Projects/macos-dock-cc-v2-fullscreen-transition/build/FinalHoldReleaseDD/ModuleCache.noindex/Foundation-EIQMRBDDYLA9FN1DZWTO18GGT.pcm /Users/caye/Projects/macos-dock-cc-v2-fullscreen-transition/build/FinalHoldReleaseDD/ModuleCache.noindex/ApplicationServices-19NKPKHP2HWCTPOL27EJ2GA7F.pcm /Users/caye/Projects/macos-dock-cc-v2-fullscreen-transition/build/FinalHoldReleaseDD/ModuleCache.noindex/CoreVideo-B7EDAZ9H6IMK7QB6E0JYNDC59.pcm /Users/caye/Projects/macos-dock-cc-v2-fullscreen-transition/build/FinalHoldReleaseDD/ModuleCache.noindex/_AvailabilityInternal-1FF1GZHR8DQIJKNB31PHITR9N.pcm /Users/caye/Projects/macos-dock-cc-v2-fullscreen-transition/build/FinalHoldReleaseDD/ModuleCache.noindex/MachO-AVCOWDLJLLUVVMKH4C555CM2J.pcm /Users/caye/Projects/macos-dock-cc-v2-fullscreen-transition/build/FinalHoldReleaseDD/ModuleCache.noindex/ptrauth-A7ULT8X4NIR8A36V5N5YKVN54.pcm /Users/caye/Projects/macos-dock-cc-v2-fullscreen-transition/build/FinalHoldReleaseDD/ModuleCache.noindex/simd-81SJZLVMXLK2YG4VZ6V59P3Z1.pcm /Users/caye/Projects/macos-dock-cc-v2-fullscreen-transition/build/FinalHoldReleaseDD/ModuleCache.noindex/_DarwinFoundation2-A9PWGLOX3KB52MU64XLK4L4F1.pcm /Users/caye/Projects/macos-dock-cc-v2-fullscreen-transition/build/FinalHoldReleaseDD/ModuleCache.noindex/SwiftShims-6UXTJ075BY3HAB5OI7HHJPAVN.pcm /Users/caye/Projects/macos-dock-cc-v2-fullscreen-transition/build/FinalHoldReleaseDD/ModuleCache.noindex/ColorSync-DX2K2NOJE2UKO4TNATN30AV3I.pcm /Users/caye/Projects/macos-dock-cc-v2-fullscreen-transition/build/FinalHoldReleaseDD/ModuleCache.noindex/Network-54UI161KA9BEFWJBC2W94XLYO.pcm /Users/caye/Projects/macos-dock-cc-v2-fullscreen-transition/build/FinalHoldReleaseDD/ModuleCache.noindex/_Builtin_tgmath-DA77131JJZ7QPJZW85GW95GW0.pcm /Users/caye/Projects/macos-dock-cc-v2-fullscreen-transition/build/FinalHoldReleaseDD/ModuleCache.noindex/Symbols-NAD7XAJ6TYTF8HI50T4EKA1G.pcm /Users/caye/Projects/macos-dock-cc-v2-fullscreen-transition/build/FinalHoldReleaseDD/ModuleCache.noindex/CFNetwork-3PBOYP3DJT69K60RUE4RCFIHX.pcm /Users/caye/Projects/macos-dock-cc-v2-fullscreen-transition/build/FinalHoldReleaseDD/ModuleCache.noindex/_SwiftConcurrencyShims-A727OT3N4H1DTGQI85CA22MFN.pcm /Users/caye/Projects/macos-dock-cc-v2-fullscreen-transition/build/FinalHoldReleaseDD/ModuleCache.noindex/DataDetection-6ZYPQN10TQNL9I4TG9IF3TX8W.pcm /Users/caye/Projects/macos-dock-cc-v2-fullscreen-transition/build/FinalHoldReleaseDD/ModuleCache.noindex/ImageIO-2YJ9H59MLHQ6AYR0HQJC77CYL.pcm /Users/caye/Projects/macos-dock-cc-v2-fullscreen-transition/build/FinalHoldReleaseDD/ModuleCache.noindex/_DarwinFoundation1-7TMVXA6SRO9YMLQP1VGC00BNF.pcm /Users/caye/Projects/macos-dock-cc-v2-fullscreen-transition/build/FinalHoldReleaseDD/ModuleCache.noindex/OpenGL-77KSHFELBXCTZG78CL2ANJ1NQ.pcm /Users/caye/Projects/macos-dock-cc-v2-fullscreen-transition/build/FinalHoldReleaseDD/ModuleCache.noindex/UniformTypeIdentifiers-9XPVQYIR9MAI782SHNR51IH9.pcm /Users/caye/Projects/macos-dock-cc-v2-fullscreen-transition/build/FinalHoldReleaseDD/ModuleCache.noindex/IOSurface-5UICUXVOHI8Z3403BF0YFMWH5.pcm /Users/caye/Projects/macos-dock-cc-v2-fullscreen-transition/build/FinalHoldReleaseDD/ModuleCache.noindex/_Builtin_stddef-A55A231XPGXP2VQ7U6061O701.pcm /Users/caye/Projects/macos-dock-cc-v2-fullscreen-transition/build/FinalHoldReleaseDD/ModuleCache.noindex/_Builtin_float-SMPAM4K2EQ8J0M5SKD83USU7.pcm /Users/caye/Projects/macos-dock-cc-v2-fullscreen-transition/build/FinalHoldReleaseDD/ModuleCache.noindex/SwiftUI-E62V94PB5069TODCIBB8DCZ1U.pcm /Users/caye/Projects/macos-dock-cc-v2-fullscreen-transition/build/FinalHoldReleaseDD/ModuleCache.noindex/Darwin-14U8FCTP2CVY3EEVXCBWYK96J.pcm /Users/caye/Projects/macos-dock-cc-v2-fullscreen-transition/build/FinalHoldReleaseDD/ModuleCache.noindex/CoreData-CNRJ7G71PGZ3IPZLJO8EGH9QA.pcm /Users/caye/Projects/macos-dock-cc-v2-fullscreen-transition/build/FinalHoldReleaseDD/ModuleCache.noindex/CoreFoundation-DK7PZT40JHOU4P0CHTPJF7QT8.pcm /Users/caye/Projects/macos-dock-cc-v2-fullscreen-transition/build/FinalHoldReleaseDD/ModuleCache.noindex/_Builtin_inttypes-B5ZU63GJKJASTMJMSKJZ61UVM.pcm /Users/caye/Projects/macos-dock-cc-v2-fullscreen-transition/build/FinalHoldReleaseDD/ModuleCache.noindex/Metal-9TJJLBFBS16P2I8S78FJY8U01.pcm /Users/caye/Projects/macos-dock-cc-v2-fullscreen-transition/build/FinalHoldReleaseDD/ModuleCache.noindex/XPC-6QGZ7Z2MTEK5LF2JJFHVIMAZW.pcm /Users/caye/Projects/macos-dock-cc-v2-fullscreen-transition/build/FinalHoldReleaseDD/ModuleCache.noindex/ObjectiveC-782O951EEERK24PAUPALPPX6H.pcm /Users/caye/Projects/macos-dock-cc-v2-fullscreen-transition/build/FinalHoldReleaseDD/ModuleCache.noindex/Spatial-9KHZ2J9C3B4VEAHJ9FTF0D8TW.pcm /Users/caye/Projects/macos-dock-cc-v2-fullscreen-transition/build/FinalHoldReleaseDD/ModuleCache.noindex/DiskArbitration-8KQ1QX1D5UP4814MGYZY59XTY.pcm /Users/caye/Projects/macos-dock-cc-v2-fullscreen-transition/build/FinalHoldReleaseDD/ModuleCache.noindex/Carbon-EZ5EN0RRNA6UANAYP0GH8N2TB.pcm /Users/caye/Projects/macos-dock-cc-v2-fullscreen-transition/build/FinalHoldReleaseDD/ModuleCache.noindex/SwiftUICore-7U2MQVT04WQCW9A9DTWHW3ZCC.pcm /Users/caye/Projects/macos-dock-cc-v2-fullscreen-transition/build/FinalHoldReleaseDD/ModuleCache.noindex/dnssd-2DHIZ0BQ5XV3SH2GM18MD86BH.pcm /Users/caye/Projects/macos-dock-cc-v2-fullscreen-transition/build/FinalHoldReleaseDD/ModuleCache.noindex/_Builtin_stdarg-6NUPEDNIPI4U9NWE2GAKPGZIT.pcm /Users/caye/Projects/macos-dock-cc-v2-fullscreen-transition/build/FinalHoldReleaseDD/ModuleCache.noindex/Security-7MODPI2OU4KD3VN33IKLCPWVP.pcm /Users/caye/Projects/macos-dock-cc-v2-fullscreen-transition/build/FinalHoldReleaseDD/ModuleCache.noindex/libDER-1YOAFHBZ35GNW57A0APAUMI6Y.pcm /Users/caye/Projects/macos-dock-cc-v2-fullscreen-transition/build/FinalHoldReleaseDD/ModuleCache.noindex/Accessibility-5QL271KKAXPO9ME3OQ6KQNAAO.pcm /Users/caye/Projects/macos-dock-cc-v2-fullscreen-transition/build/FinalHoldReleaseDD/ModuleCache.noindex/_Builtin_stdint-BJ7YUFEIW0FACX8X046AD30PL.pcm /Users/caye/Projects/macos-dock-cc-v2-fullscreen-transition/build/FinalHoldReleaseDD/ModuleCache.noindex/QuartzCore-A32HFMS7RZYYDYNSJGRGZD1OP.pcm /Users/caye/Projects/macos-dock-cc-v2-fullscreen-transition/build/FinalHoldReleaseDD/ModuleCache.noindex/ExtensionFoundation-D4C9QO12RT0U55DT7WUGRGH2E.pcm /Users/caye/Projects/macos-dock-cc-v2-fullscreen-transition/build/FinalHoldReleaseDD/ModuleCache.noindex/ptrcheck-1LDKEGRGRW56LCUK7BEV932Z0.pcm /Users/caye/Projects/macos-dock-cc-v2-fullscreen-transition/build/FinalHoldReleaseDD/ModuleCache.noindex/DeveloperToolsSupport-8KWB1IJIJ4R0CTA2VQ0QMK263.pcm /Users/caye/Projects/macos-dock-cc-v2-fullscreen-transition/build/FinalHoldReleaseDD/ModuleCache.noindex/OSLog-C4SBTQ3OL0335Y7DCJHU0RMBK.pcm /Users/caye/Projects/macos-dock-cc-v2-fullscreen-transition/build/FinalHoldReleaseDD/ModuleCache.noindex/launch-1EE6A5FEICEUKIFLDL9ZTU1L7.pcm /Users/caye/Projects/macos-dock-cc-v2-fullscreen-transition/build/FinalHoldReleaseDD/ModuleCache.noindex/_Builtin_intrinsics-310JXQAR7GXKNAX3Q9WFYDZ8R.pcm /Users/caye/Projects/macos-dock-cc-v2-fullscreen-transition/build/FinalHoldReleaseDD/ModuleCache.noindex/AppKit-65VU47UMB3E95HJFFOG4W6N8T.pcm /Users/caye/Projects/macos-dock-cc-v2-fullscreen-transition/build/FinalHoldReleaseDD/ModuleCache.noindex/IOKit-BRORZHTY9SG9SQYQ75971N1VL.pcm /Users/caye/Projects/macos-dock-cc-v2-fullscreen-transition/build/FinalHoldReleaseDD/ModuleCache.noindex/ServiceManagement-8SNBYU9NRA77VYH7GTBL48PVZ.pcm /Users/caye/Projects/macos-dock-cc-v2-fullscreen-transition/build/FinalHoldReleaseDD/ModuleCache.noindex/QuickLookThumbnailing-1QEUHY7EIYEDFXCNIFFHXCJZ4.pcm /Users/caye/Projects/macos-dock-cc-v2-fullscreen-transition/build/FinalHoldReleaseDD/ModuleCache.noindex/CoreImage-E1PLPEEH7LNPDXH69A59CNSBT.pcm /Users/caye/Projects/macos-dock-cc-v2-fullscreen-transition/build/FinalHoldReleaseDD/Build/Intermediates.noindex/macos-dock-cc-v2.build/Release/macos-dock-cc-v2.build/Objects-normal/arm64/macos_dock_cc_v2-dependencies-2.json (in target 'macos-dock-cc-v2' from project 'macos-dock-cc-v2')

CompileSwift normal arm64 (in target 'macos-dock-cc-v2' from project 'macos-dock-cc-v2')
    cd /Users/caye/Projects/macos-dock-cc-v2-fullscreen-transition
    
/Users/caye/Projects/macos-dock-cc-v2-fullscreen-transition/Platform/Permissions/AccessibilityPermissionModel.swift:35:65: warning: main actor-isolated static property 'defaultStallInterval' can not be referenced from a nonisolated context; this is an error in the Swift 6 language mode
        stallAfter: TimeInterval = AccessibilityPermissionModel.defaultStallInterval
                                                                ^
/Users/caye/Projects/macos-dock-cc-v2-fullscreen-transition/Platform/Permissions/AccessibilityPermissionModel.swift:12:16: note: static property declared here
    static let defaultStallInterval: TimeInterval = 8
               ^

SwiftDriverJobDiscovery normal arm64 Compiling FullscreenIntentDecision.swift, FullscreenIntentMonitor.swift, AppFallbackChipDecision.swift, RunningStateSweepDecision.swift, MacOSDockCCV2App.swift, AppDelegate.swift, SettingsWindowController.swift, SettingsWindowView.swift, SettingsCoordinator.swift, AutoHideToggleMenuModel.swift, AccessoryWindowPresentation.swift, StripContextMenuZone.swift, PanelCoordinator.swift, DockStripView.swift, WindowTitleTooltip.swift, DrawerView.swift, ContentView.swift, PermissionOnboardingView.swift, AccessibilityPermissionDecision.swift, PermissionRecoveryMachine.swift, AccessibilityPermissionModel.swift, PermissionRecoveryCoordinator.swift, AppComposition.swift, DrawerStore.swift, MessagingAppStore.swift, StripOrderStore.swift, DragController.swift, DragCarrierView.swift, NonConstrainingPanel.swift, DrawerOrderStore.swift, AppSettingsStore.swift, GlobalHotKeyMonitor.swift, LaunchAtLoginService.swift, NativeDockPreferencesService.swift, PanelVisibilityState.swift, PanelGeometry.swift, WindowLiftAvoidanceController.swift, WindowLiftAvoidance.swift, BuildProvenance.swift, StatusMenuController.swift, UpdateChecker.swift, LauncherChip.swift, LauncherMembershipItem.swift, AppMenuFragments.swift, RecentDocumentsReader.swift, PinnedFolderStore.swift, DirectoryWatcher.swift, FolderContentsLoader.swift, PinnedFolderCoverStore.swift, FileItemMenuBuilder.swift, StripDropRouting.swift, FolderDropPlan.swift, FileMover.swift, LauncherMenuPlan.swift, LauncherChipVisualPlan.swift, LaunchGateDecision.swift, AppLaunchTargetDecision.swift, DockThemeTokens.swift, DockTheme.swift, DockGlassBackdrop.swift, AppMembershipMenuPlan.swift, DragConversionPlan.swift, MessagingZoneAdmission.swift, FolderChipDropZone.swift, ShelfStore.swift, KeptAppStore.swift, RunningApplicationStore.swift, AppMembershipController.swift, ShelfChip.swift, ShelfGridPopupView.swift, FolderGridPopupView.swift, PinnedFolderChip.swift, BadgeStore.swift, DockBadgeReader.swift, ObservationPipeline.swift, PendingCloseTracker.swift, ObservationAdmissionGate.swift, IntentPipeline.swift, Identifiers.swift, WindowModels.swift, SystemBoundaryModels.swift, Decisions.swift, WindowFrameMatchPolicy.swift, DockState.swift, WindowIdentityEngine.swift, IdentityRuleEngine.swift, ObservationKindMergeRule.swift, PlacementEngine.swift, LifecycleTransitionEngine.swift, AppFallbackRetentionPolicy.swift, LifecycleActionPlanner.swift, AXWindowReader.swift, AXWindowMatchPolicy.swift, AccessibilitySource.swift, CoreGraphicsSource.swift, DockWindowEligibilityPolicy.swift, FinderWindowRules.swift, FinderWindowContentsReader.swift, FolderInteraction.swift, FinderAppleEventMatcher.swift, FinderSource.swift, PermissionService.swift, StripItem.swift, AppWindowObserver.swift, AppTracker.swift, CGWindowSnapshot.swift, TabFoldDecision.swift, WindowInventoryAnomalyLog.swift, ProcessLiveness.swift, ScanAdmissionDecision.swift, GeneratedAssetSymbols.swift (in target 'macos-dock-cc-v2' from project 'macos-dock-cc-v2')

SwiftDriver\ Compilation\ Requirements macos-dock-cc-v2 normal arm64 com.apple.xcode.tools.swift.compiler (in target 'macos-dock-cc-v2' from project 'macos-dock-cc-v2')
    cd /Users/caye/Projects/macos-dock-cc-v2-fullscreen-transition
    builtin-Swift-Compilation-Requirements -- /Applications/Xcode.app/Contents/Developer/Toolchains/XcodeDefault.xctoolchain/usr/bin/swiftc -module-name macos_dock_cc_v2 -O -whole-module-optimization @/Users/caye/Projects/macos-dock-cc-v2-fullscreen-transition/build/FinalHoldReleaseDD/Build/Intermediates.noindex/macos-dock-cc-v2.build/Release/macos-dock-cc-v2.build/Objects-normal/arm64/macos-dock-cc-v2.SwiftFileList -enable-bare-slash-regex -enable-experimental-feature DebugDescriptionMacro -sdk /Applications/Xcode.app/Contents/Developer/Platforms/MacOSX.platform/Developer/SDKs/MacOSX26.5.sdk -target arm64-apple-macos12.0 -g -module-cache-path /Users/caye/Projects/macos-dock-cc-v2-fullscreen-transition/build/FinalHoldReleaseDD/ModuleCache.noindex -Xfrontend -serialize-debugging-options -profile-coverage-mapping -profile-generate -swift-version 5 -I /Users/caye/Projects/macos-dock-cc-v2-fullscreen-transition/build/FinalHoldReleaseDD/Build/Products/Release -F /Users/caye/Projects/macos-dock-cc-v2-fullscreen-transition/build/FinalHoldReleaseDD/Build/Products/Release -emit-localized-strings -emit-localized-strings-path /Users/caye/Projects/macos-dock-cc-v2-fullscreen-transition/build/FinalHoldReleaseDD/Build/Intermediates.noindex/macos-dock-cc-v2.build/Release/macos-dock-cc-v2.build/Objects-normal/arm64 -c -num-threads 15 -Xcc -ivfsstatcache -Xcc /Users/caye/Projects/macos-dock-cc-v2-fullscreen-transition/build/FinalHoldReleaseDD/SDKStatCaches.noindex/macosx26.5-25F70-e082c4a02f00227109f4ed75e425c832.sdkstatcache -output-file-map /Users/caye/Projects/macos-dock-cc-v2-fullscreen-transition/build/FinalHoldReleaseDD/Build/Intermediates.noindex/macos-dock-cc-v2.build/Release/macos-dock-cc-v2.build/Objects-normal/arm64/macos-dock-cc-v2-OutputFileMap.json -use-frontend-parseable-output -save-temps -no-color-diagnostics -explicit-module-build -module-cache-path /Users/caye/Projects/macos-dock-cc-v2-fullscreen-transition/build/FinalHoldReleaseDD/Build/Intermediates.noindex/SwiftExplicitPrecompiledModules -clang-scanner-module-cache-path /Users/caye/Projects/macos-dock-cc-v2-fullscreen-transition/build/FinalHoldReleaseDD/ModuleCache.noindex -sdk-module-cache-path /Users/caye/Projects/macos-dock-cc-v2-fullscreen-transition/build/FinalHoldReleaseDD/ModuleCache.noindex -serialize-diagnostics -emit-dependencies -emit-module -emit-module-path /Users/caye/Projects/macos-dock-cc-v2-fullscreen-transition/build/FinalHoldReleaseDD/Build/Intermediates.noindex/macos-dock-cc-v2.build/Release/macos-dock-cc-v2.build/Objects-normal/arm64/macos_dock_cc_v2.swiftmodule -validate-clang-modules-once -clang-build-session-file /Users/caye/Projects/macos-dock-cc-v2-fullscreen-transition/build/FinalHoldReleaseDD/ModuleCache.noindex/Session.modulevalidation -Xcc -I/Users/caye/Projects/macos-dock-cc-v2-fullscreen-transition/build/FinalHoldReleaseDD/Build/Intermediates.noindex/macos-dock-cc-v2.build/Release/macos-dock-cc-v2.build/swift-overrides.hmap -emit-const-values -Xfrontend -const-gather-protocols-file -Xfrontend /Users/caye/Projects/macos-dock-cc-v2-fullscreen-transition/build/FinalHoldReleaseDD/Build/Intermediates.noindex/macos-dock-cc-v2.build/Release/macos-dock-cc-v2.build/Objects-normal/arm64/macos-dock-cc-v2_const_extract_protocols.json -Xcc -iquote -Xcc /Users/caye/Projects/macos-dock-cc-v2-fullscreen-transition/build/FinalHoldReleaseDD/Build/Intermediates.noindex/macos-dock-cc-v2.build/Release/macos-dock-cc-v2.build/macos-dock-cc-v2-generated-files.hmap -Xcc -I/Users/caye/Projects/macos-dock-cc-v2-fullscreen-transition/build/FinalHoldReleaseDD/Build/Intermediates.noindex/macos-dock-cc-v2.build/Release/macos-dock-cc-v2.build/macos-dock-cc-v2-own-target-headers.hmap -Xcc -I/Users/caye/Projects/macos-dock-cc-v2-fullscreen-transition/build/FinalHoldReleaseDD/Build/Intermediates.noindex/macos-dock-cc-v2.build/Release/macos-dock-cc-v2.build/macos-dock-cc-v2-all-target-headers.hmap -Xcc -iquote -Xcc /Users/caye/Projects/macos-dock-cc-v2-fullscreen-transition/build/FinalHoldReleaseDD/Build/Intermediates.noindex/macos-dock-cc-v2.build/Release/macos-dock-cc-v2.build/macos-dock-cc-v2-project-headers.hmap -Xcc -I/Users/caye/Projects/macos-dock-cc-v2-fullscreen-transition/build/FinalHoldReleaseDD/Build/Products/Release/include -Xcc -I/Users/caye/Projects/macos-dock-cc-v2-fullscreen-transition/build/FinalHoldReleaseDD/Build/Intermediates.noindex/macos-dock-cc-v2.build/Release/macos-dock-cc-v2.build/DerivedSources-normal/arm64 -Xcc -I/Users/caye/Projects/macos-dock-cc-v2-fullscreen-transition/build/FinalHoldReleaseDD/Build/Intermediates.noindex/macos-dock-cc-v2.build/Release/macos-dock-cc-v2.build/DerivedSources/arm64 -Xcc -I/Users/caye/Projects/macos-dock-cc-v2-fullscreen-transition/build/FinalHoldReleaseDD/Build/Intermediates.noindex/macos-dock-cc-v2.build/Release/macos-dock-cc-v2.build/DerivedSources -emit-objc-header -emit-objc-header-path /Users/caye/Projects/macos-dock-cc-v2-fullscreen-transition/build/FinalHoldReleaseDD/Build/Intermediates.noindex/macos-dock-cc-v2.build/Release/macos-dock-cc-v2.build/Objects-normal/arm64/macos_dock_cc_v2-Swift.h -working-directory /Users/caye/Projects/macos-dock-cc-v2-fullscreen-transition -no-emit-module-separately-wmo

Copy /Users/caye/Projects/macos-dock-cc-v2-fullscreen-transition/build/FinalHoldReleaseDD/Build/Products/Release/macos_dock_cc_v2.swiftmodule/arm64-apple-macos.swiftmodule /Users/caye/Projects/macos-dock-cc-v2-fullscreen-transition/build/FinalHoldReleaseDD/Build/Intermediates.noindex/macos-dock-cc-v2.build/Release/macos-dock-cc-v2.build/Objects-normal/arm64/macos_dock_cc_v2.swiftmodule (in target 'macos-dock-cc-v2' from project 'macos-dock-cc-v2')
    cd /Users/caye/Projects/macos-dock-cc-v2-fullscreen-transition
    builtin-copy -exclude .DS_Store -exclude CVS -exclude .svn -exclude .git -exclude .hg -resolve-src-symlinks -rename /Users/caye/Projects/macos-dock-cc-v2-fullscreen-transition/build/FinalHoldReleaseDD/Build/Intermediates.noindex/macos-dock-cc-v2.build/Release/macos-dock-cc-v2.build/Objects-normal/arm64/macos_dock_cc_v2.swiftmodule /Users/caye/Projects/macos-dock-cc-v2-fullscreen-transition/build/FinalHoldReleaseDD/Build/Products/Release/macos_dock_cc_v2.swiftmodule/arm64-apple-macos.swiftmodule

Copy /Users/caye/Projects/macos-dock-cc-v2-fullscreen-transition/build/FinalHoldReleaseDD/Build/Products/Release/macos_dock_cc_v2.swiftmodule/arm64-apple-macos.swiftdoc /Users/caye/Projects/macos-dock-cc-v2-fullscreen-transition/build/FinalHoldReleaseDD/Build/Intermediates.noindex/macos-dock-cc-v2.build/Release/macos-dock-cc-v2.build/Objects-normal/arm64/macos_dock_cc_v2.swiftdoc (in target 'macos-dock-cc-v2' from project 'macos-dock-cc-v2')
    cd /Users/caye/Projects/macos-dock-cc-v2-fullscreen-transition
    builtin-copy -exclude .DS_Store -exclude CVS -exclude .svn -exclude .git -exclude .hg -resolve-src-symlinks -rename /Users/caye/Projects/macos-dock-cc-v2-fullscreen-transition/build/FinalHoldReleaseDD/Build/Intermediates.noindex/macos-dock-cc-v2.build/Release/macos-dock-cc-v2.build/Objects-normal/arm64/macos_dock_cc_v2.swiftdoc /Users/caye/Projects/macos-dock-cc-v2-fullscreen-transition/build/FinalHoldReleaseDD/Build/Products/Release/macos_dock_cc_v2.swiftmodule/arm64-apple-macos.swiftdoc

Copy /Users/caye/Projects/macos-dock-cc-v2-fullscreen-transition/build/FinalHoldReleaseDD/Build/Products/Release/macos_dock_cc_v2.swiftmodule/arm64-apple-macos.abi.json /Users/caye/Projects/macos-dock-cc-v2-fullscreen-transition/build/FinalHoldReleaseDD/Build/Intermediates.noindex/macos-dock-cc-v2.build/Release/macos-dock-cc-v2.build/Objects-normal/arm64/macos_dock_cc_v2.abi.json (in target 'macos-dock-cc-v2' from project 'macos-dock-cc-v2')
    cd /Users/caye/Projects/macos-dock-cc-v2-fullscreen-transition
    builtin-copy -exclude .DS_Store -exclude CVS -exclude .svn -exclude .git -exclude .hg -resolve-src-symlinks -rename /Users/caye/Projects/macos-dock-cc-v2-fullscreen-transition/build/FinalHoldReleaseDD/Build/Intermediates.noindex/macos-dock-cc-v2.build/Release/macos-dock-cc-v2.build/Objects-normal/arm64/macos_dock_cc_v2.abi.json /Users/caye/Projects/macos-dock-cc-v2-fullscreen-transition/build/FinalHoldReleaseDD/Build/Products/Release/macos_dock_cc_v2.swiftmodule/arm64-apple-macos.abi.json

Copy /Users/caye/Projects/macos-dock-cc-v2-fullscreen-transition/build/FinalHoldReleaseDD/Build/Products/Release/macos_dock_cc_v2.swiftmodule/Project/arm64-apple-macos.swiftsourceinfo /Users/caye/Projects/macos-dock-cc-v2-fullscreen-transition/build/FinalHoldReleaseDD/Build/Intermediates.noindex/macos-dock-cc-v2.build/Release/macos-dock-cc-v2.build/Objects-normal/arm64/macos_dock_cc_v2.swiftsourceinfo (in target 'macos-dock-cc-v2' from project 'macos-dock-cc-v2')
    cd /Users/caye/Projects/macos-dock-cc-v2-fullscreen-transition
    builtin-copy -exclude .DS_Store -exclude CVS -exclude .svn -exclude .git -exclude .hg -resolve-src-symlinks -rename /Users/caye/Projects/macos-dock-cc-v2-fullscreen-transition/build/FinalHoldReleaseDD/Build/Intermediates.noindex/macos-dock-cc-v2.build/Release/macos-dock-cc-v2.build/Objects-normal/arm64/macos_dock_cc_v2.swiftsourceinfo /Users/caye/Projects/macos-dock-cc-v2-fullscreen-transition/build/FinalHoldReleaseDD/Build/Products/Release/macos_dock_cc_v2.swiftmodule/Project/arm64-apple-macos.swiftsourceinfo

SwiftDriverJobDiscovery normal x86_64 Compiling FullscreenIntentDecision.swift, FullscreenIntentMonitor.swift, AppFallbackChipDecision.swift, RunningStateSweepDecision.swift, MacOSDockCCV2App.swift, AppDelegate.swift, SettingsWindowController.swift, SettingsWindowView.swift, SettingsCoordinator.swift, AutoHideToggleMenuModel.swift, AccessoryWindowPresentation.swift, StripContextMenuZone.swift, PanelCoordinator.swift, DockStripView.swift, WindowTitleTooltip.swift, DrawerView.swift, ContentView.swift, PermissionOnboardingView.swift, AccessibilityPermissionDecision.swift, PermissionRecoveryMachine.swift, AccessibilityPermissionModel.swift, PermissionRecoveryCoordinator.swift, AppComposition.swift, DrawerStore.swift, MessagingAppStore.swift, StripOrderStore.swift, DragController.swift, DragCarrierView.swift, NonConstrainingPanel.swift, DrawerOrderStore.swift, AppSettingsStore.swift, GlobalHotKeyMonitor.swift, LaunchAtLoginService.swift, NativeDockPreferencesService.swift, PanelVisibilityState.swift, PanelGeometry.swift, WindowLiftAvoidanceController.swift, WindowLiftAvoidance.swift, BuildProvenance.swift, StatusMenuController.swift, UpdateChecker.swift, LauncherChip.swift, LauncherMembershipItem.swift, AppMenuFragments.swift, RecentDocumentsReader.swift, PinnedFolderStore.swift, DirectoryWatcher.swift, FolderContentsLoader.swift, PinnedFolderCoverStore.swift, FileItemMenuBuilder.swift, StripDropRouting.swift, FolderDropPlan.swift, FileMover.swift, LauncherMenuPlan.swift, LauncherChipVisualPlan.swift, LaunchGateDecision.swift, AppLaunchTargetDecision.swift, DockThemeTokens.swift, DockTheme.swift, DockGlassBackdrop.swift, AppMembershipMenuPlan.swift, DragConversionPlan.swift, MessagingZoneAdmission.swift, FolderChipDropZone.swift, ShelfStore.swift, KeptAppStore.swift, RunningApplicationStore.swift, AppMembershipController.swift, ShelfChip.swift, ShelfGridPopupView.swift, FolderGridPopupView.swift, PinnedFolderChip.swift, BadgeStore.swift, DockBadgeReader.swift, ObservationPipeline.swift, PendingCloseTracker.swift, ObservationAdmissionGate.swift, IntentPipeline.swift, Identifiers.swift, WindowModels.swift, SystemBoundaryModels.swift, Decisions.swift, WindowFrameMatchPolicy.swift, DockState.swift, WindowIdentityEngine.swift, IdentityRuleEngine.swift, ObservationKindMergeRule.swift, PlacementEngine.swift, LifecycleTransitionEngine.swift, AppFallbackRetentionPolicy.swift, LifecycleActionPlanner.swift, AXWindowReader.swift, AXWindowMatchPolicy.swift, AccessibilitySource.swift, CoreGraphicsSource.swift, DockWindowEligibilityPolicy.swift, FinderWindowRules.swift, FinderWindowContentsReader.swift, FolderInteraction.swift, FinderAppleEventMatcher.swift, FinderSource.swift, PermissionService.swift, StripItem.swift, AppWindowObserver.swift, AppTracker.swift, CGWindowSnapshot.swift, TabFoldDecision.swift, WindowInventoryAnomalyLog.swift, ProcessLiveness.swift, ScanAdmissionDecision.swift, GeneratedAssetSymbols.swift (in target 'macos-dock-cc-v2' from project 'macos-dock-cc-v2')

SwiftDriver\ Compilation\ Requirements macos-dock-cc-v2 normal x86_64 com.apple.xcode.tools.swift.compiler (in target 'macos-dock-cc-v2' from project 'macos-dock-cc-v2')
    cd /Users/caye/Projects/macos-dock-cc-v2-fullscreen-transition
    builtin-Swift-Compilation-Requirements -- /Applications/Xcode.app/Contents/Developer/Toolchains/XcodeDefault.xctoolchain/usr/bin/swiftc -module-name macos_dock_cc_v2 -O -whole-module-optimization @/Users/caye/Projects/macos-dock-cc-v2-fullscreen-transition/build/FinalHoldReleaseDD/Build/Intermediates.noindex/macos-dock-cc-v2.build/Release/macos-dock-cc-v2.build/Objects-normal/x86_64/macos-dock-cc-v2.SwiftFileList -enable-bare-slash-regex -enable-experimental-feature DebugDescriptionMacro -sdk /Applications/Xcode.app/Contents/Developer/Platforms/MacOSX.platform/Developer/SDKs/MacOSX26.5.sdk -target x86_64-apple-macos12.0 -g -module-cache-path /Users/caye/Projects/macos-dock-cc-v2-fullscreen-transition/build/FinalHoldReleaseDD/ModuleCache.noindex -Xfrontend -serialize-debugging-options -profile-coverage-mapping -profile-generate -swift-version 5 -I /Users/caye/Projects/macos-dock-cc-v2-fullscreen-transition/build/FinalHoldReleaseDD/Build/Products/Release -F /Users/caye/Projects/macos-dock-cc-v2-fullscreen-transition/build/FinalHoldReleaseDD/Build/Products/Release -emit-localized-strings -emit-localized-strings-path /Users/caye/Projects/macos-dock-cc-v2-fullscreen-transition/build/FinalHoldReleaseDD/Build/Intermediates.noindex/macos-dock-cc-v2.build/Release/macos-dock-cc-v2.build/Objects-normal/x86_64 -c -num-threads 15 -Xcc -ivfsstatcache -Xcc /Users/caye/Projects/macos-dock-cc-v2-fullscreen-transition/build/FinalHoldReleaseDD/SDKStatCaches.noindex/macosx26.5-25F70-e082c4a02f00227109f4ed75e425c832.sdkstatcache -output-file-map /Users/caye/Projects/macos-dock-cc-v2-fullscreen-transition/build/FinalHoldReleaseDD/Build/Intermediates.noindex/macos-dock-cc-v2.build/Release/macos-dock-cc-v2.build/Objects-normal/x86_64/macos-dock-cc-v2-OutputFileMap.json -use-frontend-parseable-output -save-temps -no-color-diagnostics -explicit-module-build -module-cache-path /Users/caye/Projects/macos-dock-cc-v2-fullscreen-transition/build/FinalHoldReleaseDD/Build/Intermediates.noindex/SwiftExplicitPrecompiledModules -clang-scanner-module-cache-path /Users/caye/Projects/macos-dock-cc-v2-fullscreen-transition/build/FinalHoldReleaseDD/ModuleCache.noindex -sdk-module-cache-path /Users/caye/Projects/macos-dock-cc-v2-fullscreen-transition/build/FinalHoldReleaseDD/ModuleCache.noindex -serialize-diagnostics -emit-dependencies -emit-module -emit-module-path /Users/caye/Projects/macos-dock-cc-v2-fullscreen-transition/build/FinalHoldReleaseDD/Build/Intermediates.noindex/macos-dock-cc-v2.build/Release/macos-dock-cc-v2.build/Objects-normal/x86_64/macos_dock_cc_v2.swiftmodule -validate-clang-modules-once -clang-build-session-file /Users/caye/Projects/macos-dock-cc-v2-fullscreen-transition/build/FinalHoldReleaseDD/ModuleCache.noindex/Session.modulevalidation -Xcc -I/Users/caye/Projects/macos-dock-cc-v2-fullscreen-transition/build/FinalHoldReleaseDD/Build/Intermediates.noindex/macos-dock-cc-v2.build/Release/macos-dock-cc-v2.build/swift-overrides.hmap -emit-const-values -Xfrontend -const-gather-protocols-file -Xfrontend /Users/caye/Projects/macos-dock-cc-v2-fullscreen-transition/build/FinalHoldReleaseDD/Build/Intermediates.noindex/macos-dock-cc-v2.build/Release/macos-dock-cc-v2.build/Objects-normal/x86_64/macos-dock-cc-v2_const_extract_protocols.json -Xcc -iquote -Xcc /Users/caye/Projects/macos-dock-cc-v2-fullscreen-transition/build/FinalHoldReleaseDD/Build/Intermediates.noindex/macos-dock-cc-v2.build/Release/macos-dock-cc-v2.build/macos-dock-cc-v2-generated-files.hmap -Xcc -I/Users/caye/Projects/macos-dock-cc-v2-fullscreen-transition/build/FinalHoldReleaseDD/Build/Intermediates.noindex/macos-dock-cc-v2.build/Release/macos-dock-cc-v2.build/macos-dock-cc-v2-own-target-headers.hmap -Xcc -I/Users/caye/Projects/macos-dock-cc-v2-fullscreen-transition/build/FinalHoldReleaseDD/Build/Intermediates.noindex/macos-dock-cc-v2.build/Release/macos-dock-cc-v2.build/macos-dock-cc-v2-all-target-headers.hmap -Xcc -iquote -Xcc /Users/caye/Projects/macos-dock-cc-v2-fullscreen-transition/build/FinalHoldReleaseDD/Build/Intermediates.noindex/macos-dock-cc-v2.build/Release/macos-dock-cc-v2.build/macos-dock-cc-v2-project-headers.hmap -Xcc -I/Users/caye/Projects/macos-dock-cc-v2-fullscreen-transition/build/FinalHoldReleaseDD/Build/Products/Release/include -Xcc -I/Users/caye/Projects/macos-dock-cc-v2-fullscreen-transition/build/FinalHoldReleaseDD/Build/Intermediates.noindex/macos-dock-cc-v2.build/Release/macos-dock-cc-v2.build/DerivedSources-normal/x86_64 -Xcc -I/Users/caye/Projects/macos-dock-cc-v2-fullscreen-transition/build/FinalHoldReleaseDD/Build/Intermediates.noindex/macos-dock-cc-v2.build/Release/macos-dock-cc-v2.build/DerivedSources/x86_64 -Xcc -I/Users/caye/Projects/macos-dock-cc-v2-fullscreen-transition/build/FinalHoldReleaseDD/Build/Intermediates.noindex/macos-dock-cc-v2.build/Release/macos-dock-cc-v2.build/DerivedSources -emit-objc-header -emit-objc-header-path /Users/caye/Projects/macos-dock-cc-v2-fullscreen-transition/build/FinalHoldReleaseDD/Build/Intermediates.noindex/macos-dock-cc-v2.build/Release/macos-dock-cc-v2.build/Objects-normal/x86_64/macos_dock_cc_v2-Swift.h -working-directory /Users/caye/Projects/macos-dock-cc-v2-fullscreen-transition -no-emit-module-separately-wmo

SwiftMergeGeneratedHeaders /Users/caye/Projects/macos-dock-cc-v2-fullscreen-transition/build/FinalHoldReleaseDD/Build/Intermediates.noindex/macos-dock-cc-v2.build/Release/macos-dock-cc-v2.build/DerivedSources/macos_dock_cc_v2-Swift.h /Users/caye/Projects/macos-dock-cc-v2-fullscreen-transition/build/FinalHoldReleaseDD/Build/Intermediates.noindex/macos-dock-cc-v2.build/Release/macos-dock-cc-v2.build/Objects-normal/arm64/macos_dock_cc_v2-Swift.h /Users/caye/Projects/macos-dock-cc-v2-fullscreen-transition/build/FinalHoldReleaseDD/Build/Intermediates.noindex/macos-dock-cc-v2.build/Release/macos-dock-cc-v2.build/Objects-normal/x86_64/macos_dock_cc_v2-Swift.h (in target 'macos-dock-cc-v2' from project 'macos-dock-cc-v2')
    cd /Users/caye/Projects/macos-dock-cc-v2-fullscreen-transition
    builtin-swiftHeaderTool -arch arm64 /Users/caye/Projects/macos-dock-cc-v2-fullscreen-transition/build/FinalHoldReleaseDD/Build/Intermediates.noindex/macos-dock-cc-v2.build/Release/macos-dock-cc-v2.build/Objects-normal/arm64/macos_dock_cc_v2-Swift.h -arch x86_64 /Users/caye/Projects/macos-dock-cc-v2-fullscreen-transition/build/FinalHoldReleaseDD/Build/Intermediates.noindex/macos-dock-cc-v2.build/Release/macos-dock-cc-v2.build/Objects-normal/x86_64/macos_dock_cc_v2-Swift.h -o /Users/caye/Projects/macos-dock-cc-v2-fullscreen-transition/build/FinalHoldReleaseDD/Build/Intermediates.noindex/macos-dock-cc-v2.build/Release/macos-dock-cc-v2.build/DerivedSources/macos_dock_cc_v2-Swift.h

Copy /Users/caye/Projects/macos-dock-cc-v2-fullscreen-transition/build/FinalHoldReleaseDD/Build/Products/Release/macos_dock_cc_v2.swiftmodule/x86_64-apple-macos.swiftmodule /Users/caye/Projects/macos-dock-cc-v2-fullscreen-transition/build/FinalHoldReleaseDD/Build/Intermediates.noindex/macos-dock-cc-v2.build/Release/macos-dock-cc-v2.build/Objects-normal/x86_64/macos_dock_cc_v2.swiftmodule (in target 'macos-dock-cc-v2' from project 'macos-dock-cc-v2')
    cd /Users/caye/Projects/macos-dock-cc-v2-fullscreen-transition
    builtin-copy -exclude .DS_Store -exclude CVS -exclude .svn -exclude .git -exclude .hg -resolve-src-symlinks -rename /Users/caye/Projects/macos-dock-cc-v2-fullscreen-transition/build/FinalHoldReleaseDD/Build/Intermediates.noindex/macos-dock-cc-v2.build/Release/macos-dock-cc-v2.build/Objects-normal/x86_64/macos_dock_cc_v2.swiftmodule /Users/caye/Projects/macos-dock-cc-v2-fullscreen-transition/build/FinalHoldReleaseDD/Build/Products/Release/macos_dock_cc_v2.swiftmodule/x86_64-apple-macos.swiftmodule

Copy /Users/caye/Projects/macos-dock-cc-v2-fullscreen-transition/build/FinalHoldReleaseDD/Build/Products/Release/macos_dock_cc_v2.swiftmodule/x86_64-apple-macos.abi.json /Users/caye/Projects/macos-dock-cc-v2-fullscreen-transition/build/FinalHoldReleaseDD/Build/Intermediates.noindex/macos-dock-cc-v2.build/Release/macos-dock-cc-v2.build/Objects-normal/x86_64/macos_dock_cc_v2.abi.json (in target 'macos-dock-cc-v2' from project 'macos-dock-cc-v2')
    cd /Users/caye/Projects/macos-dock-cc-v2-fullscreen-transition
    builtin-copy -exclude .DS_Store -exclude CVS -exclude .svn -exclude .git -exclude .hg -resolve-src-symlinks -rename /Users/caye/Projects/macos-dock-cc-v2-fullscreen-transition/build/FinalHoldReleaseDD/Build/Intermediates.noindex/macos-dock-cc-v2.build/Release/macos-dock-cc-v2.build/Objects-normal/x86_64/macos_dock_cc_v2.abi.json /Users/caye/Projects/macos-dock-cc-v2-fullscreen-transition/build/FinalHoldReleaseDD/Build/Products/Release/macos_dock_cc_v2.swiftmodule/x86_64-apple-macos.abi.json

Copy /Users/caye/Projects/macos-dock-cc-v2-fullscreen-transition/build/FinalHoldReleaseDD/Build/Products/Release/macos_dock_cc_v2.swiftmodule/x86_64-apple-macos.swiftdoc /Users/caye/Projects/macos-dock-cc-v2-fullscreen-transition/build/FinalHoldReleaseDD/Build/Intermediates.noindex/macos-dock-cc-v2.build/Release/macos-dock-cc-v2.build/Objects-normal/x86_64/macos_dock_cc_v2.swiftdoc (in target 'macos-dock-cc-v2' from project 'macos-dock-cc-v2')
    cd /Users/caye/Projects/macos-dock-cc-v2-fullscreen-transition
    builtin-copy -exclude .DS_Store -exclude CVS -exclude .svn -exclude .git -exclude .hg -resolve-src-symlinks -rename /Users/caye/Projects/macos-dock-cc-v2-fullscreen-transition/build/FinalHoldReleaseDD/Build/Intermediates.noindex/macos-dock-cc-v2.build/Release/macos-dock-cc-v2.build/Objects-normal/x86_64/macos_dock_cc_v2.swiftdoc /Users/caye/Projects/macos-dock-cc-v2-fullscreen-transition/build/FinalHoldReleaseDD/Build/Products/Release/macos_dock_cc_v2.swiftmodule/x86_64-apple-macos.swiftdoc

Copy /Users/caye/Projects/macos-dock-cc-v2-fullscreen-transition/build/FinalHoldReleaseDD/Build/Products/Release/macos_dock_cc_v2.swiftmodule/Project/x86_64-apple-macos.swiftsourceinfo /Users/caye/Projects/macos-dock-cc-v2-fullscreen-transition/build/FinalHoldReleaseDD/Build/Intermediates.noindex/macos-dock-cc-v2.build/Release/macos-dock-cc-v2.build/Objects-normal/x86_64/macos_dock_cc_v2.swiftsourceinfo (in target 'macos-dock-cc-v2' from project 'macos-dock-cc-v2')
    cd /Users/caye/Projects/macos-dock-cc-v2-fullscreen-transition
    builtin-copy -exclude .DS_Store -exclude CVS -exclude .svn -exclude .git -exclude .hg -resolve-src-symlinks -rename /Users/caye/Projects/macos-dock-cc-v2-fullscreen-transition/build/FinalHoldReleaseDD/Build/Intermediates.noindex/macos-dock-cc-v2.build/Release/macos-dock-cc-v2.build/Objects-normal/x86_64/macos_dock_cc_v2.swiftsourceinfo /Users/caye/Projects/macos-dock-cc-v2-fullscreen-transition/build/FinalHoldReleaseDD/Build/Products/Release/macos_dock_cc_v2.swiftmodule/Project/x86_64-apple-macos.swiftsourceinfo

Ld /Users/caye/Projects/macos-dock-cc-v2-fullscreen-transition/build/FinalHoldReleaseDD/Build/Intermediates.noindex/macos-dock-cc-v2.build/Release/macos-dock-cc-v2.build/Objects-normal/x86_64/Binary/macos-dock-cc-v2 normal x86_64 (in target 'macos-dock-cc-v2' from project 'macos-dock-cc-v2')
    cd /Users/caye/Projects/macos-dock-cc-v2-fullscreen-transition
    /Applications/Xcode.app/Contents/Developer/Toolchains/XcodeDefault.xctoolchain/usr/bin/clang -Xlinker -reproducible -target x86_64-apple-macos12.0 -isysroot /Applications/Xcode.app/Contents/Developer/Platforms/MacOSX.platform/Developer/SDKs/MacOSX26.5.sdk -Os -L/Users/caye/Projects/macos-dock-cc-v2-fullscreen-transition/build/FinalHoldReleaseDD/Build/Intermediates.noindex/EagerLinkingTBDs/Release -L/Users/caye/Projects/macos-dock-cc-v2-fullscreen-transition/build/FinalHoldReleaseDD/Build/Products/Release -F/Users/caye/Projects/macos-dock-cc-v2-fullscreen-transition/build/FinalHoldReleaseDD/Build/Intermediates.noindex/EagerLinkingTBDs/Release -F/Users/caye/Projects/macos-dock-cc-v2-fullscreen-transition/build/FinalHoldReleaseDD/Build/Products/Release -filelist /Users/caye/Projects/macos-dock-cc-v2-fullscreen-transition/build/FinalHoldReleaseDD/Build/Intermediates.noindex/macos-dock-cc-v2.build/Release/macos-dock-cc-v2.build/Objects-normal/x86_64/macos-dock-cc-v2.LinkFileList -Xlinker -rpath -Xlinker /usr/lib/swift -Xlinker -rpath -Xlinker @executable_path/../Frameworks -Xlinker -object_path_lto -Xlinker /Users/caye/Projects/macos-dock-cc-v2-fullscreen-transition/build/FinalHoldReleaseDD/Build/Intermediates.noindex/macos-dock-cc-v2.build/Release/macos-dock-cc-v2.build/Objects-normal/x86_64/macos-dock-cc-v2_lto.o -Xlinker -debug_variant -Xlinker -dependency_info -Xlinker /Users/caye/Projects/macos-dock-cc-v2-fullscreen-transition/build/FinalHoldReleaseDD/Build/Intermediates.noindex/macos-dock-cc-v2.build/Release/macos-dock-cc-v2.build/Objects-normal/x86_64/macos-dock-cc-v2_dependency_info.dat -fobjc-link-runtime -fprofile-instr-generate -L/Applications/Xcode.app/Contents/Developer/Toolchains/XcodeDefault.xctoolchain/usr/lib/swift/macosx -L/usr/lib/swift -Xlinker -add_ast_path -Xlinker /Users/caye/Projects/macos-dock-cc-v2-fullscreen-transition/build/FinalHoldReleaseDD/Build/Intermediates.noindex/macos-dock-cc-v2.build/Release/macos-dock-cc-v2.build/Objects-normal/x86_64/macos_dock_cc_v2.swiftmodule @/Users/caye/Projects/macos-dock-cc-v2-fullscreen-transition/build/FinalHoldReleaseDD/Build/Intermediates.noindex/macos-dock-cc-v2.build/Release/macos-dock-cc-v2.build/Objects-normal/x86_64/macos_dock_cc_v2-linker-args.resp -Xlinker -no_adhoc_codesign -o /Users/caye/Projects/macos-dock-cc-v2-fullscreen-transition/build/FinalHoldReleaseDD/Build/Intermediates.noindex/macos-dock-cc-v2.build/Release/macos-dock-cc-v2.build/Objects-normal/x86_64/Binary/macos-dock-cc-v2

Ld /Users/caye/Projects/macos-dock-cc-v2-fullscreen-transition/build/FinalHoldReleaseDD/Build/Intermediates.noindex/macos-dock-cc-v2.build/Release/macos-dock-cc-v2.build/Objects-normal/arm64/Binary/macos-dock-cc-v2 normal arm64 (in target 'macos-dock-cc-v2' from project 'macos-dock-cc-v2')
    cd /Users/caye/Projects/macos-dock-cc-v2-fullscreen-transition
    /Applications/Xcode.app/Contents/Developer/Toolchains/XcodeDefault.xctoolchain/usr/bin/clang -Xlinker -reproducible -target arm64-apple-macos12.0 -isysroot /Applications/Xcode.app/Contents/Developer/Platforms/MacOSX.platform/Developer/SDKs/MacOSX26.5.sdk -Os -L/Users/caye/Projects/macos-dock-cc-v2-fullscreen-transition/build/FinalHoldReleaseDD/Build/Intermediates.noindex/EagerLinkingTBDs/Release -L/Users/caye/Projects/macos-dock-cc-v2-fullscreen-transition/build/FinalHoldReleaseDD/Build/Products/Release -F/Users/caye/Projects/macos-dock-cc-v2-fullscreen-transition/build/FinalHoldReleaseDD/Build/Intermediates.noindex/EagerLinkingTBDs/Release -F/Users/caye/Projects/macos-dock-cc-v2-fullscreen-transition/build/FinalHoldReleaseDD/Build/Products/Release -filelist /Users/caye/Projects/macos-dock-cc-v2-fullscreen-transition/build/FinalHoldReleaseDD/Build/Intermediates.noindex/macos-dock-cc-v2.build/Release/macos-dock-cc-v2.build/Objects-normal/arm64/macos-dock-cc-v2.LinkFileList -Xlinker -rpath -Xlinker /usr/lib/swift -Xlinker -rpath -Xlinker @executable_path/../Frameworks -Xlinker -object_path_lto -Xlinker /Users/caye/Projects/macos-dock-cc-v2-fullscreen-transition/build/FinalHoldReleaseDD/Build/Intermediates.noindex/macos-dock-cc-v2.build/Release/macos-dock-cc-v2.build/Objects-normal/arm64/macos-dock-cc-v2_lto.o -Xlinker -debug_variant -Xlinker -dependency_info -Xlinker /Users/caye/Projects/macos-dock-cc-v2-fullscreen-transition/build/FinalHoldReleaseDD/Build/Intermediates.noindex/macos-dock-cc-v2.build/Release/macos-dock-cc-v2.build/Objects-normal/arm64/macos-dock-cc-v2_dependency_info.dat -fobjc-link-runtime -fprofile-instr-generate -L/Applications/Xcode.app/Contents/Developer/Toolchains/XcodeDefault.xctoolchain/usr/lib/swift/macosx -L/usr/lib/swift -Xlinker -add_ast_path -Xlinker /Users/caye/Projects/macos-dock-cc-v2-fullscreen-transition/build/FinalHoldReleaseDD/Build/Intermediates.noindex/macos-dock-cc-v2.build/Release/macos-dock-cc-v2.build/Objects-normal/arm64/macos_dock_cc_v2.swiftmodule @/Users/caye/Projects/macos-dock-cc-v2-fullscreen-transition/build/FinalHoldReleaseDD/Build/Intermediates.noindex/macos-dock-cc-v2.build/Release/macos-dock-cc-v2.build/Objects-normal/arm64/macos_dock_cc_v2-linker-args.resp -Xlinker -no_adhoc_codesign -o /Users/caye/Projects/macos-dock-cc-v2-fullscreen-transition/build/FinalHoldReleaseDD/Build/Intermediates.noindex/macos-dock-cc-v2.build/Release/macos-dock-cc-v2.build/Objects-normal/arm64/Binary/macos-dock-cc-v2

CreateUniversalBinary /Users/caye/Projects/macos-dock-cc-v2-fullscreen-transition/build/FinalHoldReleaseDD/Build/Products/Release/macos-dock-cc-v2.app/Contents/MacOS/macos-dock-cc-v2 normal arm64\ x86_64 (in target 'macos-dock-cc-v2' from project 'macos-dock-cc-v2')
    cd /Users/caye/Projects/macos-dock-cc-v2-fullscreen-transition
    /Applications/Xcode.app/Contents/Developer/Toolchains/XcodeDefault.xctoolchain/usr/bin/lipo -create /Users/caye/Projects/macos-dock-cc-v2-fullscreen-transition/build/FinalHoldReleaseDD/Build/Intermediates.noindex/macos-dock-cc-v2.build/Release/macos-dock-cc-v2.build/Objects-normal/arm64/Binary/macos-dock-cc-v2 /Users/caye/Projects/macos-dock-cc-v2-fullscreen-transition/build/FinalHoldReleaseDD/Build/Intermediates.noindex/macos-dock-cc-v2.build/Release/macos-dock-cc-v2.build/Objects-normal/x86_64/Binary/macos-dock-cc-v2 -output /Users/caye/Projects/macos-dock-cc-v2-fullscreen-transition/build/FinalHoldReleaseDD/Build/Products/Release/macos-dock-cc-v2.app/Contents/MacOS/macos-dock-cc-v2

CopySwiftLibs /Users/caye/Projects/macos-dock-cc-v2-fullscreen-transition/build/FinalHoldReleaseDD/Build/Products/Release/macos-dock-cc-v2.app (in target 'macos-dock-cc-v2' from project 'macos-dock-cc-v2')
    cd /Users/caye/Projects/macos-dock-cc-v2-fullscreen-transition
    builtin-swiftStdLibTool --copy --verbose --sign 520DE050F4EA495C166EC7B3447B327BF88A55DF --scan-executable /Users/caye/Projects/macos-dock-cc-v2-fullscreen-transition/build/FinalHoldReleaseDD/Build/Products/Release/macos-dock-cc-v2.app/Contents/MacOS/macos-dock-cc-v2 --scan-folder /Users/caye/Projects/macos-dock-cc-v2-fullscreen-transition/build/FinalHoldReleaseDD/Build/Products/Release/macos-dock-cc-v2.app/Contents/Frameworks --scan-folder /Users/caye/Projects/macos-dock-cc-v2-fullscreen-transition/build/FinalHoldReleaseDD/Build/Products/Release/macos-dock-cc-v2.app/Contents/PlugIns --scan-folder /Users/caye/Projects/macos-dock-cc-v2-fullscreen-transition/build/FinalHoldReleaseDD/Build/Products/Release/macos-dock-cc-v2.app/Contents/Library/SystemExtensions --scan-folder /Users/caye/Projects/macos-dock-cc-v2-fullscreen-transition/build/FinalHoldReleaseDD/Build/Products/Release/macos-dock-cc-v2.app/Contents/Extensions --platform macosx --toolchain /Applications/Xcode.app/Contents/Developer/Toolchains/XcodeDefault.xctoolchain --destination /Users/caye/Projects/macos-dock-cc-v2-fullscreen-transition/build/FinalHoldReleaseDD/Build/Products/Release/macos-dock-cc-v2.app/Contents/Frameworks --strip-bitcode --strip-bitcode-tool /Applications/Xcode.app/Contents/Developer/Toolchains/XcodeDefault.xctoolchain/usr/bin/bitcode_strip --emit-dependency-info /Users/caye/Projects/macos-dock-cc-v2-fullscreen-transition/build/FinalHoldReleaseDD/Build/Intermediates.noindex/macos-dock-cc-v2.build/Release/macos-dock-cc-v2.build/SwiftStdLibToolInputDependencies.dep --filter-for-swift-os --back-deploy-swift-span

ExtractAppIntentsMetadata (in target 'macos-dock-cc-v2' from project 'macos-dock-cc-v2')
    cd /Users/caye/Projects/macos-dock-cc-v2-fullscreen-transition
    /Applications/Xcode.app/Contents/Developer/Toolchains/XcodeDefault.xctoolchain/usr/bin/appintentsmetadataprocessor --toolchain-dir /Applications/Xcode.app/Contents/Developer/Toolchains/XcodeDefault.xctoolchain --module-name macos_dock_cc_v2 --sdk-root /Applications/Xcode.app/Contents/Developer/Platforms/MacOSX.platform/Developer/SDKs/MacOSX26.5.sdk --xcode-version 17F42 --platform-family macOS --deployment-target 12.0 --bundle-identifier com.caye.macosdockcc.v2 --output /Users/caye/Projects/macos-dock-cc-v2-fullscreen-transition/build/FinalHoldReleaseDD/Build/Products/Release/macos-dock-cc-v2.app/Contents/Resources --target-triple arm64-apple-macos12.0 --target-triple x86_64-apple-macos12.0 --binary-file /Users/caye/Projects/macos-dock-cc-v2-fullscreen-transition/build/FinalHoldReleaseDD/Build/Products/Release/macos-dock-cc-v2.app/Contents/MacOS/macos-dock-cc-v2 --dependency-file /Users/caye/Projects/macos-dock-cc-v2-fullscreen-transition/build/FinalHoldReleaseDD/Build/Intermediates.noindex/macos-dock-cc-v2.build/Release/macos-dock-cc-v2.build/Objects-normal/arm64/macos-dock-cc-v2_dependency_info.dat --dependency-file /Users/caye/Projects/macos-dock-cc-v2-fullscreen-transition/build/FinalHoldReleaseDD/Build/Intermediates.noindex/macos-dock-cc-v2.build/Release/macos-dock-cc-v2.build/Objects-normal/x86_64/macos-dock-cc-v2_dependency_info.dat --stringsdata-file /Users/caye/Projects/macos-dock-cc-v2-fullscreen-transition/build/FinalHoldReleaseDD/Build/Intermediates.noindex/macos-dock-cc-v2.build/Release/macos-dock-cc-v2.build/Objects-normal/arm64/ExtractedAppShortcutsMetadata.stringsdata --stringsdata-file /Users/caye/Projects/macos-dock-cc-v2-fullscreen-transition/build/FinalHoldReleaseDD/Build/Intermediates.noindex/macos-dock-cc-v2.build/Release/macos-dock-cc-v2.build/Objects-normal/x86_64/ExtractedAppShortcutsMetadata.stringsdata --source-file-list /Users/caye/Projects/macos-dock-cc-v2-fullscreen-transition/build/FinalHoldReleaseDD/Build/Intermediates.noindex/macos-dock-cc-v2.build/Release/macos-dock-cc-v2.build/Objects-normal/arm64/macos-dock-cc-v2.SwiftFileList --source-file-list /Users/caye/Projects/macos-dock-cc-v2-fullscreen-transition/build/FinalHoldReleaseDD/Build/Intermediates.noindex/macos-dock-cc-v2.build/Release/macos-dock-cc-v2.build/Objects-normal/x86_64/macos-dock-cc-v2.SwiftFileList --metadata-file-list /Users/caye/Projects/macos-dock-cc-v2-fullscreen-transition/build/FinalHoldReleaseDD/Build/Intermediates.noindex/macos-dock-cc-v2.build/Release/macos-dock-cc-v2.build/macos-dock-cc-v2.DependencyMetadataFileList --static-metadata-file-list /Users/caye/Projects/macos-dock-cc-v2-fullscreen-transition/build/FinalHoldReleaseDD/Build/Intermediates.noindex/macos-dock-cc-v2.build/Release/macos-dock-cc-v2.build/macos-dock-cc-v2.DependencyStaticMetadataFileList --swift-const-vals-list /Users/caye/Projects/macos-dock-cc-v2-fullscreen-transition/build/FinalHoldReleaseDD/Build/Intermediates.noindex/macos-dock-cc-v2.build/Release/macos-dock-cc-v2.build/Objects-normal/arm64/macos-dock-cc-v2.SwiftConstValuesFileList --swift-const-vals-list /Users/caye/Projects/macos-dock-cc-v2-fullscreen-transition/build/FinalHoldReleaseDD/Build/Intermediates.noindex/macos-dock-cc-v2.build/Release/macos-dock-cc-v2.build/Objects-normal/x86_64/macos-dock-cc-v2.SwiftConstValuesFileList --compile-time-extraction --deployment-aware-processing --validate-assistant-intents --no-app-shortcuts-localization
2026-08-09 13:32:32.933 appintentsmetadataprocessor[91824:19495511] Starting appintentsmetadataprocessor export
2026-08-09 13:32:32.937 appintentsmetadataprocessor[91824:19495511] warning: Metadata extraction skipped. No AppIntents.framework dependency found.

GenerateDSYMFile /Users/caye/Projects/macos-dock-cc-v2-fullscreen-transition/build/FinalHoldReleaseDD/Build/Products/Release/macos-dock-cc-v2.app.dSYM /Users/caye/Projects/macos-dock-cc-v2-fullscreen-transition/build/FinalHoldReleaseDD/Build/Products/Release/macos-dock-cc-v2.app/Contents/MacOS/macos-dock-cc-v2 (in target 'macos-dock-cc-v2' from project 'macos-dock-cc-v2')
    cd /Users/caye/Projects/macos-dock-cc-v2-fullscreen-transition
    /Applications/Xcode.app/Contents/Developer/Toolchains/XcodeDefault.xctoolchain/usr/bin/dsymutil /Users/caye/Projects/macos-dock-cc-v2-fullscreen-transition/build/FinalHoldReleaseDD/Build/Products/Release/macos-dock-cc-v2.app/Contents/MacOS/macos-dock-cc-v2 -o /Users/caye/Projects/macos-dock-cc-v2-fullscreen-transition/build/FinalHoldReleaseDD/Build/Products/Release/macos-dock-cc-v2.app.dSYM

CodeSign /Users/caye/Projects/macos-dock-cc-v2-fullscreen-transition/build/FinalHoldReleaseDD/Build/Products/Release/macos-dock-cc-v2.app (in target 'macos-dock-cc-v2' from project 'macos-dock-cc-v2')
    cd /Users/caye/Projects/macos-dock-cc-v2-fullscreen-transition
    
    Signing Identity:     "macos-dock-cc Local Code Signing"
    
    /usr/bin/codesign --force --sign 520DE050F4EA495C166EC7B3447B327BF88A55DF --entitlements /Users/caye/Projects/macos-dock-cc-v2-fullscreen-transition/build/FinalHoldReleaseDD/Build/Intermediates.noindex/macos-dock-cc-v2.build/Release/macos-dock-cc-v2.build/macos-dock-cc-v2.app.xcent --timestamp\=none --generate-entitlement-der /Users/caye/Projects/macos-dock-cc-v2-fullscreen-transition/build/FinalHoldReleaseDD/Build/Products/Release/macos-dock-cc-v2.app

RegisterExecutionPolicyException /Users/caye/Projects/macos-dock-cc-v2-fullscreen-transition/build/FinalHoldReleaseDD/Build/Products/Release/macos-dock-cc-v2.app (in target 'macos-dock-cc-v2' from project 'macos-dock-cc-v2')
    cd /Users/caye/Projects/macos-dock-cc-v2-fullscreen-transition
    builtin-RegisterExecutionPolicyException /Users/caye/Projects/macos-dock-cc-v2-fullscreen-transition/build/FinalHoldReleaseDD/Build/Products/Release/macos-dock-cc-v2.app

Validate /Users/caye/Projects/macos-dock-cc-v2-fullscreen-transition/build/FinalHoldReleaseDD/Build/Products/Release/macos-dock-cc-v2.app (in target 'macos-dock-cc-v2' from project 'macos-dock-cc-v2')
    cd /Users/caye/Projects/macos-dock-cc-v2-fullscreen-transition
    builtin-validationUtility /Users/caye/Projects/macos-dock-cc-v2-fullscreen-transition/build/FinalHoldReleaseDD/Build/Products/Release/macos-dock-cc-v2.app -no-validate-extension -infoplist-subpath Contents/Info.plist

Touch /Users/caye/Projects/macos-dock-cc-v2-fullscreen-transition/build/FinalHoldReleaseDD/Build/Products/Release/macos-dock-cc-v2.app (in target 'macos-dock-cc-v2' from project 'macos-dock-cc-v2')
    cd /Users/caye/Projects/macos-dock-cc-v2-fullscreen-transition
    /usr/bin/touch -c /Users/caye/Projects/macos-dock-cc-v2-fullscreen-transition/build/FinalHoldReleaseDD/Build/Products/Release/macos-dock-cc-v2.app

RegisterWithLaunchServices /Users/caye/Projects/macos-dock-cc-v2-fullscreen-transition/build/FinalHoldReleaseDD/Build/Products/Release/macos-dock-cc-v2.app (in target 'macos-dock-cc-v2' from project 'macos-dock-cc-v2')
    cd /Users/caye/Projects/macos-dock-cc-v2-fullscreen-transition
    /System/Library/Frameworks/CoreServices.framework/Versions/Current/Frameworks/LaunchServices.framework/Versions/Current/Support/lsregister -f -R -trusted /Users/caye/Projects/macos-dock-cc-v2-fullscreen-transition/build/FinalHoldReleaseDD/Build/Products/Release/macos-dock-cc-v2.app

** BUILD SUCCEEDED **

