Filtering the log data using "process == "macos-dock-cc-v2" AND category == "fullscreen-green-probe""
Timestamp               Ty Process[PID:TID]
2026-08-09 00:06:39.510 Df macos-dock-cc-v2[68904:10e732f] [com.caye.macosdockcc.v2:fullscreen-green-probe] [fullscreen-green-probe] t=470182.514422 mouse-down point=(1542.1,1402.8) flipped=(1542.1,37.2) flags=0x0 under=0 verdict=no-cache
2026-08-09 00:06:39.688 Df macos-dock-cc-v2[68904:10e732f] [com.caye.macosdockcc.v2:fullscreen-green-probe] [fullscreen-green-probe] t=470182.692445 cache-ready pid=81876 wid=54444 button=(362.0,110.0,16.0,16.0) window=(308.0,102.0,603.0,505.0)
2026-08-09 00:06:53.477 Df macos-dock-cc-v2[68904:10e732f] [com.caye.macosdockcc.v2:fullscreen-green-probe] [fullscreen-green-probe] t=470196.482293 mouse-down point=(963.8,1272.6) flipped=(963.8,167.4) flags=0x0 under=0 cachedWid=54444 button=(362.0,110.0,16.0,16.0) age=0.009 active=1 fullscreen=0 exact=0 flippedHit=0 expanded=0 windowMatch=0 screenMatch=1 verdict=outside-button
2026-08-09 00:06:54.421 Df macos-dock-cc-v2[68904:10e732f] [com.caye.macosdockcc.v2:fullscreen-green-probe] [fullscreen-green-probe] t=470197.425672 mouse-down point=(448.2,434.9) flipped=(448.2,1005.1) flags=0x0 under=0 verdict=no-cache
2026-08-09 00:06:54.471 Df macos-dock-cc-v2[68904:10e732f] [com.caye.macosdockcc.v2:fullscreen-green-probe] [fullscreen-green-probe] t=470197.475456 cache-ready pid=81876 wid=54444 button=(362.0,110.0,16.0,16.0) window=(308.0,102.0,603.0,505.0)
2026-08-09 00:06:56.349 Df macos-dock-cc-v2[68904:10e732f] [com.caye.macosdockcc.v2:fullscreen-green-probe] [fullscreen-green-probe] t=470199.354073 mouse-down point=(377.0,118.5) flipped=(377.0,1321.5) flags=0x0 under=0 cachedWid=54444 button=(362.0,110.0,16.0,16.0) age=0.069 active=1 fullscreen=0 exact=1 flippedHit=0 expanded=1 windowMatch=0 screenMatch=1 verdict=accepted
2026-08-09 00:06:56.349 Df macos-dock-cc-v2[68904:10e732f] [com.caye.macosdockcc.v2:fullscreen-green-probe] [fullscreen-green-probe] t=470199.354129 pending generation=8 pid=81876
2026-08-09 00:06:56.350 Df macos-dock-cc-v2[68904:10e732f] [com.caye.macosdockcc.v2:fullscreen-green-probe] [fullscreen-green-probe] t=470199.355297 order-out-complete generation=8
2026-08-09 00:06:56.737 Df macos-dock-cc-v2[68904:10e732f] [com.caye.macosdockcc.v2:fullscreen-green-probe] [fullscreen-green-probe] t=470199.741865 cache-ready pid=81876 wid=54444 button=(54.0,-24.0,16.0,16.0) window=(0.0,0.0,2560.0,1440.0)
2026-08-09 00:06:57.175 Df macos-dock-cc-v2[68904:10e732f] [com.caye.macosdockcc.v2:fullscreen-green-probe] [fullscreen-green-probe] t=470200.180190 space-notification
2026-08-09 00:06:57.187 Df macos-dock-cc-v2[68904:10e732f] [com.caye.macosdockcc.v2:fullscreen-green-probe] [fullscreen-green-probe] t=470200.192117 confirmed source=space-cg generation=8
2026-08-09 00:06:58.776 Df macos-dock-cc-v2[68904:10e732f] [com.caye.macosdockcc.v2:fullscreen-green-probe] [fullscreen-green-probe] t=470201.780419 key-down keyCode=3 flags=0x140109 repeat=0 age=0.107 active=1 fullscreen=1 screenMatch=1 verdict=already-fullscreen
2026-08-09 00:06:58.872 Df macos-dock-cc-v2[68904:10e732f] [com.caye.macosdockcc.v2:fullscreen-green-probe] [fullscreen-green-probe] t=470201.877229 cache-ready pid=81876 wid=54444 button=(362.0,110.0,16.0,16.0) window=(308.0,102.0,603.0,505.0)
2026-08-09 00:06:59.362 Df macos-dock-cc-v2[68904:10e732f] [com.caye.macosdockcc.v2:fullscreen-green-probe] [fullscreen-green-probe] t=470202.366841 space-notification
2026-08-09 00:07:00.479 Df macos-dock-cc-v2[68904:10e732f] [com.caye.macosdockcc.v2:fullscreen-green-probe] [fullscreen-green-probe] t=470203.483775 mouse-down point=(374.1,116.2) flipped=(374.1,1323.8) flags=0x0 under=0 cachedWid=54444 button=(362.0,110.0,16.0,16.0) age=0.011 active=1 fullscreen=0 exact=1 flippedHit=0 expanded=1 windowMatch=0 screenMatch=1 verdict=accepted
2026-08-09 00:07:00.479 Df macos-dock-cc-v2[68904:10e732f] [com.caye.macosdockcc.v2:fullscreen-green-probe] [fullscreen-green-probe] t=470203.483827 pending generation=9 pid=81876
2026-08-09 00:07:00.481 Df macos-dock-cc-v2[68904:10e732f] [com.caye.macosdockcc.v2:fullscreen-green-probe] [fullscreen-green-probe] t=470203.485415 order-out-complete generation=9
2026-08-09 00:07:00.698 Df macos-dock-cc-v2[68904:10e732f] [com.caye.macosdockcc.v2:fullscreen-green-probe] [fullscreen-green-probe] t=470203.702924 cache-ready pid=81876 wid=54444 button=(54.0,-24.0,16.0,16.0) window=(0.0,0.0,2560.0,1440.0)
2026-08-09 00:07:01.193 Df macos-dock-cc-v2[68904:10e732f] [com.caye.macosdockcc.v2:fullscreen-green-probe] [fullscreen-green-probe] t=470204.197698 space-notification
2026-08-09 00:07:01.203 Df macos-dock-cc-v2[68904:10e732f] [com.caye.macosdockcc.v2:fullscreen-green-probe] [fullscreen-green-probe] t=470204.207799 confirmed source=space-cg generation=9
2026-08-09 00:07:01.856 Df macos-dock-cc-v2[68904:10e732f] [com.caye.macosdockcc.v2:fullscreen-green-probe] [fullscreen-green-probe] t=470204.860851 key-down keyCode=3 flags=0x140109 repeat=0 age=0.080 active=1 fullscreen=1 screenMatch=1 verdict=already-fullscreen
2026-08-09 00:07:01.941 Df macos-dock-cc-v2[68904:10e732f] [com.caye.macosdockcc.v2:fullscreen-green-probe] [fullscreen-green-probe] t=470204.945806 cache-ready pid=81876 wid=54444 button=(362.0,110.0,16.0,16.0) window=(308.0,102.0,603.0,505.0)
2026-08-09 00:07:02.438 Df macos-dock-cc-v2[68904:10e732f] [com.caye.macosdockcc.v2:fullscreen-green-probe] [fullscreen-green-probe] t=470205.442963 space-notification
2026-08-09 00:07:03.981 Df macos-dock-cc-v2[68904:10e732f] [com.caye.macosdockcc.v2:fullscreen-green-probe] [fullscreen-green-probe] t=470206.985951 mouse-down point=(370.9,121.2) flipped=(370.9,1318.8) flags=0x0 under=0 cachedWid=54444 button=(362.0,110.0,16.0,16.0) age=0.012 active=1 fullscreen=0 exact=1 flippedHit=0 expanded=1 windowMatch=0 screenMatch=1 verdict=accepted
2026-08-09 00:07:03.981 Df macos-dock-cc-v2[68904:10e732f] [com.caye.macosdockcc.v2:fullscreen-green-probe] [fullscreen-green-probe] t=470206.986005 pending generation=10 pid=81876
2026-08-09 00:07:03.982 Df macos-dock-cc-v2[68904:10e732f] [com.caye.macosdockcc.v2:fullscreen-green-probe] [fullscreen-green-probe] t=470206.987067 order-out-complete generation=10
2026-08-09 00:07:04.225 Df macos-dock-cc-v2[68904:10e732f] [com.caye.macosdockcc.v2:fullscreen-green-probe] [fullscreen-green-probe] t=470207.230233 cache-ready pid=81876 wid=54444 button=(54.0,-24.0,16.0,16.0) window=(0.0,0.0,2560.0,1440.0)
2026-08-09 00:07:04.749 Df macos-dock-cc-v2[68904:10e732f] [com.caye.macosdockcc.v2:fullscreen-green-probe] [fullscreen-green-probe] t=470207.753581 space-notification
2026-08-09 00:07:04.762 Df macos-dock-cc-v2[68904:10e732f] [com.caye.macosdockcc.v2:fullscreen-green-probe] [fullscreen-green-probe] t=470207.766933 confirmed source=space-cg generation=10
2026-08-09 00:07:05.234 Df macos-dock-cc-v2[68904:10e732f] [com.caye.macosdockcc.v2:fullscreen-green-probe] [fullscreen-green-probe] t=470208.239296 key-down keyCode=3 flags=0x140109 repeat=0 age=0.065 active=1 fullscreen=1 screenMatch=1 verdict=already-fullscreen
2026-08-09 00:07:05.354 Df macos-dock-cc-v2[68904:10e732f] [com.caye.macosdockcc.v2:fullscreen-green-probe] [fullscreen-green-probe] t=470208.359036 cache-ready pid=81876 wid=54444 button=(362.0,110.0,16.0,16.0) window=(308.0,102.0,603.0,505.0)
2026-08-09 00:07:05.822 Df macos-dock-cc-v2[68904:10e732f] [com.caye.macosdockcc.v2:fullscreen-green-probe] [fullscreen-green-probe] t=470208.826816 space-notification
2026-08-09 00:07:08.064 Df macos-dock-cc-v2[68904:10e732f] [com.caye.macosdockcc.v2:fullscreen-green-probe] [fullscreen-green-probe] t=470211.069097 space-notification
2026-08-09 00:07:09.467 Df macos-dock-cc-v2[68904:10e732f] [com.caye.macosdockcc.v2:fullscreen-green-probe] [fullscreen-green-probe] t=470212.471881 space-notification
2026-08-09 00:07:09.496 Df macos-dock-cc-v2[68904:10e732f] [com.caye.macosdockcc.v2:fullscreen-green-probe] [fullscreen-green-probe] t=470212.501225 cache-ready pid=81876 wid=54444 button=(362.0,110.0,16.0,16.0) window=(308.0,102.0,603.0,505.0)
2026-08-09 00:07:11.967 Df macos-dock-cc-v2[68904:10e732f] [com.caye.macosdockcc.v2:fullscreen-green-probe] [fullscreen-green-probe] t=470214.971728 mouse-down point=(1187.3,1130.5) flipped=(1187.3,309.5) flags=0x0 under=0 cachedWid=54444 button=(362.0,110.0,16.0,16.0) age=0.098 active=1 fullscreen=0 exact=0 flippedHit=0 expanded=0 windowMatch=0 screenMatch=1 verdict=outside-button
2026-08-09 00:07:15.229 Df macos-dock-cc-v2[68904:10e732f] [com.caye.macosdockcc.v2:fullscreen-green-probe] [fullscreen-green-probe] t=470218.233684 mouse-down point=(860.2,1094.4) flipped=(860.2,345.6) flags=0x0 under=0 verdict=no-cache
2026-08-09 00:07:16.450 Df macos-dock-cc-v2[68904:10e732f] [com.caye.macosdockcc.v2:fullscreen-green-probe] [fullscreen-green-probe] t=470219.455212 key-down keyCode=8 flags=0x100108 repeat=0 verdict=no-cache
2026-08-09 00:07:17.349 Df macos-dock-cc-v2[68904:10e732f] [com.caye.macosdockcc.v2:fullscreen-green-probe] [fullscreen-green-probe] t=470220.353849 mouse-down point=(1143.3,1266.2) flipped=(1143.3,173.8) flags=0x0 under=0 verdict=no-cache
2026-08-09 00:07:18.151 Df macos-dock-cc-v2[68904:10e732f] [com.caye.macosdockcc.v2:fullscreen-green-probe] [fullscreen-green-probe] t=470221.156024 key-down keyCode=9 flags=0x100108 repeat=0 verdict=no-cache
2026-08-09 00:07:19.141 Df macos-dock-cc-v2[68904:10e732f] [com.caye.macosdockcc.v2:fullscreen-green-probe] [fullscreen-green-probe] t=470222.145350 key-down keyCode=49 flags=0x100 repeat=0 verdict=no-cache
2026-08-09 00:07:20.761 Df macos-dock-cc-v2[68904:10e732f] [com.caye.macosdockcc.v2:fullscreen-green-probe] [fullscreen-green-probe] t=470223.765800 key-down keyCode=1 flags=0x100 repeat=0 verdict=no-cache
2026-08-09 00:07:21.010 Df macos-dock-cc-v2[68904:10e732f] [com.caye.macosdockcc.v2:fullscreen-green-probe] [fullscreen-green-probe] t=470224.015300 key-down keyCode=4 flags=0x100 repeat=0 verdict=no-cache
2026-08-09 00:07:21.083 Df macos-dock-cc-v2[68904:10e732f] [com.caye.macosdockcc.v2:fullscreen-green-probe] [fullscreen-green-probe] t=470224.087466 key-down keyCode=0 flags=0x100 repeat=0 verdict=no-cache
2026-08-09 00:07:21.251 Df macos-dock-cc-v2[68904:10e732f] [com.caye.macosdockcc.v2:fullscreen-green-probe] [fullscreen-green-probe] t=470224.255822 key-down keyCode=16 flags=0x100 repeat=0 verdict=no-cache
2026-08-09 00:07:21.443 Df macos-dock-cc-v2[68904:10e732f] [com.caye.macosdockcc.v2:fullscreen-green-probe] [fullscreen-green-probe] t=470224.447880 key-down keyCode=34 flags=0x100 repeat=0 verdict=no-cache
2026-08-09 00:07:21.579 Df macos-dock-cc-v2[68904:10e732f] [com.caye.macosdockcc.v2:fullscreen-green-probe] [fullscreen-green-probe] t=470224.583649 key-down keyCode=1 flags=0x100 repeat=0 verdict=no-cache
2026-08-09 00:07:21.673 Df macos-dock-cc-v2[68904:10e732f] [com.caye.macosdockcc.v2:fullscreen-green-probe] [fullscreen-green-probe] t=470224.677737 key-down keyCode=34 flags=0x100 repeat=0 verdict=no-cache
2026-08-09 00:07:22.109 Df macos-dock-cc-v2[68904:10e732f] [com.caye.macosdockcc.v2:fullscreen-green-probe] [fullscreen-green-probe] t=470225.113410 key-down keyCode=49 flags=0x100 repeat=0 verdict=no-cache
2026-08-09 00:07:23.344 Df macos-dock-cc-v2[68904:10e732f] [com.caye.macosdockcc.v2:fullscreen-green-probe] [fullscreen-green-probe] t=470226.348769 key-down keyCode=44 flags=0x20104 repeat=0 verdict=no-cache
2026-08-09 00:07:25.309 Df macos-dock-cc-v2[68904:10e732f] [com.caye.macosdockcc.v2:fullscreen-green-probe] [fullscreen-green-probe] t=470228.313826 mouse-down point=(846.5,1314.0) flipped=(846.5,126.0) flags=0x0 under=0 verdict=no-cache
2026-08-09 00:07:26.349 Df macos-dock-cc-v2[68904:10e732f] [com.caye.macosdockcc.v2:fullscreen-green-probe] [fullscreen-green-probe] t=470229.353885 mouse-down point=(933.8,1057.5) flipped=(933.8,382.5) flags=0x0 under=0 verdict=no-cache
2026-08-09 00:07:27.413 Df macos-dock-cc-v2[68904:10e732f] [com.caye.macosdockcc.v2:fullscreen-green-probe] [fullscreen-green-probe] t=470230.417658 mouse-down point=(866.1,1308.6) flipped=(866.1,131.4) flags=0x0 under=0 verdict=no-cache
2026-08-09 00:07:28.365 Df macos-dock-cc-v2[68904:10e732f] [com.caye.macosdockcc.v2:fullscreen-green-probe] [fullscreen-green-probe] t=470231.369796 mouse-down point=(979.7,1042.9) flipped=(979.7,397.1) flags=0x0 under=0 verdict=no-cache
2026-08-09 00:07:29.229 Df macos-dock-cc-v2[68904:10e732f] [com.caye.macosdockcc.v2:fullscreen-green-probe] [fullscreen-green-probe] t=470232.233795 mouse-down point=(1600.3,1159.6) flipped=(1600.3,280.4) flags=0x0 under=0 verdict=no-cache
2026-08-09 00:07:30.109 Df macos-dock-cc-v2[68904:10e732f] [com.caye.macosdockcc.v2:fullscreen-green-probe] [fullscreen-green-probe] t=470233.113727 mouse-down point=(1549.2,1309.5) flipped=(1549.2,130.5) flags=0x0 under=0 verdict=no-cache
2026-08-09 00:07:53.622 Df macos-dock-cc-v2[68904:10e732f] [com.caye.macosdockcc.v2:fullscreen-green-probe] [fullscreen-green-probe] t=470256.626315 mouse-down point=(422.1,491.2) flipped=(422.1,948.8) flags=0x0 under=0 verdict=no-cache
2026-08-09 00:07:53.690 Df macos-dock-cc-v2[68904:10e732f] [com.caye.macosdockcc.v2:fullscreen-green-probe] [fullscreen-green-probe] t=470256.694487 cache-ready pid=81876 wid=54444 button=(362.0,110.0,16.0,16.0) window=(308.0,102.0,603.0,505.0)
2026-08-09 00:08:00.031 Df macos-dock-cc-v2[68904:10e732f] [com.caye.macosdockcc.v2:fullscreen-green-probe] [fullscreen-green-probe] t=470263.036029 mouse-down point=(544.9,124.4) flipped=(544.9,1315.6) flags=0x0 under=0 cachedWid=54444 button=(362.0,110.0,16.0,16.0) age=0.063 active=1 fullscreen=0 exact=0 flippedHit=0 expanded=0 windowMatch=0 screenMatch=1 verdict=outside-button
2026-08-09 00:08:00.285 Df macos-dock-cc-v2[68904:10e732f] [com.caye.macosdockcc.v2:fullscreen-green-probe] [fullscreen-green-probe] t=470263.289625 cache-ready pid=81876 wid=54444 button=(316.0,180.0,16.0,16.0) window=(262.0,172.0,603.0,505.0)
2026-08-09 00:08:00.368 Df macos-dock-cc-v2[68904:10e732f] [com.caye.macosdockcc.v2:fullscreen-green-probe] [fullscreen-green-probe] t=470263.372941 cache-ready pid=81876 wid=54444 button=(287.0,215.0,16.0,16.0) window=(233.0,207.0,603.0,505.0)
2026-08-09 00:08:01.482 Df macos-dock-cc-v2[68904:10e732f] [com.caye.macosdockcc.v2:fullscreen-green-probe] [fullscreen-green-probe] t=470264.486910 mouse-down point=(1093.9,1263.5) flipped=(1093.9,176.5) flags=0x0 under=0 cachedWid=54444 button=(287.0,215.0,16.0,16.0) age=0.013 active=1 fullscreen=0 exact=0 flippedHit=0 expanded=0 windowMatch=0 screenMatch=1 verdict=outside-button
2026-08-09 00:08:02.494 Df macos-dock-cc-v2[68904:10e732f] [com.caye.macosdockcc.v2:fullscreen-green-probe] [fullscreen-green-probe] t=470265.499291 key-down keyCode=13 flags=0x100 repeat=0 verdict=no-cache
2026-08-09 00:08:02.719 Df macos-dock-cc-v2[68904:10e732f] [com.caye.macosdockcc.v2:fullscreen-green-probe] [fullscreen-green-probe] t=470265.723908 key-down keyCode=31 flags=0x100 repeat=0 verdict=no-cache
2026-08-09 00:08:02.888 Df macos-dock-cc-v2[68904:10e732f] [com.caye.macosdockcc.v2:fullscreen-green-probe] [fullscreen-green-probe] t=470265.892695 key-down keyCode=2 flags=0x100 repeat=0 verdict=no-cache
2026-08-09 00:08:03.004 Df macos-dock-cc-v2[68904:10e732f] [com.caye.macosdockcc.v2:fullscreen-green-probe] [fullscreen-green-probe] t=470266.008547 key-down keyCode=34 flags=0x100 repeat=0 verdict=no-cache
2026-08-09 00:08:03.219 Df macos-dock-cc-v2[68904:10e732f] [com.caye.macosdockcc.v2:fullscreen-green-probe] [fullscreen-green-probe] t=470266.223413 key-down keyCode=45 flags=0x100 repeat=0 verdict=no-cache
2026-08-09 00:08:03.219 Df macos-dock-cc-v2[68904:10e732f] [com.caye.macosdockcc.v2:fullscreen-green-probe] [fullscreen-green-probe] t=470266.223943 key-down keyCode=5 flags=0x100 repeat=0 verdict=no-cache
2026-08-09 00:08:03.548 Df macos-dock-cc-v2[68904:10e732f] [com.caye.macosdockcc.v2:fullscreen-green-probe] [fullscreen-green-probe] t=470266.553153 key-down keyCode=11 flags=0x100 repeat=0 verdict=no-cache
2026-08-09 00:08:03.632 Df macos-dock-cc-v2[68904:10e732f] [com.caye.macosdockcc.v2:fullscreen-green-probe] [fullscreen-green-probe] t=470266.637235 key-down keyCode=32 flags=0x100 repeat=0 verdict=no-cache
2026-08-09 00:08:03.872 Df macos-dock-cc-v2[68904:10e732f] [com.caye.macosdockcc.v2:fullscreen-green-probe] [fullscreen-green-probe] t=470266.876904 key-down keyCode=8 flags=0x100 repeat=0 verdict=no-cache
2026-08-09 00:08:04.052 Df macos-dock-cc-v2[68904:10e732f] [com.caye.macosdockcc.v2:fullscreen-green-probe] [fullscreen-green-probe] t=470267.056579 key-down keyCode=0 flags=0x100 repeat=0 verdict=no-cache
2026-08-09 00:08:04.303 Df macos-dock-cc-v2[68904:10e732f] [com.caye.macosdockcc.v2:fullscreen-green-probe] [fullscreen-green-probe] t=470267.307808 key-down keyCode=34 flags=0x100 repeat=0 verdict=no-cache
2026-08-09 00:08:04.548 Df macos-dock-cc-v2[68904:10e732f] [com.caye.macosdockcc.v2:fullscreen-green-probe] [fullscreen-green-probe] t=470267.553294 key-down keyCode=2 flags=0x100 repeat=0 verdict=no-cache
2026-08-09 00:08:04.686 Df macos-dock-cc-v2[68904:10e732f] [com.caye.macosdockcc.v2:fullscreen-green-probe] [fullscreen-green-probe] t=470267.691131 key-down keyCode=0 flags=0x100 repeat=0 verdict=no-cache
2026-08-09 00:08:04.786 Df macos-dock-cc-v2[68904:10e732f] [com.caye.macosdockcc.v2:fullscreen-green-probe] [fullscreen-green-probe] t=470267.790626 key-down keyCode=45 flags=0x100 repeat=0 verdict=no-cache
2026-08-09 00:08:05.108 Df macos-dock-cc-v2[68904:10e732f] [com.caye.macosdockcc.v2:fullscreen-green-probe] [fullscreen-green-probe] t=470268.112852 key-down keyCode=37 flags=0x100 repeat=0 verdict=no-cache
2026-08-09 00:08:05.227 Df macos-dock-cc-v2[68904:10e732f] [com.caye.macosdockcc.v2:fullscreen-green-probe] [fullscreen-green-probe] t=470268.232193 key-down keyCode=0 flags=0x100 repeat=0 verdict=no-cache
2026-08-09 00:08:05.303 Df macos-dock-cc-v2[68904:10e732f] [com.caye.macosdockcc.v2:fullscreen-green-probe] [fullscreen-green-probe] t=470268.307545 key-down keyCode=45 flags=0x100 repeat=0 verdict=no-cache
2026-08-09 00:08:05.544 Df macos-dock-cc-v2[68904:10e732f] [com.caye.macosdockcc.v2:fullscreen-green-probe] [fullscreen-green-probe] t=470268.548705 key-down keyCode=16 flags=0x100 repeat=0 verdict=no-cache
2026-08-09 00:08:05.731 Df macos-dock-cc-v2[68904:10e732f] [com.caye.macosdockcc.v2:fullscreen-green-probe] [fullscreen-green-probe] t=470268.735628 key-down keyCode=34 flags=0x100 repeat=0 verdict=no-cache
2026-08-09 00:08:05.849 Df macos-dock-cc-v2[68904:10e732f] [com.caye.macosdockcc.v2:fullscreen-green-probe] [fullscreen-green-probe] t=470268.853512 key-down keyCode=6 flags=0x100 repeat=0 verdict=no-cache
2026-08-09 00:08:05.937 Df macos-dock-cc-v2[68904:10e732f] [com.caye.macosdockcc.v2:fullscreen-green-probe] [fullscreen-green-probe] t=470268.941493 key-down keyCode=4 flags=0x100 repeat=0 verdict=no-cache
2026-08-09 00:08:06.000 Df macos-dock-cc-v2[68904:10e732f] [com.caye.macosdockcc.v2:fullscreen-green-probe] [fullscreen-green-probe] t=470269.005327 key-down keyCode=34 flags=0x100 repeat=0 verdict=no-cache
2026-08-09 00:08:06.141 Df macos-dock-cc-v2[68904:10e732f] [com.caye.macosdockcc.v2:fullscreen-green-probe] [fullscreen-green-probe] t=470269.146277 key-down keyCode=2 flags=0x100 repeat=0 verdict=no-cache
2026-08-09 00:08:06.282 Df macos-dock-cc-v2[68904:10e732f] [com.caye.macosdockcc.v2:fullscreen-green-probe] [fullscreen-green-probe] t=470269.286564 key-down keyCode=31 flags=0x100 repeat=0 verdict=no-cache
2026-08-09 00:08:06.423 Df macos-dock-cc-v2[68904:10e732f] [com.caye.macosdockcc.v2:fullscreen-green-probe] [fullscreen-green-probe] t=470269.428327 key-down keyCode=32 flags=0x100 repeat=0 verdict=no-cache
2026-08-09 00:08:06.652 Df macos-dock-cc-v2[68904:10e732f] [com.caye.macosdockcc.v2:fullscreen-green-probe] [fullscreen-green-probe] t=470269.656723 key-down keyCode=46 flags=0x100 repeat=0 verdict=no-cache
2026-08-09 00:08:06.787 Df macos-dock-cc-v2[68904:10e732f] [com.caye.macosdockcc.v2:fullscreen-green-probe] [fullscreen-green-probe] t=470269.791331 key-down keyCode=14 flags=0x100 repeat=0 verdict=no-cache
2026-08-09 00:08:06.812 Df macos-dock-cc-v2[68904:10e732f] [com.caye.macosdockcc.v2:fullscreen-green-probe] [fullscreen-green-probe] t=470269.817006 key-down keyCode=34 flags=0x100 repeat=0 verdict=no-cache
2026-08-09 00:08:07.031 Df macos-dock-cc-v2[68904:10e732f] [com.caye.macosdockcc.v2:fullscreen-green-probe] [fullscreen-green-probe] t=470270.035787 key-down keyCode=16 flags=0x100 repeat=0 verdict=no-cache
2026-08-09 00:08:07.234 Df macos-dock-cc-v2[68904:10e732f] [com.caye.macosdockcc.v2:fullscreen-green-probe] [fullscreen-green-probe] t=470270.238362 key-down keyCode=31 flags=0x100 repeat=0 verdict=no-cache
2026-08-09 00:08:07.320 Df macos-dock-cc-v2[68904:10e732f] [com.caye.macosdockcc.v2:fullscreen-green-probe] [fullscreen-green-probe] t=470270.324957 key-down keyCode=32 flags=0x100 repeat=0 verdict=no-cache
2026-08-09 00:08:08.257 Df macos-dock-cc-v2[68904:10e732f] [com.caye.macosdockcc.v2:fullscreen-green-probe] [fullscreen-green-probe] t=470271.262036 key-down keyCode=49 flags=0x100 repeat=0 verdict=no-cache
2026-08-09 00:08:16.973 Df macos-dock-cc-v2[68904:10e732f] [com.caye.macosdockcc.v2:fullscreen-green-probe] [fullscreen-green-probe] t=470279.977677 mouse-down point=(357.8,580.9) flipped=(357.8,859.1) flags=0x0 under=0 verdict=no-cache
2026-08-09 00:08:17.067 Df macos-dock-cc-v2[68904:10e732f] [com.caye.macosdockcc.v2:fullscreen-green-probe] [fullscreen-green-probe] t=470280.072257 cache-ready pid=81876 wid=54444 button=(287.0,215.0,16.0,16.0) window=(233.0,207.0,603.0,505.0)
2026-08-09 00:08:17.277 Df macos-dock-cc-v2[68904:10e732f] [com.caye.macosdockcc.v2:fullscreen-green-probe] [fullscreen-green-probe] t=470280.281429 mouse-down point=(497.1,566.9) flipped=(497.1,873.1) flags=0x0 under=0 cachedWid=54444 button=(287.0,215.0,16.0,16.0) age=0.109 active=1 fullscreen=0 exact=0 flippedHit=0 expanded=0 windowMatch=0 screenMatch=1 verdict=outside-button
2026-08-09 00:08:18.400 Df macos-dock-cc-v2[68904:10e732f] [com.caye.macosdockcc.v2:fullscreen-green-probe] [fullscreen-green-probe] t=470281.405029 key-down keyCode=45 flags=0x100108 repeat=0 age=0.018 active=1 fullscreen=0 screenMatch=1 verdict=shortcut-mismatch
2026-08-09 00:08:18.578 Df macos-dock-cc-v2[68904:10e732f] [com.caye.macosdockcc.v2:fullscreen-green-probe] [fullscreen-green-probe] t=470281.583175 cache-ready pid=81876 wid=62315 button=(392.0,140.0,16.0,16.0) window=(338.0,132.0,603.0,505.0)
2026-08-09 00:08:22.190 Df macos-dock-cc-v2[68904:10e732f] [com.caye.macosdockcc.v2:fullscreen-green-probe] [fullscreen-green-probe] t=470285.195216 mouse-down point=(395.8,150.7) flipped=(395.8,1289.3) flags=0x0 under=0 cachedWid=62315 button=(392.0,140.0,16.0,16.0) age=0.023 active=1 fullscreen=0 exact=1 flippedHit=0 expanded=1 windowMatch=0 screenMatch=1 verdict=accepted
2026-08-09 00:08:22.190 Df macos-dock-cc-v2[68904:10e732f] [com.caye.macosdockcc.v2:fullscreen-green-probe] [fullscreen-green-probe] t=470285.195255 pending generation=11 pid=81876
2026-08-09 00:08:22.191 Df macos-dock-cc-v2[68904:10e732f] [com.caye.macosdockcc.v2:fullscreen-green-probe] [fullscreen-green-probe] t=470285.196040 order-out-complete generation=11
2026-08-09 00:08:22.445 Df macos-dock-cc-v2[68904:10e732f] [com.caye.macosdockcc.v2:fullscreen-green-probe] [fullscreen-green-probe] t=470285.449685 cache-ready pid=81876 wid=62315 button=(54.0,-24.0,16.0,16.0) window=(0.0,0.0,2560.0,1440.0)
2026-08-09 00:08:22.916 Df macos-dock-cc-v2[68904:10e732f] [com.caye.macosdockcc.v2:fullscreen-green-probe] [fullscreen-green-probe] t=470285.920503 space-notification
2026-08-09 00:08:22.928 Df macos-dock-cc-v2[68904:10e732f] [com.caye.macosdockcc.v2:fullscreen-green-probe] [fullscreen-green-probe] t=470285.933016 confirmed source=space-cg generation=11
2026-08-09 00:08:23.168 Df macos-dock-cc-v2[68904:10e732f] [com.caye.macosdockcc.v2:fullscreen-green-probe] [fullscreen-green-probe] t=470286.173075 cache-ready pid=81876 wid=62315 button=(54.0,-24.0,16.0,16.0) window=(0.0,0.0,2560.0,1440.0)
2026-08-09 00:08:24.242 Df macos-dock-cc-v2[68904:10e732f] [com.caye.macosdockcc.v2:fullscreen-green-probe] [fullscreen-green-probe] t=470287.246909 key-down keyCode=3 flags=0x140109 repeat=0 age=0.074 active=1 fullscreen=1 screenMatch=1 verdict=already-fullscreen
2026-08-09 00:08:24.575 Df macos-dock-cc-v2[68904:10e732f] [com.caye.macosdockcc.v2:fullscreen-green-probe] [fullscreen-green-probe] t=470287.579629 cache-ready pid=81876 wid=62315 button=(392.0,140.0,16.0,16.0) window=(338.0,132.0,603.0,505.0)
2026-08-09 00:08:24.839 Df macos-dock-cc-v2[68904:10e732f] [com.caye.macosdockcc.v2:fullscreen-green-probe] [fullscreen-green-probe] t=470287.844056 space-notification
2026-08-09 00:08:26.823 Df macos-dock-cc-v2[68904:10e732f] [com.caye.macosdockcc.v2:fullscreen-green-probe] [fullscreen-green-probe] t=470289.828233 mouse-down point=(399.9,150.7) flipped=(399.9,1289.3) flags=0x0 under=0 cachedWid=62315 button=(392.0,140.0,16.0,16.0) age=0.032 active=1 fullscreen=0 exact=1 flippedHit=0 expanded=1 windowMatch=0 screenMatch=1 verdict=accepted
2026-08-09 00:08:26.823 Df macos-dock-cc-v2[68904:10e732f] [com.caye.macosdockcc.v2:fullscreen-green-probe] [fullscreen-green-probe] t=470289.828265 pending generation=12 pid=81876
2026-08-09 00:08:26.825 Df macos-dock-cc-v2[68904:10e732f] [com.caye.macosdockcc.v2:fullscreen-green-probe] [fullscreen-green-probe] t=470289.829366 order-out-complete generation=12
2026-08-09 00:08:27.043 Df macos-dock-cc-v2[68904:10e732f] [com.caye.macosdockcc.v2:fullscreen-green-probe] [fullscreen-green-probe] t=470290.047745 cache-ready pid=81876 wid=62315 button=(54.0,-24.0,16.0,16.0) window=(0.0,0.0,2560.0,1440.0)
2026-08-09 00:08:27.505 Df macos-dock-cc-v2[68904:10e732f] [com.caye.macosdockcc.v2:fullscreen-green-probe] [fullscreen-green-probe] t=470290.509878 space-notification
2026-08-09 00:08:27.516 Df macos-dock-cc-v2[68904:10e732f] [com.caye.macosdockcc.v2:fullscreen-green-probe] [fullscreen-green-probe] t=470290.520726 confirmed source=space-cg generation=12
2026-08-09 00:08:29.373 Df macos-dock-cc-v2[68904:10e732f] [com.caye.macosdockcc.v2:fullscreen-green-probe] [fullscreen-green-probe] t=470292.378077 mouse-down point=(790.3,426.3) flipped=(790.3,1013.7) flags=0x0 under=0 cachedWid=62315 button=(54.0,-24.0,16.0,16.0) age=0.005 active=1 fullscreen=1 exact=0 flippedHit=0 expanded=0 windowMatch=0 screenMatch=1 verdict=already-fullscreen
2026-08-09 00:08:30.437 Df macos-dock-cc-v2[68904:10e732f] [com.caye.macosdockcc.v2:fullscreen-green-probe] [fullscreen-green-probe] t=470293.441428 key-down keyCode=3 flags=0x140109 repeat=0 age=0.068 active=1 fullscreen=1 screenMatch=1 verdict=already-fullscreen
2026-08-09 00:08:30.536 Df macos-dock-cc-v2[68904:10e732f] [com.caye.macosdockcc.v2:fullscreen-green-probe] [fullscreen-green-probe] t=470293.540838 cache-ready pid=81876 wid=62315 button=(392.0,140.0,16.0,16.0) window=(338.0,132.0,603.0,505.0)
2026-08-09 00:08:31.027 Df macos-dock-cc-v2[68904:10e732f] [com.caye.macosdockcc.v2:fullscreen-green-probe] [fullscreen-green-probe] t=470294.031744 space-notification
2026-08-09 00:08:33.013 Df macos-dock-cc-v2[68904:10e732f] [com.caye.macosdockcc.v2:fullscreen-green-probe] [fullscreen-green-probe] t=470296.018159 mouse-down point=(400.1,147.5) flipped=(400.1,1292.5) flags=0x0 under=0 cachedWid=62315 button=(392.0,140.0,16.0,16.0) age=0.046 active=1 fullscreen=0 exact=1 flippedHit=0 expanded=1 windowMatch=0 screenMatch=1 verdict=accepted
2026-08-09 00:08:33.013 Df macos-dock-cc-v2[68904:10e732f] [com.caye.macosdockcc.v2:fullscreen-green-probe] [fullscreen-green-probe] t=470296.018209 pending generation=13 pid=81876
2026-08-09 00:08:33.025 Df macos-dock-cc-v2[68904:10e732f] [com.caye.macosdockcc.v2:fullscreen-green-probe] [fullscreen-green-probe] t=470296.029499 order-out-complete generation=13
2026-08-09 00:08:33.222 Df macos-dock-cc-v2[68904:10e732f] [com.caye.macosdockcc.v2:fullscreen-green-probe] [fullscreen-green-probe] t=470296.227303 cache-ready pid=81876 wid=62315 button=(54.0,-24.0,16.0,16.0) window=(0.0,0.0,2560.0,1440.0)
2026-08-09 00:08:33.695 Df macos-dock-cc-v2[68904:10e732f] [com.caye.macosdockcc.v2:fullscreen-green-probe] [fullscreen-green-probe] t=470296.699766 space-notification
2026-08-09 00:08:33.708 Df macos-dock-cc-v2[68904:10e732f] [com.caye.macosdockcc.v2:fullscreen-green-probe] [fullscreen-green-probe] t=470296.713164 confirmed source=space-cg generation=13
2026-08-09 00:08:34.356 Df macos-dock-cc-v2[68904:10e732f] [com.caye.macosdockcc.v2:fullscreen-green-probe] [fullscreen-green-probe] t=470297.360637 key-down keyCode=3 flags=0x140109 repeat=0 age=0.075 active=1 fullscreen=1 screenMatch=1 verdict=already-fullscreen
2026-08-09 00:08:34.446 Df macos-dock-cc-v2[68904:10e732f] [com.caye.macosdockcc.v2:fullscreen-green-probe] [fullscreen-green-probe] t=470297.450583 cache-ready pid=81876 wid=62315 button=(392.0,140.0,16.0,16.0) window=(338.0,132.0,603.0,505.0)
2026-08-09 00:08:34.940 Df macos-dock-cc-v2[68904:10e732f] [com.caye.macosdockcc.v2:fullscreen-green-probe] [fullscreen-green-probe] t=470297.944549 space-notification
2026-08-09 00:08:37.045 Df macos-dock-cc-v2[68904:10e732f] [com.caye.macosdockcc.v2:fullscreen-green-probe] [fullscreen-green-probe] t=470300.050108 mouse-down point=(399.4,149.7) flipped=(399.4,1290.3) flags=0x0 under=0 cachedWid=62315 button=(392.0,140.0,16.0,16.0) age=0.077 active=1 fullscreen=0 exact=1 flippedHit=0 expanded=1 windowMatch=0 screenMatch=1 verdict=accepted
2026-08-09 00:08:37.045 Df macos-dock-cc-v2[68904:10e732f] [com.caye.macosdockcc.v2:fullscreen-green-probe] [fullscreen-green-probe] t=470300.050163 pending generation=14 pid=81876
2026-08-09 00:08:37.046 Df macos-dock-cc-v2[68904:10e732f] [com.caye.macosdockcc.v2:fullscreen-green-probe] [fullscreen-green-probe] t=470300.051177 order-out-complete generation=14
2026-08-09 00:08:37.317 Df macos-dock-cc-v2[68904:10e732f] [com.caye.macosdockcc.v2:fullscreen-green-probe] [fullscreen-green-probe] t=470300.321563 cache-ready pid=81876 wid=62315 button=(54.0,-24.0,16.0,16.0) window=(0.0,0.0,2560.0,1440.0)
2026-08-09 00:08:37.741 Df macos-dock-cc-v2[68904:10e732f] [com.caye.macosdockcc.v2:fullscreen-green-probe] [fullscreen-green-probe] t=470300.745611 space-notification
2026-08-09 00:08:37.752 Df macos-dock-cc-v2[68904:10e732f] [com.caye.macosdockcc.v2:fullscreen-green-probe] [fullscreen-green-probe] t=470300.756609 confirmed source=space-cg generation=14
2026-08-09 00:08:38.257 Df macos-dock-cc-v2[68904:10e732f] [com.caye.macosdockcc.v2:fullscreen-green-probe] [fullscreen-green-probe] t=470301.261807 key-down keyCode=3 flags=0x140109 repeat=0 age=0.088 active=1 fullscreen=1 screenMatch=1 verdict=already-fullscreen
2026-08-09 00:08:38.382 Df macos-dock-cc-v2[68904:10e732f] [com.caye.macosdockcc.v2:fullscreen-green-probe] [fullscreen-green-probe] t=470301.386751 cache-ready pid=81876 wid=62315 button=(392.0,140.0,16.0,16.0) window=(338.0,132.0,603.0,505.0)
2026-08-09 00:08:38.846 Df macos-dock-cc-v2[68904:10e732f] [com.caye.macosdockcc.v2:fullscreen-green-probe] [fullscreen-green-probe] t=470301.850545 space-notification
2026-08-09 00:08:40.676 Df macos-dock-cc-v2[68904:10e732f] [com.caye.macosdockcc.v2:fullscreen-green-probe] [fullscreen-green-probe] t=470303.681069 mouse-down point=(1056.4,1272.1) flipped=(1056.4,167.9) flags=0x0 under=0 cachedWid=62315 button=(392.0,140.0,16.0,16.0) age=0.008 active=1 fullscreen=0 exact=0 flippedHit=0 expanded=0 windowMatch=0 screenMatch=1 verdict=outside-button
2026-08-09 00:08:40.982 Df macos-dock-cc-v2[68904:10e732f] [com.caye.macosdockcc.v2:fullscreen-green-probe] [fullscreen-green-probe] t=470303.986866 mouse-down point=(1062.1,1267.1) flipped=(1062.1,172.9) flags=0x0 under=0 verdict=no-cache
2026-08-09 00:08:41.949 Df macos-dock-cc-v2[68904:10e732f] [com.caye.macosdockcc.v2:fullscreen-green-probe] [fullscreen-green-probe] t=470304.953913 mouse-down point=(1064.3,1266.4) flipped=(1064.3,173.6) flags=0x0 under=0 verdict=no-cache
2026-08-09 00:08:43.821 Df macos-dock-cc-v2[68904:10e732f] [com.caye.macosdockcc.v2:fullscreen-green-probe] [fullscreen-green-probe] t=470306.826137 mouse-down point=(1060.6,1266.2) flipped=(1060.6,173.8) flags=0x0 under=0 verdict=no-cache
2026-08-09 00:08:46.589 Df macos-dock-cc-v2[68904:10e732f] [com.caye.macosdockcc.v2:fullscreen-green-probe] [fullscreen-green-probe] t=470309.594181 mouse-down point=(1077.0,1262.7) flipped=(1077.0,177.3) flags=0x0 under=0 verdict=no-cache
2026-08-09 00:08:47.053 Df macos-dock-cc-v2[68904:10e732f] [com.caye.macosdockcc.v2:fullscreen-green-probe] [fullscreen-green-probe] t=470310.058001 mouse-down point=(1072.6,1261.8) flipped=(1072.6,178.2) flags=0x0 under=0 verdict=no-cache
2026-08-09 00:08:49.749 Df macos-dock-cc-v2[68904:10e732f] [com.caye.macosdockcc.v2:fullscreen-green-probe] [fullscreen-green-probe] t=470312.754198 mouse-down point=(1081.9,1070.0) flipped=(1081.9,370.0) flags=0x0 under=0 verdict=no-cache
2026-08-09 00:08:51.368 Df macos-dock-cc-v2[68904:10e732f] [com.caye.macosdockcc.v2:fullscreen-green-probe] [fullscreen-green-probe] t=470314.372530 key-down keyCode=8 flags=0x100108 repeat=0 verdict=no-cache
2026-08-09 00:08:51.845 Df macos-dock-cc-v2[68904:10e732f] [com.caye.macosdockcc.v2:fullscreen-green-probe] [fullscreen-green-probe] t=470314.849787 mouse-down point=(1055.5,1267.5) flipped=(1055.5,172.5) flags=0x0 under=0 verdict=no-cache
2026-08-09 00:08:52.083 Df macos-dock-cc-v2[68904:10e732f] [com.caye.macosdockcc.v2:fullscreen-green-probe] [fullscreen-green-probe] t=470315.088289 key-down keyCode=9 flags=0x100108 repeat=0 verdict=no-cache
2026-08-09 00:08:52.967 Df macos-dock-cc-v2[68904:10e732f] [com.caye.macosdockcc.v2:fullscreen-green-probe] [fullscreen-green-probe] t=470315.971690 mouse-down point=(1542.6,1315.3) flipped=(1542.6,124.7) flags=0x0 under=0 verdict=no-cache
2026-08-09 00:11:02.037 Df macos-dock-cc-v2[68904:10e732f] [com.caye.macosdockcc.v2:fullscreen-green-probe] [fullscreen-green-probe] t=470445.041997 mouse-down point=(1456.3,1041.2) flipped=(1456.3,398.8) flags=0x0 under=0 verdict=no-cache
2026-08-09 00:11:02.885 Df macos-dock-cc-v2[68904:10e732f] [com.caye.macosdockcc.v2:fullscreen-green-probe] [fullscreen-green-probe] t=470445.890313 mouse-down point=(1456.9,1041.0) flipped=(1456.9,399.0) flags=0x0 under=0 verdict=no-cache
2026-08-09 00:11:04.589 Df macos-dock-cc-v2[68904:10e732f] [com.caye.macosdockcc.v2:fullscreen-green-probe] [fullscreen-green-probe] t=470447.594217 mouse-down point=(1455.1,1038.4) flipped=(1455.1,401.6) flags=0x0 under=0 verdict=no-cache
2026-08-09 00:11:07.933 Df macos-dock-cc-v2[68904:10e732f] [com.caye.macosdockcc.v2:fullscreen-green-probe] [fullscreen-green-probe] t=470450.938120 mouse-down point=(1440.6,1040.4) flipped=(1440.6,399.6) flags=0x0 under=0 verdict=no-cache
2026-08-09 00:11:08.549 Df macos-dock-cc-v2[68904:10e732f] [com.caye.macosdockcc.v2:fullscreen-green-probe] [fullscreen-green-probe] t=470451.554164 mouse-down point=(1440.6,1040.4) flipped=(1440.6,399.6) flags=0x0 under=0 verdict=no-cache
2026-08-09 00:11:10.629 Df macos-dock-cc-v2[68904:10e732f] [com.caye.macosdockcc.v2:fullscreen-green-probe] [fullscreen-green-probe] t=470453.634142 mouse-down point=(1443.7,1038.1) flipped=(1443.7,401.9) flags=0x0 under=0 verdict=no-cache
2026-08-09 00:11:24.285 Df macos-dock-cc-v2[68904:10e732f] [com.caye.macosdockcc.v2:fullscreen-green-probe] [fullscreen-green-probe] t=470467.289652 mouse-down point=(442.4,489.2) flipped=(442.4,950.8) flags=0x0 under=0 verdict=no-cache
2026-08-09 00:11:24.371 Df macos-dock-cc-v2[68904:10e732f] [com.caye.macosdockcc.v2:fullscreen-green-probe] [fullscreen-green-probe] t=470467.376298 cache-ready pid=81876 wid=62315 button=(392.0,140.0,16.0,16.0) window=(338.0,132.0,603.0,505.0)
2026-08-09 00:11:25.944 Df macos-dock-cc-v2[68904:10e732f] [com.caye.macosdockcc.v2:fullscreen-green-probe] [fullscreen-green-probe] t=470468.949279 key-down keyCode=13 flags=0x100108 repeat=0 age=0.069 active=1 fullscreen=0 screenMatch=1 verdict=shortcut-mismatch
2026-08-09 00:11:26.037 Df macos-dock-cc-v2[68904:10e732f] [com.caye.macosdockcc.v2:fullscreen-green-probe] [fullscreen-green-probe] t=470469.042303 cache-ready pid=81876 wid=54444 button=(287.0,215.0,16.0,16.0) window=(233.0,207.0,603.0,505.0)
2026-08-09 00:11:26.305 Df macos-dock-cc-v2[68904:10e732f] [com.caye.macosdockcc.v2:fullscreen-green-probe] [fullscreen-green-probe] t=470469.310327 mouse-down point=(393.7,508.5) flipped=(393.7,931.5) flags=0x0 under=0 cachedWid=54444 button=(287.0,215.0,16.0,16.0) age=0.125 active=1 fullscreen=0 exact=0 flippedHit=0 expanded=0 windowMatch=0 screenMatch=1 verdict=outside-button
2026-08-09 00:11:27.566 Df macos-dock-cc-v2[68904:10e732f] [com.caye.macosdockcc.v2:fullscreen-green-probe] [fullscreen-green-probe] t=470470.570423 key-down keyCode=13 flags=0x100108 repeat=0 age=0.096 active=1 fullscreen=0 screenMatch=1 verdict=shortcut-mismatch
2026-08-09 00:11:29.227 Df macos-dock-cc-v2[68904:10e732f] [com.caye.macosdockcc.v2:fullscreen-green-probe] [fullscreen-green-probe] t=470472.231374 key-down keyCode=48 flags=0x100108 repeat=0 verdict=no-cache
2026-08-09 00:11:31.078 Df macos-dock-cc-v2[68904:10e732f] [com.caye.macosdockcc.v2:fullscreen-green-probe] [fullscreen-green-probe] t=470474.082501 mouse-down point=(277.2,720.2) flipped=(277.2,719.8) flags=0x100008 under=0 verdict=no-cache
2026-08-09 00:11:33.784 Df macos-dock-cc-v2[68904:10e732f] [com.caye.macosdockcc.v2:fullscreen-green-probe] [fullscreen-green-probe] t=470476.788482 key-down keyCode=3 flags=0x140109 repeat=0 verdict=no-cache
2026-08-09 00:11:40.037 Df macos-dock-cc-v2[68904:10e732f] [com.caye.macosdockcc.v2:fullscreen-green-probe] [fullscreen-green-probe] t=470483.041447 key-down keyCode=48 flags=0x100108 repeat=0 verdict=no-cache
2026-08-09 00:11:42.634 Df macos-dock-cc-v2[68904:10e732f] [com.caye.macosdockcc.v2:fullscreen-green-probe] [fullscreen-green-probe] t=470485.638518 key-down keyCode=3 flags=0x140109 repeat=0 verdict=no-cache
2026-08-09 00:11:45.231 Df macos-dock-cc-v2[68904:10e732f] [com.caye.macosdockcc.v2:fullscreen-green-probe] [fullscreen-green-probe] t=470488.235684 mouse-down point=(1531.1,1418.5) flipped=(1531.1,21.5) flags=0x0 under=0 verdict=no-cache
2026-08-09 00:11:47.850 Df macos-dock-cc-v2[68904:10e732f] [com.caye.macosdockcc.v2:fullscreen-green-probe] [fullscreen-green-probe] t=470490.854911 key-down keyCode=3 flags=0x140109 repeat=0 verdict=no-cache
2026-08-09 00:11:49.400 Df macos-dock-cc-v2[68904:10e732f] [com.caye.macosdockcc.v2:fullscreen-green-probe] [fullscreen-green-probe] t=470492.404364 mouse-down point=(1604.7,681.8) flipped=(1604.7,758.2) flags=0x0 under=0 verdict=no-cache
2026-08-09 00:11:50.411 Df macos-dock-cc-v2[68904:10e732f] [com.caye.macosdockcc.v2:fullscreen-green-probe] [fullscreen-green-probe] t=470493.415983 key-down keyCode=3 flags=0x140109 repeat=0 verdict=no-cache
2026-08-09 00:11:51.203 Df macos-dock-cc-v2[68904:10e732f] [com.caye.macosdockcc.v2:fullscreen-green-probe] [fullscreen-green-probe] t=470494.208052 key-down keyCode=3 flags=0x140109 repeat=0 verdict=no-cache
2026-08-09 00:11:51.471 Df macos-dock-cc-v2[68904:10e732f] [com.caye.macosdockcc.v2:fullscreen-green-probe] [fullscreen-green-probe] t=470494.475879 key-down keyCode=3 flags=0x140109 repeat=0 verdict=no-cache
2026-08-09 00:11:51.719 Df macos-dock-cc-v2[68904:10e732f] [com.caye.macosdockcc.v2:fullscreen-green-probe] [fullscreen-green-probe] t=470494.723545 key-down keyCode=3 flags=0x140109 repeat=0 verdict=no-cache
2026-08-09 00:11:51.931 Df macos-dock-cc-v2[68904:10e732f] [com.caye.macosdockcc.v2:fullscreen-green-probe] [fullscreen-green-probe] t=470494.936144 key-down keyCode=3 flags=0x140109 repeat=0 verdict=no-cache
2026-08-09 00:11:53.407 Df macos-dock-cc-v2[68904:10e732f] [com.caye.macosdockcc.v2:fullscreen-green-probe] [fullscreen-green-probe] t=470496.411947 key-down keyCode=3 flags=0x140109 repeat=0 verdict=no-cache
2026-08-09 00:11:53.648 Df macos-dock-cc-v2[68904:10e732f] [com.caye.macosdockcc.v2:fullscreen-green-probe] [fullscreen-green-probe] t=470496.652428 key-down keyCode=3 flags=0x140109 repeat=0 verdict=no-cache
2026-08-09 00:11:53.842 Df macos-dock-cc-v2[68904:10e732f] [com.caye.macosdockcc.v2:fullscreen-green-probe] [fullscreen-green-probe] t=470496.847281 key-down keyCode=3 flags=0x140109 repeat=0 verdict=no-cache
2026-08-09 00:11:54.043 Df macos-dock-cc-v2[68904:10e732f] [com.caye.macosdockcc.v2:fullscreen-green-probe] [fullscreen-green-probe] t=470497.047701 key-down keyCode=3 flags=0x140109 repeat=0 verdict=no-cache
2026-08-09 00:11:54.251 Df macos-dock-cc-v2[68904:10e732f] [com.caye.macosdockcc.v2:fullscreen-green-probe] [fullscreen-green-probe] t=470497.255641 key-down keyCode=3 flags=0x140109 repeat=0 verdict=no-cache
2026-08-09 00:11:54.571 Df macos-dock-cc-v2[68904:10e732f] [com.caye.macosdockcc.v2:fullscreen-green-probe] [fullscreen-green-probe] t=470497.575708 key-down keyCode=3 flags=0x140109 repeat=0 verdict=no-cache
2026-08-09 00:11:56.523 Df macos-dock-cc-v2[68904:10e732f] [com.caye.macosdockcc.v2:fullscreen-green-probe] [fullscreen-green-probe] t=470499.527730 key-down keyCode=3 flags=0x140109 repeat=0 verdict=no-cache
2026-08-09 00:11:58.107 Df macos-dock-cc-v2[68904:10e732f] [com.caye.macosdockcc.v2:fullscreen-green-probe] [fullscreen-green-probe] t=470501.112220 mouse-down point=(1530.9,1407.4) flipped=(1530.9,32.6) flags=0x0 under=0 verdict=no-cache
2026-08-09 00:11:58.503 Df macos-dock-cc-v2[68904:10e732f] [com.caye.macosdockcc.v2:fullscreen-green-probe] [fullscreen-green-probe] t=470501.507738 mouse-down point=(1537.2,1407.3) flipped=(1537.2,32.7) flags=0x0 under=0 verdict=no-cache
2026-08-09 00:12:00.224 Df macos-dock-cc-v2[68904:10e732f] [com.caye.macosdockcc.v2:fullscreen-green-probe] [fullscreen-green-probe] t=470503.228399 key-down keyCode=3 flags=0x140109 repeat=0 verdict=no-cache
2026-08-09 00:12:01.088 Df macos-dock-cc-v2[68904:10e732f] [com.caye.macosdockcc.v2:fullscreen-green-probe] [fullscreen-green-probe] t=470504.093102 mouse-down point=(1576.3,677.9) flipped=(1576.3,762.1) flags=0x0 under=0 verdict=no-cache
2026-08-09 00:12:01.854 Df macos-dock-cc-v2[68904:10e732f] [com.caye.macosdockcc.v2:fullscreen-green-probe] [fullscreen-green-probe] t=470504.859286 key-down keyCode=3 flags=0x140109 repeat=0 verdict=no-cache
2026-08-09 00:12:02.113 Df macos-dock-cc-v2[68904:10e732f] [com.caye.macosdockcc.v2:fullscreen-green-probe] [fullscreen-green-probe] t=470505.118215 key-down keyCode=3 flags=0x140109 repeat=0 verdict=no-cache
2026-08-09 00:12:02.357 Df macos-dock-cc-v2[68904:10e732f] [com.caye.macosdockcc.v2:fullscreen-green-probe] [fullscreen-green-probe] t=470505.362004 key-down keyCode=3 flags=0x140109 repeat=0 verdict=no-cache
2026-08-09 00:12:04.182 Df macos-dock-cc-v2[68904:10e732f] [com.caye.macosdockcc.v2:fullscreen-green-probe] [fullscreen-green-probe] t=470507.187231 mouse-down point=(881.0,1096.9) flipped=(881.0,343.1) flags=0x0 under=0 verdict=no-cache
2026-08-09 00:12:04.629 Df macos-dock-cc-v2[68904:10e732f] [com.caye.macosdockcc.v2:fullscreen-green-probe] [fullscreen-green-probe] t=470507.633659 mouse-down point=(885.6,1099.1) flipped=(885.6,340.9) flags=0x0 under=0 verdict=no-cache
2026-08-09 00:12:05.820 Df macos-dock-cc-v2[68904:10e732f] [com.caye.macosdockcc.v2:fullscreen-green-probe] [fullscreen-green-probe] t=470508.824881 key-down keyCode=8 flags=0x100108 repeat=0 verdict=no-cache
2026-08-09 00:12:06.184 Df macos-dock-cc-v2[68904:10e732f] [com.caye.macosdockcc.v2:fullscreen-green-probe] [fullscreen-green-probe] t=470509.189316 mouse-down point=(961.6,1272.0) flipped=(961.6,168.0) flags=0x0 under=0 verdict=no-cache
2026-08-09 00:12:06.390 Df macos-dock-cc-v2[68904:10e732f] [com.caye.macosdockcc.v2:fullscreen-green-probe] [fullscreen-green-probe] t=470509.394875 key-down keyCode=9 flags=0x100108 repeat=0 verdict=no-cache
2026-08-09 00:12:07.240 Df macos-dock-cc-v2[68904:10e732f] [com.caye.macosdockcc.v2:fullscreen-green-probe] [fullscreen-green-probe] t=470510.245194 key-down keyCode=49 flags=0x100 repeat=0 verdict=no-cache
2026-08-09 00:12:07.508 Df macos-dock-cc-v2[68904:10e732f] [com.caye.macosdockcc.v2:fullscreen-green-probe] [fullscreen-green-probe] t=470510.512958 key-down keyCode=46 flags=0x100 repeat=0 verdict=no-cache
2026-08-09 00:12:07.657 Df macos-dock-cc-v2[68904:10e732f] [com.caye.macosdockcc.v2:fullscreen-green-probe] [fullscreen-green-probe] t=470510.661999 key-down keyCode=14 flags=0x100 repeat=0 verdict=no-cache
2026-08-09 00:12:07.742 Df macos-dock-cc-v2[68904:10e732f] [com.caye.macosdockcc.v2:fullscreen-green-probe] [fullscreen-green-probe] t=470510.746822 key-down keyCode=34 flags=0x100 repeat=0 verdict=no-cache
2026-08-09 00:12:07.916 Df macos-dock-cc-v2[68904:10e732f] [com.caye.macosdockcc.v2:fullscreen-green-probe] [fullscreen-green-probe] t=470510.920924 key-down keyCode=3 flags=0x100 repeat=0 verdict=no-cache
2026-08-09 00:12:08.073 Df macos-dock-cc-v2[68904:10e732f] [com.caye.macosdockcc.v2:fullscreen-green-probe] [fullscreen-green-probe] t=470511.078234 key-down keyCode=0 flags=0x100 repeat=0 verdict=no-cache
2026-08-09 00:12:08.145 Df macos-dock-cc-v2[68904:10e732f] [com.caye.macosdockcc.v2:fullscreen-green-probe] [fullscreen-green-probe] t=470511.149888 key-down keyCode=45 flags=0x100 repeat=0 verdict=no-cache
2026-08-09 00:12:08.394 Df macos-dock-cc-v2[68904:10e732f] [com.caye.macosdockcc.v2:fullscreen-green-probe] [fullscreen-green-probe] t=470511.399029 key-down keyCode=16 flags=0x100 repeat=0 verdict=no-cache
2026-08-09 00:12:08.613 Df macos-dock-cc-v2[68904:10e732f] [com.caye.macosdockcc.v2:fullscreen-green-probe] [fullscreen-green-probe] t=470511.617959 key-down keyCode=34 flags=0x100 repeat=0 verdict=no-cache
2026-08-09 00:12:08.783 Df macos-dock-cc-v2[68904:10e732f] [com.caye.macosdockcc.v2:fullscreen-green-probe] [fullscreen-green-probe] t=470511.788009 key-down keyCode=45 flags=0x100 repeat=0 verdict=no-cache
2026-08-09 00:12:08.856 Df macos-dock-cc-v2[68904:10e732f] [com.caye.macosdockcc.v2:fullscreen-green-probe] [fullscreen-green-probe] t=470511.860860 key-down keyCode=5 flags=0x100 repeat=0 verdict=no-cache
2026-08-09 00:12:09.111 Df macos-dock-cc-v2[68904:10e732f] [com.caye.macosdockcc.v2:fullscreen-green-probe] [fullscreen-green-probe] t=470512.115456 key-down keyCode=49 flags=0x100 repeat=0 verdict=no-cache
2026-08-09 00:12:09.297 Df macos-dock-cc-v2[68904:10e732f] [com.caye.macosdockcc.v2:fullscreen-green-probe] [fullscreen-green-probe] t=470512.301907 key-down keyCode=13 flags=0x100 repeat=0 verdict=no-cache
2026-08-09 00:12:09.470 Df macos-dock-cc-v2[68904:10e732f] [com.caye.macosdockcc.v2:fullscreen-green-probe] [fullscreen-green-probe] t=470512.474921 key-down keyCode=32 flags=0x100 repeat=0 verdict=no-cache
2026-08-09 00:12:09.739 Df macos-dock-cc-v2[68904:10e732f] [com.caye.macosdockcc.v2:fullscreen-green-probe] [fullscreen-green-probe] t=470512.743618 key-down keyCode=3 flags=0x100 repeat=0 verdict=no-cache
2026-08-09 00:12:09.923 Df macos-dock-cc-v2[68904:10e732f] [com.caye.macosdockcc.v2:fullscreen-green-probe] [fullscreen-green-probe] t=470512.928055 key-down keyCode=0 flags=0x100 repeat=0 verdict=no-cache
2026-08-09 00:12:10.584 Df macos-dock-cc-v2[68904:10e732f] [com.caye.macosdockcc.v2:fullscreen-green-probe] [fullscreen-green-probe] t=470513.588992 key-down keyCode=49 flags=0x100 repeat=0 verdict=no-cache
2026-08-09 00:12:10.794 Df macos-dock-cc-v2[68904:10e732f] [com.caye.macosdockcc.v2:fullscreen-green-probe] [fullscreen-green-probe] t=470513.798992 key-down keyCode=38 flags=0x100 repeat=0 verdict=no-cache
2026-08-09 00:12:10.826 Df macos-dock-cc-v2[68904:10e732f] [com.caye.macosdockcc.v2:fullscreen-green-probe] [fullscreen-green-probe] t=470513.830741 key-down keyCode=34 flags=0x100 repeat=0 verdict=no-cache
2026-08-09 00:12:11.052 Df macos-dock-cc-v2[68904:10e732f] [com.caye.macosdockcc.v2:fullscreen-green-probe] [fullscreen-green-probe] t=470514.057026 key-down keyCode=45 flags=0x100 repeat=0 verdict=no-cache
2026-08-09 00:12:11.477 Df macos-dock-cc-v2[68904:10e732f] [com.caye.macosdockcc.v2:fullscreen-green-probe] [fullscreen-green-probe] t=470514.481944 key-down keyCode=15 flags=0x100 repeat=0 verdict=no-cache
2026-08-09 00:12:11.584 Df macos-dock-cc-v2[68904:10e732f] [com.caye.macosdockcc.v2:fullscreen-green-probe] [fullscreen-green-probe] t=470514.588756 key-down keyCode=32 flags=0x100 repeat=0 verdict=no-cache
2026-08-09 00:12:11.787 Df macos-dock-cc-v2[68904:10e732f] [com.caye.macosdockcc.v2:fullscreen-green-probe] [fullscreen-green-probe] t=470514.791898 key-down keyCode=49 flags=0x100 repeat=0 verdict=no-cache
2026-08-09 00:12:12.026 Df macos-dock-cc-v2[68904:10e732f] [com.caye.macosdockcc.v2:fullscreen-green-probe] [fullscreen-green-probe] t=470515.030437 key-down keyCode=12 flags=0x100 repeat=0 verdict=no-cache
2026-08-09 00:12:12.157 Df macos-dock-cc-v2[68904:10e732f] [com.caye.macosdockcc.v2:fullscreen-green-probe] [fullscreen-green-probe] t=470515.162097 key-down keyCode=32 flags=0x100 repeat=0 verdict=no-cache
2026-08-09 00:12:12.325 Df macos-dock-cc-v2[68904:10e732f] [com.caye.macosdockcc.v2:fullscreen-green-probe] [fullscreen-green-probe] t=470515.329724 key-down keyCode=0 flags=0x100 repeat=0 verdict=no-cache
2026-08-09 00:12:12.393 Df macos-dock-cc-v2[68904:10e732f] [com.caye.macosdockcc.v2:fullscreen-green-probe] [fullscreen-green-probe] t=470515.397862 key-down keyCode=45 flags=0x100 repeat=0 verdict=no-cache
2026-08-09 00:12:12.773 Df macos-dock-cc-v2[68904:10e732f] [com.caye.macosdockcc.v2:fullscreen-green-probe] [fullscreen-green-probe] t=470515.777410 key-down keyCode=35 flags=0x100 repeat=0 verdict=no-cache
2026-08-09 00:12:12.927 Df macos-dock-cc-v2[68904:10e732f] [com.caye.macosdockcc.v2:fullscreen-green-probe] [fullscreen-green-probe] t=470515.932097 key-down keyCode=34 flags=0x100 repeat=0 verdict=no-cache
2026-08-09 00:12:13.125 Df macos-dock-cc-v2[68904:10e732f] [com.caye.macosdockcc.v2:fullscreen-green-probe] [fullscreen-green-probe] t=470516.129854 key-down keyCode=45 flags=0x100 repeat=0 verdict=no-cache
2026-08-09 00:12:13.896 Df macos-dock-cc-v2[68904:10e732f] [com.caye.macosdockcc.v2:fullscreen-green-probe] [fullscreen-green-probe] t=470516.901254 key-down keyCode=19 flags=0x100 repeat=0 verdict=no-cache
2026-08-09 00:12:20.752 Df macos-dock-cc-v2[68904:10e732f] [com.caye.macosdockcc.v2:fullscreen-green-probe] [fullscreen-green-probe] t=470523.756820 key-down keyCode=43 flags=0x100 repeat=0 verdict=no-cache
2026-08-09 00:12:21.398 Df macos-dock-cc-v2[68904:10e732f] [com.caye.macosdockcc.v2:fullscreen-green-probe] [fullscreen-green-probe] t=470524.403117 key-down keyCode=11 flags=0x100 repeat=0 verdict=no-cache
2026-08-09 00:12:21.498 Df macos-dock-cc-v2[68904:10e732f] [com.caye.macosdockcc.v2:fullscreen-green-probe] [fullscreen-green-probe] t=470524.502787 key-down keyCode=0 flags=0x100 repeat=0 verdict=no-cache
2026-08-09 00:12:21.764 Df macos-dock-cc-v2[68904:10e732f] [com.caye.macosdockcc.v2:fullscreen-green-probe] [fullscreen-green-probe] t=470524.768571 key-down keyCode=8 flags=0x100 repeat=0 verdict=no-cache
2026-08-09 00:12:21.866 Df macos-dock-cc-v2[68904:10e732f] [com.caye.macosdockcc.v2:fullscreen-green-probe] [fullscreen-green-probe] t=470524.870943 key-down keyCode=4 flags=0x100 repeat=0 verdict=no-cache
2026-08-09 00:12:21.895 Df macos-dock-cc-v2[68904:10e732f] [com.caye.macosdockcc.v2:fullscreen-green-probe] [fullscreen-green-probe] t=470524.899912 key-down keyCode=32 flags=0x100 repeat=0 verdict=no-cache
2026-08-09 00:12:21.968 Df macos-dock-cc-v2[68904:10e732f] [com.caye.macosdockcc.v2:fullscreen-green-probe] [fullscreen-green-probe] t=470524.972738 key-down keyCode=0 flags=0x100 repeat=0 verdict=no-cache
2026-08-09 00:12:22.113 Df macos-dock-cc-v2[68904:10e732f] [com.caye.macosdockcc.v2:fullscreen-green-probe] [fullscreen-green-probe] t=470525.118229 key-down keyCode=45 flags=0x100 repeat=0 verdict=no-cache
2026-08-09 00:12:22.213 Df macos-dock-cc-v2[68904:10e732f] [com.caye.macosdockcc.v2:fullscreen-green-probe] [fullscreen-green-probe] t=470525.218309 key-down keyCode=5 flags=0x100 repeat=0 verdict=no-cache
2026-08-09 00:12:22.282 Df macos-dock-cc-v2[68904:10e732f] [com.caye.macosdockcc.v2:fullscreen-green-probe] [fullscreen-green-probe] t=470525.286668 key-down keyCode=40 flags=0x100 repeat=0 verdict=no-cache
2026-08-09 00:12:22.486 Df macos-dock-cc-v2[68904:10e732f] [com.caye.macosdockcc.v2:fullscreen-green-probe] [fullscreen-green-probe] t=470525.490981 key-down keyCode=31 flags=0x100 repeat=0 verdict=no-cache
2026-08-09 00:12:22.630 Df macos-dock-cc-v2[68904:10e732f] [com.caye.macosdockcc.v2:fullscreen-green-probe] [fullscreen-green-probe] t=470525.634990 key-down keyCode=32 flags=0x100 repeat=0 verdict=no-cache
2026-08-09 00:12:22.798 Df macos-dock-cc-v2[68904:10e732f] [com.caye.macosdockcc.v2:fullscreen-green-probe] [fullscreen-green-probe] t=470525.802519 key-down keyCode=2 flags=0x100 repeat=0 verdict=no-cache
2026-08-09 00:12:22.932 Df macos-dock-cc-v2[68904:10e732f] [com.caye.macosdockcc.v2:fullscreen-green-probe] [fullscreen-green-probe] t=470525.937006 key-down keyCode=31 flags=0x100 repeat=0 verdict=no-cache
2026-08-09 00:12:23.091 Df macos-dock-cc-v2[68904:10e732f] [com.caye.macosdockcc.v2:fullscreen-green-probe] [fullscreen-green-probe] t=470526.095777 key-down keyCode=32 flags=0x100 repeat=0 verdict=no-cache
2026-08-09 00:12:23.423 Df macos-dock-cc-v2[68904:10e732f] [com.caye.macosdockcc.v2:fullscreen-green-probe] [fullscreen-green-probe] t=470526.428133 key-down keyCode=5 flags=0x100 repeat=0 verdict=no-cache
2026-08-09 00:12:23.498 Df macos-dock-cc-v2[68904:10e732f] [com.caye.macosdockcc.v2:fullscreen-green-probe] [fullscreen-green-probe] t=470526.502856 key-down keyCode=32 flags=0x100 repeat=0 verdict=no-cache
2026-08-09 00:12:23.643 Df macos-dock-cc-v2[68904:10e732f] [com.caye.macosdockcc.v2:fullscreen-green-probe] [fullscreen-green-probe] t=470526.647755 key-down keyCode=0 flags=0x100 repeat=0 verdict=no-cache
2026-08-09 00:12:23.723 Df macos-dock-cc-v2[68904:10e732f] [com.caye.macosdockcc.v2:fullscreen-green-probe] [fullscreen-green-probe] t=470526.728008 key-down keyCode=45 flags=0x100 repeat=0 verdict=no-cache
2026-08-09 00:12:23.929 Df macos-dock-cc-v2[68904:10e732f] [com.caye.macosdockcc.v2:fullscreen-green-probe] [fullscreen-green-probe] t=470526.934000 key-down keyCode=37 flags=0x100 repeat=0 verdict=no-cache
2026-08-09 00:12:24.042 Df macos-dock-cc-v2[68904:10e732f] [com.caye.macosdockcc.v2:fullscreen-green-probe] [fullscreen-green-probe] t=470527.046786 key-down keyCode=14 flags=0x100 repeat=0 verdict=no-cache
2026-08-09 00:12:24.582 Df macos-dock-cc-v2[68904:10e732f] [com.caye.macosdockcc.v2:fullscreen-green-probe] [fullscreen-green-probe] t=470527.586970 key-down keyCode=49 flags=0x100 repeat=0 verdict=no-cache
2026-08-09 00:12:24.827 Df macos-dock-cc-v2[68904:10e732f] [com.caye.macosdockcc.v2:fullscreen-green-probe] [fullscreen-green-probe] t=470527.832071 key-down keyCode=43 flags=0x100 repeat=0 verdict=no-cache
2026-08-09 00:12:25.125 Df macos-dock-cc-v2[68904:10e732f] [com.caye.macosdockcc.v2:fullscreen-green-probe] [fullscreen-green-probe] t=470528.129408 key-down keyCode=12 flags=0x100 repeat=0 verdict=no-cache
2026-08-09 00:12:25.298 Df macos-dock-cc-v2[68904:10e732f] [com.caye.macosdockcc.v2:fullscreen-green-probe] [fullscreen-green-probe] t=470528.303186 key-down keyCode=32 flags=0x100 repeat=0 verdict=no-cache
2026-08-09 00:12:25.423 Df macos-dock-cc-v2[68904:10e732f] [com.caye.macosdockcc.v2:fullscreen-green-probe] [fullscreen-green-probe] t=470528.427892 key-down keyCode=0 flags=0x100 repeat=0 verdict=no-cache
2026-08-09 00:12:25.547 Df macos-dock-cc-v2[68904:10e732f] [com.caye.macosdockcc.v2:fullscreen-green-probe] [fullscreen-green-probe] t=470528.551451 key-down keyCode=45 flags=0x100 repeat=0 verdict=no-cache
2026-08-09 00:12:26.198 Df macos-dock-cc-v2[68904:10e732f] [com.caye.macosdockcc.v2:fullscreen-green-probe] [fullscreen-green-probe] t=470529.202755 key-down keyCode=35 flags=0x100 repeat=0 verdict=no-cache
2026-08-09 00:12:26.346 Df macos-dock-cc-v2[68904:10e732f] [com.caye.macosdockcc.v2:fullscreen-green-probe] [fullscreen-green-probe] t=470529.350913 key-down keyCode=34 flags=0x100 repeat=0 verdict=no-cache
2026-08-09 00:12:26.523 Df macos-dock-cc-v2[68904:10e732f] [com.caye.macosdockcc.v2:fullscreen-green-probe] [fullscreen-green-probe] t=470529.528173 key-down keyCode=45 flags=0x100 repeat=0 verdict=no-cache
2026-08-09 00:12:26.634 Df macos-dock-cc-v2[68904:10e732f] [com.caye.macosdockcc.v2:fullscreen-green-probe] [fullscreen-green-probe] t=470529.638983 key-down keyCode=5 flags=0x100 repeat=0 verdict=no-cache
2026-08-09 00:12:27.095 Df macos-dock-cc-v2[68904:10e732f] [com.caye.macosdockcc.v2:fullscreen-green-probe] [fullscreen-green-probe] t=470530.100159 key-down keyCode=49 flags=0x100 repeat=0 verdict=no-cache
2026-08-09 00:12:27.527 Df macos-dock-cc-v2[68904:10e732f] [com.caye.macosdockcc.v2:fullscreen-green-probe] [fullscreen-green-probe] t=470530.532282 key-down keyCode=45 flags=0x100 repeat=0 verdict=no-cache
2026-08-09 00:12:27.611 Df macos-dock-cc-v2[68904:10e732f] [com.caye.macosdockcc.v2:fullscreen-green-probe] [fullscreen-green-probe] t=470530.616064 key-down keyCode=0 flags=0x100 repeat=0 verdict=no-cache
2026-08-09 00:12:27.845 Df macos-dock-cc-v2[68904:10e732f] [com.caye.macosdockcc.v2:fullscreen-green-probe] [fullscreen-green-probe] t=470530.849759 key-down keyCode=5 flags=0x100 repeat=0 verdict=no-cache
2026-08-09 00:12:28.027 Df macos-dock-cc-v2[68904:10e732f] [com.caye.macosdockcc.v2:fullscreen-green-probe] [fullscreen-green-probe] t=470531.031999 key-down keyCode=14 flags=0x100 repeat=0 verdict=no-cache
2026-08-09 00:12:28.725 Df macos-dock-cc-v2[68904:10e732f] [com.caye.macosdockcc.v2:fullscreen-green-probe] [fullscreen-green-probe] t=470531.730108 key-down keyCode=19 flags=0x100 repeat=0 verdict=no-cache
2026-08-09 00:12:29.142 Df macos-dock-cc-v2[68904:10e732f] [com.caye.macosdockcc.v2:fullscreen-green-probe] [fullscreen-green-probe] t=470532.146761 key-down keyCode=8 flags=0x100 repeat=0 verdict=no-cache
2026-08-09 00:12:29.282 Df macos-dock-cc-v2[68904:10e732f] [com.caye.macosdockcc.v2:fullscreen-green-probe] [fullscreen-green-probe] t=470532.286607 key-down keyCode=4 flags=0x100 repeat=0 verdict=no-cache
2026-08-09 00:12:29.333 Df macos-dock-cc-v2[68904:10e732f] [com.caye.macosdockcc.v2:fullscreen-green-probe] [fullscreen-green-probe] t=470532.337420 key-down keyCode=32 flags=0x100 repeat=0 verdict=no-cache
2026-08-09 00:12:29.382 Df macos-dock-cc-v2[68904:10e732f] [com.caye.macosdockcc.v2:fullscreen-green-probe] [fullscreen-green-probe] t=470532.386964 key-down keyCode=0 flags=0x100 repeat=0 verdict=no-cache
2026-08-09 00:12:29.564 Df macos-dock-cc-v2[68904:10e732f] [com.caye.macosdockcc.v2:fullscreen-green-probe] [fullscreen-green-probe] t=470532.568862 key-down keyCode=45 flags=0x100 repeat=0 verdict=no-cache
2026-08-09 00:12:29.625 Df macos-dock-cc-v2[68904:10e732f] [com.caye.macosdockcc.v2:fullscreen-green-probe] [fullscreen-green-probe] t=470532.629913 key-down keyCode=5 flags=0x100 repeat=0 verdict=no-cache
2026-08-09 00:12:29.775 Df macos-dock-cc-v2[68904:10e732f] [com.caye.macosdockcc.v2:fullscreen-green-probe] [fullscreen-green-probe] t=470532.779698 key-down keyCode=40 flags=0x100 repeat=0 verdict=no-cache
2026-08-09 00:12:29.991 Df macos-dock-cc-v2[68904:10e732f] [com.caye.macosdockcc.v2:fullscreen-green-probe] [fullscreen-green-probe] t=470532.996050 key-down keyCode=31 flags=0x100 repeat=0 verdict=no-cache
2026-08-09 00:12:30.112 Df macos-dock-cc-v2[68904:10e732f] [com.caye.macosdockcc.v2:fullscreen-green-probe] [fullscreen-green-probe] t=470533.116813 key-down keyCode=32 flags=0x100 repeat=0 verdict=no-cache
2026-08-09 00:12:30.311 Df macos-dock-cc-v2[68904:10e732f] [com.caye.macosdockcc.v2:fullscreen-green-probe] [fullscreen-green-probe] t=470533.315993 key-down keyCode=45 flags=0x100 repeat=0 verdict=no-cache
2026-08-09 00:12:30.384 Df macos-dock-cc-v2[68904:10e732f] [com.caye.macosdockcc.v2:fullscreen-green-probe] [fullscreen-green-probe] t=470533.388573 key-down keyCode=14 flags=0x100 repeat=0 verdict=no-cache
2026-08-09 00:12:30.751 Df macos-dock-cc-v2[68904:10e732f] [com.caye.macosdockcc.v2:fullscreen-green-probe] [fullscreen-green-probe] t=470533.756270 key-down keyCode=49 flags=0x100 repeat=0 verdict=no-cache
2026-08-09 00:12:31.600 Df macos-dock-cc-v2[68904:10e732f] [com.caye.macosdockcc.v2:fullscreen-green-probe] [fullscreen-green-probe] t=470534.604684 key-down keyCode=44 flags=0x20104 repeat=0 verdict=no-cache
2026-08-09 00:12:32.664 Df macos-dock-cc-v2[68904:10e732f] [com.caye.macosdockcc.v2:fullscreen-green-probe] [fullscreen-green-probe] t=470535.668403 key-down keyCode=51 flags=0x100 repeat=0 verdict=no-cache
2026-08-09 00:12:33.341 Df macos-dock-cc-v2[68904:10e732f] [com.caye.macosdockcc.v2:fullscreen-green-probe] [fullscreen-green-probe] t=470536.346268 key-down keyCode=47 flags=0x100 repeat=0 verdict=no-cache
2026-08-09 00:12:33.495 Df macos-dock-cc-v2[68904:10e732f] [com.caye.macosdockcc.v2:fullscreen-green-probe] [fullscreen-green-probe] t=470536.499828 key-down keyCode=47 flags=0x100 repeat=0 verdict=no-cache
2026-08-09 00:12:33.610 Df macos-dock-cc-v2[68904:10e732f] [com.caye.macosdockcc.v2:fullscreen-green-probe] [fullscreen-green-probe] t=470536.614750 key-down keyCode=47 flags=0x100 repeat=0 verdict=no-cache
2026-08-09 00:12:34.911 Df macos-dock-cc-v2[68904:10e732f] [com.caye.macosdockcc.v2:fullscreen-green-probe] [fullscreen-green-probe] t=470537.915518 key-down keyCode=36 flags=0x100 repeat=0 verdict=no-cache
2026-08-09 00:13:00.581 Df macos-dock-cc-v2[68904:10e732f] [com.caye.macosdockcc.v2:fullscreen-green-probe] [fullscreen-green-probe] t=470563.585642 mouse-down point=(1527.3,1400.4) flipped=(1527.3,39.6) flags=0x0 under=0 verdict=no-cache
2026-08-09 00:13:03.013 Df macos-dock-cc-v2[68904:10e732f] [com.caye.macosdockcc.v2:fullscreen-green-probe] [fullscreen-green-probe] t=470566.018172 mouse-down point=(1100.0,691.7) flipped=(1100.0,748.3) flags=0x0 under=0 verdict=no-cache
2026-08-09 00:13:03.287 Df macos-dock-cc-v2[68904:10e732f] [com.caye.macosdockcc.v2:fullscreen-green-probe] [fullscreen-green-probe] t=470566.291444 cache-ready pid=81876 wid=62655 button=(363.0,111.0,16.0,16.0) window=(309.0,103.0,603.0,505.0)
2026-08-09 00:13:05.941 Df macos-dock-cc-v2[68904:10e732f] [com.caye.macosdockcc.v2:fullscreen-green-probe] [fullscreen-green-probe] t=470568.946300 mouse-down point=(372.3,123.2) flipped=(372.3,1316.8) flags=0x80020 under=0 cachedWid=62655 button=(363.0,111.0,16.0,16.0) age=0.073 active=1 fullscreen=0 exact=1 flippedHit=0 expanded=1 windowMatch=0 screenMatch=1 verdict=modifier-rejected
2026-08-09 00:13:06.579 Df macos-dock-cc-v2[68904:10e732f] [com.caye.macosdockcc.v2:fullscreen-green-probe] [fullscreen-green-probe] t=470569.583837 cache-ready pid=81876 wid=62655 button=(54.0,38.0,16.0,16.0) window=(0.0,30.0,2560.0,1410.0)
2026-08-09 00:13:08.437 Df macos-dock-cc-v2[68904:10e732f] [com.caye.macosdockcc.v2:fullscreen-green-probe] [fullscreen-green-probe] t=470571.441940 mouse-down point=(220.5,48.4) flipped=(220.5,1391.6) flags=0x0 under=0 cachedWid=62655 button=(54.0,38.0,16.0,16.0) age=0.068 active=1 fullscreen=0 exact=0 flippedHit=0 expanded=0 windowMatch=0 screenMatch=1 verdict=outside-button
2026-08-09 00:13:08.584 Df macos-dock-cc-v2[68904:10e732f] [com.caye.macosdockcc.v2:fullscreen-green-probe] [fullscreen-green-probe] t=470571.589159 mouse-down point=(220.5,48.4) flipped=(220.5,1391.6) flags=0x0 under=0 cachedWid=62655 button=(54.0,38.0,16.0,16.0) age=0.016 active=1 fullscreen=0 exact=0 flippedHit=0 expanded=0 windowMatch=0 screenMatch=1 verdict=outside-button
2026-08-09 00:13:09.045 Df macos-dock-cc-v2[68904:10e732f] [com.caye.macosdockcc.v2:fullscreen-green-probe] [fullscreen-green-probe] t=470572.049597 cache-ready pid=81876 wid=62655 button=(363.0,111.0,16.0,16.0) window=(309.0,103.0,603.0,505.0)
2026-08-09 00:13:11.109 Df macos-dock-cc-v2[68904:10e732f] [com.caye.macosdockcc.v2:fullscreen-green-probe] [fullscreen-green-probe] t=470574.113461 key-down keyCode=3 flags=0x140109 repeat=0 age=0.041 active=1 fullscreen=0 screenMatch=1 verdict=accepted
2026-08-09 00:13:11.109 Df macos-dock-cc-v2[68904:10e732f] [com.caye.macosdockcc.v2:fullscreen-green-probe] [fullscreen-green-probe] t=470574.113503 pending generation=15 pid=81876
2026-08-09 00:13:11.110 Df macos-dock-cc-v2[68904:10e732f] [com.caye.macosdockcc.v2:fullscreen-green-probe] [fullscreen-green-probe] t=470574.114984 order-out-complete generation=15
2026-08-09 00:13:11.219 Df macos-dock-cc-v2[68904:10e732f] [com.caye.macosdockcc.v2:fullscreen-green-probe] [fullscreen-green-probe] t=470574.224059 cache-ready pid=81876 wid=62655 button=(54.0,-24.0,16.0,16.0) window=(0.0,0.0,2560.0,1440.0)
2026-08-09 00:13:11.333 Df macos-dock-cc-v2[68904:10e732f] [com.caye.macosdockcc.v2:fullscreen-green-probe] [fullscreen-green-probe] t=470574.338149 cache-ready pid=81876 wid=62655 button=(54.0,36.0,16.0,16.0) window=(0.0,0.0,2560.0,1440.0)
2026-08-09 00:13:11.379 Df macos-dock-cc-v2[68904:10e732f] [com.caye.macosdockcc.v2:fullscreen-green-probe] [fullscreen-green-probe] t=470574.383683 cache-ready pid=81876 wid=62655 button=(54.0,21.0,16.0,16.0) window=(0.0,0.0,2560.0,1440.0)
2026-08-09 00:13:11.467 Df macos-dock-cc-v2[68904:10e732f] [com.caye.macosdockcc.v2:fullscreen-green-probe] [fullscreen-green-probe] t=470574.472227 cache-ready pid=81876 wid=62655 button=(54.0,15.0,16.0,16.0) window=(0.0,0.0,2560.0,1440.0)
2026-08-09 00:13:11.568 Df macos-dock-cc-v2[68904:10e732f] [com.caye.macosdockcc.v2:fullscreen-green-probe] [fullscreen-green-probe] t=470574.572535 cache-ready pid=81876 wid=62655 button=(54.0,1.0,16.0,16.0) window=(0.0,0.0,2560.0,1440.0)
2026-08-09 00:13:11.668 Df macos-dock-cc-v2[68904:10e732f] [com.caye.macosdockcc.v2:fullscreen-green-probe] [fullscreen-green-probe] t=470574.672661 cache-ready pid=81876 wid=62655 button=(54.0,-12.0,16.0,16.0) window=(0.0,0.0,2560.0,1440.0)
2026-08-09 00:13:11.769 Df macos-dock-cc-v2[68904:10e732f] [com.caye.macosdockcc.v2:fullscreen-green-probe] [fullscreen-green-probe] t=470574.773479 space-notification
2026-08-09 00:13:11.777 Df macos-dock-cc-v2[68904:10e732f] [com.caye.macosdockcc.v2:fullscreen-green-probe] [fullscreen-green-probe] t=470574.782169 confirmed source=space-cg generation=15
2026-08-09 00:13:11.838 Df macos-dock-cc-v2[68904:10e732f] [com.caye.macosdockcc.v2:fullscreen-green-probe] [fullscreen-green-probe] t=470574.843319 cache-ready pid=81876 wid=62655 button=(54.0,-24.0,16.0,16.0) window=(0.0,0.0,2560.0,1440.0)
2026-08-09 00:13:12.438 Df macos-dock-cc-v2[68904:10e732f] [com.caye.macosdockcc.v2:fullscreen-green-probe] [fullscreen-green-probe] t=470575.442329 key-down keyCode=3 flags=0x140109 repeat=0 age=0.069 active=1 fullscreen=1 screenMatch=1 verdict=already-fullscreen
2026-08-09 00:13:12.541 Df macos-dock-cc-v2[68904:10e732f] [com.caye.macosdockcc.v2:fullscreen-green-probe] [fullscreen-green-probe] t=470575.546176 cache-ready pid=81876 wid=62655 button=(363.0,111.0,16.0,16.0) window=(309.0,103.0,603.0,505.0)
2026-08-09 00:13:13.023 Df macos-dock-cc-v2[68904:10e732f] [com.caye.macosdockcc.v2:fullscreen-green-probe] [fullscreen-green-probe] t=470576.027543 space-notification
2026-08-09 00:13:14.375 Df macos-dock-cc-v2[68904:10e732f] [com.caye.macosdockcc.v2:fullscreen-green-probe] [fullscreen-green-probe] t=470577.379695 mouse-down point=(1251.8,1278.2) flipped=(1251.8,161.8) flags=0x0 under=0 cachedWid=62655 button=(363.0,111.0,16.0,16.0) age=0.007 active=1 fullscreen=0 exact=0 flippedHit=0 expanded=0 windowMatch=0 screenMatch=1 verdict=outside-button
2026-08-09 00:13:22.277 Df macos-dock-cc-v2[68904:10e732f] [com.caye.macosdockcc.v2:fullscreen-green-probe] [fullscreen-green-probe] t=470585.281633 mouse-down point=(1138.3,1168.5) flipped=(1138.3,271.5) flags=0x0 under=0 verdict=no-cache
2026-08-09 00:13:24.298 Df macos-dock-cc-v2[68904:10e732f] [com.caye.macosdockcc.v2:fullscreen-green-probe] [fullscreen-green-probe] t=470587.302933 key-down keyCode=8 flags=0x100108 repeat=0 verdict=no-cache
2026-08-09 00:13:24.485 Df macos-dock-cc-v2[68904:10e732f] [com.caye.macosdockcc.v2:fullscreen-green-probe] [fullscreen-green-probe] t=470587.489577 mouse-down point=(1143.7,1263.5) flipped=(1143.7,176.5) flags=0x0 under=0 verdict=no-cache
2026-08-09 00:13:24.731 Df macos-dock-cc-v2[68904:10e732f] [com.caye.macosdockcc.v2:fullscreen-green-probe] [fullscreen-green-probe] t=470587.736071 key-down keyCode=9 flags=0x100108 repeat=0 verdict=no-cache
2026-08-09 00:13:28.320 Df macos-dock-cc-v2[68904:10e732f] [com.caye.macosdockcc.v2:fullscreen-green-probe] [fullscreen-green-probe] t=470591.324666 mouse-down point=(1550.7,1312.0) flipped=(1550.7,128.0) flags=0x0 under=0 verdict=no-cache
2026-08-09 00:13:44.941 Df macos-dock-cc-v2[68904:10e732f] [com.caye.macosdockcc.v2:fullscreen-green-probe] [fullscreen-green-probe] t=470607.945767 mouse-down point=(1557.1,1055.0) flipped=(1557.1,385.0) flags=0x0 under=0 verdict=no-cache
2026-08-09 00:13:46.509 Df macos-dock-cc-v2[68904:10e732f] [com.caye.macosdockcc.v2:fullscreen-green-probe] [fullscreen-green-probe] t=470609.513534 key-down keyCode=8 flags=0x100108 repeat=0 verdict=no-cache
2026-08-09 00:13:46.856 Df macos-dock-cc-v2[68904:10e732f] [com.caye.macosdockcc.v2:fullscreen-green-probe] [fullscreen-green-probe] t=470609.860723 mouse-down point=(1223.9,1271.4) flipped=(1223.9,168.6) flags=0x0 under=0 verdict=no-cache
2026-08-09 00:13:47.276 Df macos-dock-cc-v2[68904:10e732f] [com.caye.macosdockcc.v2:fullscreen-green-probe] [fullscreen-green-probe] t=470610.281112 key-down keyCode=9 flags=0x100108 repeat=0 verdict=no-cache
2026-08-09 00:13:48.340 Df macos-dock-cc-v2[68904:10e732f] [com.caye.macosdockcc.v2:fullscreen-green-probe] [fullscreen-green-probe] t=470611.345164 mouse-down point=(849.5,1260.3) flipped=(849.5,179.7) flags=0x0 under=0 verdict=no-cache
2026-08-09 00:13:49.140 Df macos-dock-cc-v2[68904:10e732f] [com.caye.macosdockcc.v2:fullscreen-green-probe] [fullscreen-green-probe] t=470612.144867 key-down keyCode=16 flags=0x100 repeat=0 verdict=no-cache
2026-08-09 00:13:49.242 Df macos-dock-cc-v2[68904:10e732f] [com.caye.macosdockcc.v2:fullscreen-green-probe] [fullscreen-green-probe] t=470612.246659 key-down keyCode=14 flags=0x100 repeat=0 verdict=no-cache
2026-08-09 00:13:49.458 Df macos-dock-cc-v2[68904:10e732f] [com.caye.macosdockcc.v2:fullscreen-green-probe] [fullscreen-green-probe] t=470612.462405 key-down keyCode=49 flags=0x100 repeat=0 verdict=no-cache
2026-08-09 00:13:49.926 Df macos-dock-cc-v2[68904:10e732f] [com.caye.macosdockcc.v2:fullscreen-green-probe] [fullscreen-green-probe] t=470612.931246 key-down keyCode=36 flags=0x100 repeat=0 verdict=no-cache
2026-08-09 00:14:37.949 Df macos-dock-cc-v2[68904:10e732f] [com.caye.macosdockcc.v2:fullscreen-green-probe] [fullscreen-green-probe] t=470660.953603 mouse-down point=(1646.1,229.8) flipped=(1646.1,1210.2) flags=0x0 under=0 verdict=no-cache
2026-08-09 00:14:39.321 Df macos-dock-cc-v2[68904:10e732f] [com.caye.macosdockcc.v2:fullscreen-green-probe] [fullscreen-green-probe] t=470662.325934 mouse-down point=(1539.9,262.1) flipped=(1539.9,1177.9) flags=0x0 under=0 verdict=no-cache
2026-08-09 00:14:40.304 Df macos-dock-cc-v2[68904:10e732f] [com.caye.macosdockcc.v2:fullscreen-green-probe] [fullscreen-green-probe] t=470663.309142 mouse-down point=(1534.6,273.8) flipped=(1534.6,1166.2) flags=0x0 under=0 verdict=no-cache
2026-08-09 00:14:42.520 Df macos-dock-cc-v2[68904:10e732f] [com.caye.macosdockcc.v2:fullscreen-green-probe] [fullscreen-green-probe] t=470665.524418 space-notification
2026-08-09 00:14:43.883 Df macos-dock-cc-v2[68904:10e732f] [com.caye.macosdockcc.v2:fullscreen-green-probe] [fullscreen-green-probe] t=470666.887928 space-notification
2026-08-09 00:14:45.639 Df macos-dock-cc-v2[68904:10e732f] [com.caye.macosdockcc.v2:fullscreen-green-probe] [fullscreen-green-probe] t=470668.644057 space-notification
2026-08-09 00:14:48.350 Df macos-dock-cc-v2[68904:10e732f] [com.caye.macosdockcc.v2:fullscreen-green-probe] [fullscreen-green-probe] t=470671.354564 mouse-down point=(2208.9,1174.5) flipped=(2208.9,265.5) flags=0x0 under=0 verdict=no-cache
2026-08-09 00:14:48.989 Df macos-dock-cc-v2[68904:10e732f] [com.caye.macosdockcc.v2:fullscreen-green-probe] [fullscreen-green-probe] t=470671.993873 mouse-down point=(2205.2,1174.5) flipped=(2205.2,265.5) flags=0x0 under=0 verdict=no-cache
2026-08-09 00:14:51.685 Df macos-dock-cc-v2[68904:10e732f] [com.caye.macosdockcc.v2:fullscreen-green-probe] [fullscreen-green-probe] t=470674.690063 space-notification
2026-08-09 00:14:52.738 Df macos-dock-cc-v2[68904:10e732f] [com.caye.macosdockcc.v2:fullscreen-green-probe] [fullscreen-green-probe] t=470675.742476 space-notification
2026-08-09 00:14:53.921 Df macos-dock-cc-v2[68904:10e732f] [com.caye.macosdockcc.v2:fullscreen-green-probe] [fullscreen-green-probe] t=470676.926135 space-notification
2026-08-09 00:14:56.443 Df macos-dock-cc-v2[68904:10e732f] [com.caye.macosdockcc.v2:fullscreen-green-probe] [fullscreen-green-probe] t=470679.447904 mouse-down point=(1396.7,911.6) flipped=(1396.7,528.4) flags=0x0 under=0 verdict=no-cache
2026-08-09 00:14:57.327 Df macos-dock-cc-v2[68904:10e732f] [com.caye.macosdockcc.v2:fullscreen-green-probe] [fullscreen-green-probe] t=470680.331888 key-down keyCode=3 flags=0x140109 repeat=0 verdict=no-cache
2026-08-09 00:14:57.936 Df macos-dock-cc-v2[68904:10e732f] [com.caye.macosdockcc.v2:fullscreen-green-probe] [fullscreen-green-probe] t=470680.940715 space-notification
2026-08-09 00:14:59.276 Df macos-dock-cc-v2[68904:10e732f] [com.caye.macosdockcc.v2:fullscreen-green-probe] [fullscreen-green-probe] t=470682.281144 key-down keyCode=3 flags=0x140109 repeat=0 verdict=no-cache
2026-08-09 00:14:59.867 Df macos-dock-cc-v2[68904:10e732f] [com.caye.macosdockcc.v2:fullscreen-green-probe] [fullscreen-green-probe] t=470682.871882 space-notification
2026-08-09 00:15:00.593 Df macos-dock-cc-v2[68904:10e732f] [com.caye.macosdockcc.v2:fullscreen-green-probe] [fullscreen-green-probe] t=470683.598144 key-down keyCode=3 flags=0x140109 repeat=0 verdict=no-cache
2026-08-09 00:15:01.234 Df macos-dock-cc-v2[68904:10e732f] [com.caye.macosdockcc.v2:fullscreen-green-probe] [fullscreen-green-probe] t=470684.238347 space-notification
2026-08-09 00:15:02.204 Df macos-dock-cc-v2[68904:10e732f] [com.caye.macosdockcc.v2:fullscreen-green-probe] [fullscreen-green-probe] t=470685.209130 key-down keyCode=3 flags=0x140109 repeat=0 verdict=no-cache
2026-08-09 00:15:02.821 Df macos-dock-cc-v2[68904:10e732f] [com.caye.macosdockcc.v2:fullscreen-green-probe] [fullscreen-green-probe] t=470685.825539 space-notification
2026-08-09 00:15:04.312 Df macos-dock-cc-v2[68904:10e732f] [com.caye.macosdockcc.v2:fullscreen-green-probe] [fullscreen-green-probe] t=470687.317282 mouse-down point=(1519.4,1403.1) flipped=(1519.4,36.9) flags=0x0 under=0 verdict=no-cache
2026-08-09 00:15:04.479 Df macos-dock-cc-v2[68904:10e732f] [com.caye.macosdockcc.v2:fullscreen-green-probe] [fullscreen-green-probe] t=470687.483332 cache-ready pid=81876 wid=62655 button=(363.0,111.0,16.0,16.0) window=(309.0,103.0,603.0,505.0)
2026-08-09 00:15:06.462 Df macos-dock-cc-v2[68904:10e732f] [com.caye.macosdockcc.v2:fullscreen-green-probe] [fullscreen-green-probe] t=470689.466446 mouse-down point=(372.6,118.6) flipped=(372.6,1321.4) flags=0x0 under=0 cachedWid=62655 button=(363.0,111.0,16.0,16.0) age=0.093 active=1 fullscreen=0 exact=1 flippedHit=0 expanded=1 windowMatch=0 screenMatch=1 verdict=accepted
2026-08-09 00:15:06.462 Df macos-dock-cc-v2[68904:10e732f] [com.caye.macosdockcc.v2:fullscreen-green-probe] [fullscreen-green-probe] t=470689.466480 pending generation=16 pid=81876
2026-08-09 00:15:06.462 Df macos-dock-cc-v2[68904:10e732f] [com.caye.macosdockcc.v2:fullscreen-green-probe] [fullscreen-green-probe] t=470689.467155 order-out-complete generation=16
2026-08-09 00:15:06.724 Df macos-dock-cc-v2[68904:10e732f] [com.caye.macosdockcc.v2:fullscreen-green-probe] [fullscreen-green-probe] t=470689.728359 cache-ready pid=81876 wid=62655 button=(54.0,-24.0,16.0,16.0) window=(0.0,0.0,2560.0,1440.0)
2026-08-09 00:15:07.200 Df macos-dock-cc-v2[68904:10e732f] [com.caye.macosdockcc.v2:fullscreen-green-probe] [fullscreen-green-probe] t=470690.205109 space-notification
2026-08-09 00:15:07.208 Df macos-dock-cc-v2[68904:10e732f] [com.caye.macosdockcc.v2:fullscreen-green-probe] [fullscreen-green-probe] t=470690.213224 confirmed source=space-cg generation=16
2026-08-09 00:15:08.452 Df macos-dock-cc-v2[68904:10e732f] [com.caye.macosdockcc.v2:fullscreen-green-probe] [fullscreen-green-probe] t=470691.456682 key-down keyCode=3 flags=0x140109 repeat=0 age=0.084 active=1 fullscreen=1 screenMatch=1 verdict=already-fullscreen
2026-08-09 00:15:08.565 Df macos-dock-cc-v2[68904:10e732f] [com.caye.macosdockcc.v2:fullscreen-green-probe] [fullscreen-green-probe] t=470691.569412 cache-ready pid=81876 wid=62655 button=(363.0,111.0,16.0,16.0) window=(309.0,103.0,603.0,505.0)
2026-08-09 00:15:09.059 Df macos-dock-cc-v2[68904:10e732f] [com.caye.macosdockcc.v2:fullscreen-green-probe] [fullscreen-green-probe] t=470692.063961 space-notification
2026-08-09 00:15:09.462 Df macos-dock-cc-v2[68904:10e732f] [com.caye.macosdockcc.v2:fullscreen-green-probe] [fullscreen-green-probe] t=470692.467185 key-down keyCode=3 flags=0x140109 repeat=0 age=0.094 active=1 fullscreen=0 screenMatch=1 verdict=accepted
2026-08-09 00:15:09.462 Df macos-dock-cc-v2[68904:10e732f] [com.caye.macosdockcc.v2:fullscreen-green-probe] [fullscreen-green-probe] t=470692.467219 pending generation=17 pid=81876
2026-08-09 00:15:09.463 Df macos-dock-cc-v2[68904:10e732f] [com.caye.macosdockcc.v2:fullscreen-green-probe] [fullscreen-green-probe] t=470692.468214 order-out-complete generation=17
2026-08-09 00:15:09.607 Df macos-dock-cc-v2[68904:10e732f] [com.caye.macosdockcc.v2:fullscreen-green-probe] [fullscreen-green-probe] t=470692.611741 cache-ready pid=81876 wid=62655 button=(54.0,-24.0,16.0,16.0) window=(0.0,0.0,2560.0,1440.0)
2026-08-09 00:15:09.675 Df macos-dock-cc-v2[68904:10e732f] [com.caye.macosdockcc.v2:fullscreen-green-probe] [fullscreen-green-probe] t=470692.679692 cache-ready pid=81876 wid=62655 button=(54.0,30.0,16.0,16.0) window=(0.0,0.0,2560.0,1440.0)
2026-08-09 00:15:09.787 Df macos-dock-cc-v2[68904:10e732f] [com.caye.macosdockcc.v2:fullscreen-green-probe] [fullscreen-green-probe] t=470692.791450 cache-ready pid=81876 wid=62655 button=(54.0,17.0,16.0,16.0) window=(0.0,0.0,2560.0,1440.0)
2026-08-09 00:15:09.868 Df macos-dock-cc-v2[68904:10e732f] [com.caye.macosdockcc.v2:fullscreen-green-probe] [fullscreen-green-probe] t=470692.873228 cache-ready pid=81876 wid=62655 button=(54.0,7.0,16.0,16.0) window=(0.0,0.0,2560.0,1440.0)
2026-08-09 00:15:09.980 Df macos-dock-cc-v2[68904:10e732f] [com.caye.macosdockcc.v2:fullscreen-green-probe] [fullscreen-green-probe] t=470692.984829 cache-ready pid=81876 wid=62655 button=(54.0,-7.0,16.0,16.0) window=(0.0,0.0,2560.0,1440.0)
2026-08-09 00:15:10.069 Df macos-dock-cc-v2[68904:10e732f] [com.caye.macosdockcc.v2:fullscreen-green-probe] [fullscreen-green-probe] t=470693.074143 cache-ready pid=81876 wid=62655 button=(54.0,-18.0,16.0,16.0) window=(0.0,0.0,2560.0,1440.0)
2026-08-09 00:15:10.081 Df macos-dock-cc-v2[68904:10e732f] [com.caye.macosdockcc.v2:fullscreen-green-probe] [fullscreen-green-probe] t=470693.085679 space-notification
2026-08-09 00:15:10.091 Df macos-dock-cc-v2[68904:10e732f] [com.caye.macosdockcc.v2:fullscreen-green-probe] [fullscreen-green-probe] t=470693.096120 confirmed source=space-cg generation=17
2026-08-09 00:15:10.168 Df macos-dock-cc-v2[68904:10e732f] [com.caye.macosdockcc.v2:fullscreen-green-probe] [fullscreen-green-probe] t=470693.173065 cache-ready pid=81876 wid=62655 button=(54.0,-24.0,16.0,16.0) window=(0.0,0.0,2560.0,1440.0)
2026-08-09 00:15:10.986 Df macos-dock-cc-v2[68904:10e732f] [com.caye.macosdockcc.v2:fullscreen-green-probe] [fullscreen-green-probe] t=470693.990735 key-down keyCode=3 flags=0x140109 repeat=0 age=0.016 active=1 fullscreen=1 screenMatch=1 verdict=already-fullscreen
2026-08-09 00:15:11.105 Df macos-dock-cc-v2[68904:10e732f] [com.caye.macosdockcc.v2:fullscreen-green-probe] [fullscreen-green-probe] t=470694.109443 cache-ready pid=81876 wid=62655 button=(363.0,111.0,16.0,16.0) window=(309.0,103.0,603.0,505.0)
2026-08-09 00:15:11.574 Df macos-dock-cc-v2[68904:10e732f] [com.caye.macosdockcc.v2:fullscreen-green-probe] [fullscreen-green-probe] t=470694.579181 space-notification
2026-08-09 00:15:13.501 Df macos-dock-cc-v2[68904:10e732f] [com.caye.macosdockcc.v2:fullscreen-green-probe] [fullscreen-green-probe] t=470696.505894 mouse-down point=(1375.2,1412.6) flipped=(1375.2,27.4) flags=0x0 under=0 cachedWid=62655 button=(363.0,111.0,16.0,16.0) age=0.033 active=1 fullscreen=0 exact=0 flippedHit=0 expanded=0 windowMatch=0 screenMatch=1 verdict=outside-button
2026-08-09 00:15:14.311 Df macos-dock-cc-v2[68904:10e732f] [com.caye.macosdockcc.v2:fullscreen-green-probe] [fullscreen-green-probe] t=470697.315616 mouse-down point=(762.5,900.7) flipped=(762.5,539.3) flags=0x0 under=0 verdict=no-cache
2026-08-09 00:15:14.987 Df macos-dock-cc-v2[68904:10e732f] [com.caye.macosdockcc.v2:fullscreen-green-probe] [fullscreen-green-probe] t=470697.992271 key-down keyCode=3 flags=0x140109 repeat=0 verdict=no-cache
2026-08-09 00:15:15.663 Df macos-dock-cc-v2[68904:10e732f] [com.caye.macosdockcc.v2:fullscreen-green-probe] [fullscreen-green-probe] t=470698.668170 space-notification
2026-08-09 00:15:16.344 Df macos-dock-cc-v2[68904:10e732f] [com.caye.macosdockcc.v2:fullscreen-green-probe] [fullscreen-green-probe] t=470699.348606 key-down keyCode=3 flags=0x140109 repeat=0 verdict=no-cache
2026-08-09 00:15:16.936 Df macos-dock-cc-v2[68904:10e732f] [com.caye.macosdockcc.v2:fullscreen-green-probe] [fullscreen-green-probe] t=470699.940656 space-notification
2026-08-09 00:15:17.575 Df macos-dock-cc-v2[68904:10e732f] [com.caye.macosdockcc.v2:fullscreen-green-probe] [fullscreen-green-probe] t=470700.579986 key-down keyCode=3 flags=0x140109 repeat=0 verdict=no-cache
2026-08-09 00:15:18.187 Df macos-dock-cc-v2[68904:10e732f] [com.caye.macosdockcc.v2:fullscreen-green-probe] [fullscreen-green-probe] t=470701.191552 space-notification
2026-08-09 00:15:18.732 Df macos-dock-cc-v2[68904:10e732f] [com.caye.macosdockcc.v2:fullscreen-green-probe] [fullscreen-green-probe] t=470701.736598 key-down keyCode=3 flags=0x140109 repeat=0 verdict=no-cache
2026-08-09 00:15:19.345 Df macos-dock-cc-v2[68904:10e732f] [com.caye.macosdockcc.v2:fullscreen-green-probe] [fullscreen-green-probe] t=470702.349802 space-notification
2026-08-09 00:15:23.156 Df macos-dock-cc-v2[68904:10e732f] [com.caye.macosdockcc.v2:fullscreen-green-probe] [fullscreen-green-probe] t=470706.161160 key-down keyCode=3 flags=0x140109 repeat=0 verdict=no-cache
2026-08-09 00:15:23.743 Df macos-dock-cc-v2[68904:10e732f] [com.caye.macosdockcc.v2:fullscreen-green-probe] [fullscreen-green-probe] t=470706.747953 space-notification
2026-08-09 00:15:24.152 Df macos-dock-cc-v2[68904:10e732f] [com.caye.macosdockcc.v2:fullscreen-green-probe] [fullscreen-green-probe] t=470707.157097 key-down keyCode=3 flags=0x140109 repeat=0 verdict=no-cache
2026-08-09 00:15:24.733 Df macos-dock-cc-v2[68904:10e732f] [com.caye.macosdockcc.v2:fullscreen-green-probe] [fullscreen-green-probe] t=470707.737752 space-notification
2026-08-09 00:15:25.572 Df macos-dock-cc-v2[68904:10e732f] [com.caye.macosdockcc.v2:fullscreen-green-probe] [fullscreen-green-probe] t=470708.576997 mouse-down point=(1444.3,1400.6) flipped=(1444.3,39.4) flags=0x0 under=0 verdict=no-cache
2026-08-09 00:15:27.669 Df macos-dock-cc-v2[68904:10e732f] [com.caye.macosdockcc.v2:fullscreen-green-probe] [fullscreen-green-probe] t=470710.673788 mouse-down point=(1101.9,1267.4) flipped=(1101.9,172.6) flags=0x0 under=0 verdict=no-cache
2026-08-09 00:15:28.221 Df macos-dock-cc-v2[68904:10e732f] [com.caye.macosdockcc.v2:fullscreen-green-probe] [fullscreen-green-probe] t=470711.225489 mouse-down point=(1141.7,1271.8) flipped=(1141.7,168.2) flags=0x0 under=0 verdict=no-cache
2026-08-09 00:15:29.421 Df macos-dock-cc-v2[68904:10e732f] [com.caye.macosdockcc.v2:fullscreen-green-probe] [fullscreen-green-probe] t=470712.425563 mouse-down point=(1161.2,1277.4) flipped=(1161.2,162.6) flags=0x0 under=0 verdict=no-cache
2026-08-09 00:15:54.008 Df macos-dock-cc-v2[68904:10e732f] [com.caye.macosdockcc.v2:fullscreen-green-probe] [fullscreen-green-probe] t=470737.013082 mouse-down point=(1173.9,1221.4) flipped=(1173.9,218.6) flags=0x0 under=0 verdict=no-cache
2026-08-09 00:16:14.397 Df macos-dock-cc-v2[68904:10e732f] [com.caye.macosdockcc.v2:fullscreen-green-probe] [fullscreen-green-probe] t=470757.401879 mouse-down point=(1181.7,1184.5) flipped=(1181.7,255.5) flags=0x0 under=0 verdict=no-cache
2026-08-09 00:16:23.261 Df macos-dock-cc-v2[68904:10e732f] [com.caye.macosdockcc.v2:fullscreen-green-probe] [fullscreen-green-probe] t=470766.265841 mouse-down point=(1393.1,1221.6) flipped=(1393.1,218.4) flags=0x0 under=0 verdict=no-cache
2026-08-09 00:17:24.290 Df macos-dock-cc-v2[68904:10e732f] [com.caye.macosdockcc.v2:fullscreen-green-probe] [fullscreen-green-probe] t=470827.294703 mouse-down point=(658.1,1403.7) flipped=(658.1,36.3) flags=0x0 under=0 verdict=no-cache
2026-08-09 00:17:25.437 Df macos-dock-cc-v2[68904:10e732f] [com.caye.macosdockcc.v2:fullscreen-green-probe] [fullscreen-green-probe] t=470828.441336 mouse-down point=(793.5,516.7) flipped=(793.5,923.3) flags=0x0 under=0 verdict=no-cache
2026-08-09 00:17:26.438 Df macos-dock-cc-v2[68904:10e732f] [com.caye.macosdockcc.v2:fullscreen-green-probe] [fullscreen-green-probe] t=470829.442580 mouse-down point=(1242.3,842.2) flipped=(1242.3,597.8) flags=0x0 under=0 verdict=no-cache
2026-08-09 00:17:28.818 Df macos-dock-cc-v2[68904:10e732f] [com.caye.macosdockcc.v2:fullscreen-green-probe] [fullscreen-green-probe] t=470831.822629 mouse-down point=(1268.9,124.1) flipped=(1268.9,1315.9) flags=0x0 under=0 verdict=no-cache
2026-08-09 00:17:33.557 Df macos-dock-cc-v2[68904:10e732f] [com.caye.macosdockcc.v2:fullscreen-green-probe] [fullscreen-green-probe] t=470836.561628 mouse-down point=(924.6,943.7) flipped=(924.6,496.3) flags=0x0 under=0 verdict=no-cache
2026-08-09 00:17:36.091 Df macos-dock-cc-v2[68904:10e732f] [com.caye.macosdockcc.v2:fullscreen-green-probe] [fullscreen-green-probe] t=470839.095388 mouse-down point=(1648.5,984.0) flipped=(1648.5,456.0) flags=0x0 under=0 verdict=no-cache
2026-08-09 00:17:38.210 Df macos-dock-cc-v2[68904:10e732f] [com.caye.macosdockcc.v2:fullscreen-green-probe] [fullscreen-green-probe] t=470841.214495 mouse-down point=(866.8,119.6) flipped=(866.8,1320.4) flags=0x0 under=0 verdict=no-cache
2026-08-09 00:17:39.605 Df macos-dock-cc-v2[68904:10e732f] [com.caye.macosdockcc.v2:fullscreen-green-probe] [fullscreen-green-probe] t=470842.609346 mouse-down point=(1477.8,244.1) flipped=(1477.8,1195.9) flags=0x0 under=0 verdict=no-cache
2026-08-09 00:17:40.272 Df macos-dock-cc-v2[68904:10e732f] [com.caye.macosdockcc.v2:fullscreen-green-probe] [fullscreen-green-probe] t=470843.276443 key-down keyCode=13 flags=0x100108 repeat=0 verdict=no-cache
2026-08-09 00:17:41.893 Df macos-dock-cc-v2[68904:10e732f] [com.caye.macosdockcc.v2:fullscreen-green-probe] [fullscreen-green-probe] t=470844.897803 mouse-down point=(1406.7,921.9) flipped=(1406.7,518.1) flags=0x0 under=0 verdict=no-cache
2026-08-09 00:18:25.357 Df macos-dock-cc-v2[68904:10e732f] [com.caye.macosdockcc.v2:fullscreen-green-probe] [fullscreen-green-probe] t=470888.361878 mouse-down point=(363.1,1057.7) flipped=(363.1,382.3) flags=0x0 under=0 verdict=no-cache
2026-08-09 00:18:26.387 Df macos-dock-cc-v2[68904:10e732f] [com.caye.macosdockcc.v2:fullscreen-green-probe] [fullscreen-green-probe] t=470889.391750 mouse-down point=(85.9,308.3) flipped=(85.9,1131.7) flags=0x0 under=0 verdict=no-cache
2026-08-09 00:18:36.478 Df macos-dock-cc-v2[68904:10e732f] [com.caye.macosdockcc.v2:fullscreen-green-probe] [fullscreen-green-probe] t=470899.482975 mouse-down point=(1595.2,398.5) flipped=(1595.2,1041.5) flags=0x0 under=0 verdict=no-cache
2026-08-09 00:18:53.625 Df macos-dock-cc-v2[68904:10e732f] [com.caye.macosdockcc.v2:fullscreen-green-probe] [fullscreen-green-probe] t=470916.630032 mouse-down point=(637.0,331.8) flipped=(637.0,1108.2) flags=0x0 under=0 verdict=no-cache
2026-08-09 00:18:57.380 Df macos-dock-cc-v2[68904:10e732f] [com.caye.macosdockcc.v2:fullscreen-green-probe] [fullscreen-green-probe] t=470920.384372 mouse-down point=(1334.3,687.0) flipped=(1334.3,753.0) flags=0x0 under=0 verdict=no-cache
2026-08-09 00:19:00.829 Df macos-dock-cc-v2[68904:10e732f] [com.caye.macosdockcc.v2:fullscreen-green-probe] [fullscreen-green-probe] t=470923.833349 mouse-down point=(1370.3,674.6) flipped=(1370.3,765.4) flags=0x0 under=0 verdict=no-cache
2026-08-09 00:19:02.717 Df macos-dock-cc-v2[68904:10e732f] [com.caye.macosdockcc.v2:fullscreen-green-probe] [fullscreen-green-probe] t=470925.722052 mouse-down point=(551.9,332.4) flipped=(551.9,1107.6) flags=0x0 under=0 verdict=no-cache
2026-08-09 00:19:17.300 Df macos-dock-cc-v2[68904:10e732f] [com.caye.macosdockcc.v2:fullscreen-green-probe] [fullscreen-green-probe] t=470940.304538 mouse-down point=(340.5,797.4) flipped=(340.5,642.6) flags=0x0 under=0 verdict=no-cache
2026-08-09 00:19:23.426 Df macos-dock-cc-v2[68904:10e732f] [com.caye.macosdockcc.v2:fullscreen-green-probe] [fullscreen-green-probe] t=470946.430808 mouse-down point=(2428.9,396.8) flipped=(2428.9,1043.2) flags=0x0 under=0 verdict=no-cache
2026-08-09 00:19:34.877 Df macos-dock-cc-v2[68904:10e732f] [com.caye.macosdockcc.v2:fullscreen-green-probe] [fullscreen-green-probe] t=470957.882062 mouse-down point=(887.9,834.8) flipped=(887.9,605.2) flags=0x0 under=0 verdict=no-cache
2026-08-09 00:19:39.472 Df macos-dock-cc-v2[68904:10e732f] [com.caye.macosdockcc.v2:fullscreen-green-probe] [fullscreen-green-probe] t=470962.476553 mouse-down point=(1304.6,835.5) flipped=(1304.6,604.5) flags=0x0 under=0 verdict=no-cache
2026-08-09 00:19:43.741 Df macos-dock-cc-v2[68904:10e732f] [com.caye.macosdockcc.v2:fullscreen-green-probe] [fullscreen-green-probe] t=470966.745645 mouse-down point=(361.8,163.2) flipped=(361.8,1276.8) flags=0x0 under=0 verdict=no-cache
2026-08-09 00:19:46.013 Df macos-dock-cc-v2[68904:10e732f] [com.caye.macosdockcc.v2:fullscreen-green-probe] [fullscreen-green-probe] t=470969.017411 mouse-down point=(240.7,149.3) flipped=(240.7,1290.7) flags=0x0 under=0 verdict=no-cache
2026-08-09 00:19:48.213 Df macos-dock-cc-v2[68904:10e732f] [com.caye.macosdockcc.v2:fullscreen-green-probe] [fullscreen-green-probe] t=470971.218175 mouse-down point=(607.2,673.2) flipped=(607.2,766.8) flags=0x0 under=0 verdict=no-cache
2026-08-09 00:19:48.987 Df macos-dock-cc-v2[68904:10e732f] [com.caye.macosdockcc.v2:fullscreen-green-probe] [fullscreen-green-probe] t=470971.991723 mouse-down point=(542.6,692.3) flipped=(542.6,747.7) flags=0x0 under=0 verdict=no-cache
2026-08-09 00:19:50.093 Df macos-dock-cc-v2[68904:10e732f] [com.caye.macosdockcc.v2:fullscreen-green-probe] [fullscreen-green-probe] t=470973.097750 mouse-down point=(545.8,708.1) flipped=(545.8,731.9) flags=0x0 under=0 verdict=no-cache
2026-08-09 00:19:50.958 Df macos-dock-cc-v2[68904:10e732f] [com.caye.macosdockcc.v2:fullscreen-green-probe] [fullscreen-green-probe] t=470973.962568 mouse-down point=(2214.3,454.4) flipped=(2214.3,985.6) flags=0x0 under=0 verdict=no-cache
2026-08-09 00:19:52.725 Df macos-dock-cc-v2[68904:10e732f] [com.caye.macosdockcc.v2:fullscreen-green-probe] [fullscreen-green-probe] t=470975.729864 mouse-down point=(2317.9,381.3) flipped=(2317.9,1058.7) flags=0x0 under=0 verdict=no-cache
2026-08-09 00:19:56.455 Df macos-dock-cc-v2[68904:10e732f] [com.caye.macosdockcc.v2:fullscreen-green-probe] [fullscreen-green-probe] t=470979.460170 mouse-down point=(1274.3,1406.7) flipped=(1274.3,33.3) flags=0x0 under=0 verdict=no-cache
2026-08-09 00:19:57.831 Df macos-dock-cc-v2[68904:10e732f] [com.caye.macosdockcc.v2:fullscreen-green-probe] [fullscreen-green-probe] t=470980.835989 mouse-down point=(1275.0,1407.6) flipped=(1275.0,32.4) flags=0x0 under=0 verdict=no-cache
2026-08-09 00:19:58.340 Df macos-dock-cc-v2[68904:10e732f] [com.caye.macosdockcc.v2:fullscreen-green-probe] [fullscreen-green-probe] t=470981.345149 mouse-down point=(1275.0,1407.6) flipped=(1275.0,32.4) flags=0x0 under=0 verdict=no-cache
2026-08-09 00:19:58.901 Df macos-dock-cc-v2[68904:10e732f] [com.caye.macosdockcc.v2:fullscreen-green-probe] [fullscreen-green-probe] t=470981.906086 mouse-down point=(1275.0,1407.6) flipped=(1275.0,32.4) flags=0x0 under=0 verdict=no-cache
2026-08-09 00:19:59.261 Df macos-dock-cc-v2[68904:10e732f] [com.caye.macosdockcc.v2:fullscreen-green-probe] [fullscreen-green-probe] t=470982.265540 mouse-down point=(1274.8,1407.6) flipped=(1274.8,32.4) flags=0x0 under=0 verdict=no-cache
2026-08-09 00:19:59.901 Df macos-dock-cc-v2[68904:10e732f] [com.caye.macosdockcc.v2:fullscreen-green-probe] [fullscreen-green-probe] t=470982.905398 mouse-down point=(1333.4,1410.8) flipped=(1333.4,29.2) flags=0x0 under=0 verdict=no-cache
2026-08-09 00:20:00.480 Df macos-dock-cc-v2[68904:10e732f] [com.caye.macosdockcc.v2:fullscreen-green-probe] [fullscreen-green-probe] t=470983.484995 mouse-down point=(1332.5,1411.7) flipped=(1332.5,28.3) flags=0x0 under=0 verdict=no-cache
2026-08-09 00:20:01.014 Df macos-dock-cc-v2[68904:10e732f] [com.caye.macosdockcc.v2:fullscreen-green-probe] [fullscreen-green-probe] t=470984.018369 mouse-down point=(1332.0,1411.4) flipped=(1332.0,28.6) flags=0x0 under=0 verdict=no-cache
2026-08-09 00:20:02.348 Df macos-dock-cc-v2[68904:10e732f] [com.caye.macosdockcc.v2:fullscreen-green-probe] [fullscreen-green-probe] t=470985.352548 mouse-down point=(1492.7,1414.6) flipped=(1492.7,25.4) flags=0x0 under=0 verdict=no-cache
2026-08-09 00:20:03.165 Df macos-dock-cc-v2[68904:10e732f] [com.caye.macosdockcc.v2:fullscreen-green-probe] [fullscreen-green-probe] t=470986.169599 mouse-down point=(1492.5,1414.4) flipped=(1492.5,25.6) flags=0x0 under=0 verdict=no-cache
2026-08-09 00:20:05.021 Df macos-dock-cc-v2[68904:10e732f] [com.caye.macosdockcc.v2:fullscreen-green-probe] [fullscreen-green-probe] t=470988.025980 mouse-down point=(1061.4,1403.8) flipped=(1061.4,36.2) flags=0x0 under=0 verdict=no-cache
2026-08-09 00:20:07.053 Df macos-dock-cc-v2[68904:10e732f] [com.caye.macosdockcc.v2:fullscreen-green-probe] [fullscreen-green-probe] t=470990.057910 mouse-down point=(1286.2,1402.8) flipped=(1286.2,37.2) flags=0x0 under=0 verdict=no-cache
2026-08-09 00:20:10.837 Df macos-dock-cc-v2[68904:10e732f] [com.caye.macosdockcc.v2:fullscreen-green-probe] [fullscreen-green-probe] t=470993.841818 mouse-down point=(1426.5,1408.6) flipped=(1426.5,31.4) flags=0x0 under=0 verdict=no-cache
2026-08-09 00:20:15.557 Df macos-dock-cc-v2[68904:10e732f] [com.caye.macosdockcc.v2:fullscreen-green-probe] [fullscreen-green-probe] t=470998.561522 mouse-down point=(1874.2,97.7) flipped=(1874.2,1342.3) flags=0x0 under=0 verdict=no-cache
2026-08-09 00:20:16.069 Df macos-dock-cc-v2[68904:10e732f] [com.caye.macosdockcc.v2:fullscreen-green-probe] [fullscreen-green-probe] t=470999.073440 mouse-down point=(1921.3,93.8) flipped=(1921.3,1346.2) flags=0x0 under=0 verdict=no-cache
2026-08-09 00:20:19.137 Df macos-dock-cc-v2[68904:10e732f] [com.caye.macosdockcc.v2:fullscreen-green-probe] [fullscreen-green-probe] t=471002.141878 mouse-down point=(2166.3,98.4) flipped=(2166.3,1341.6) flags=0x0 under=0 verdict=no-cache
2026-08-09 00:20:21.253 Df macos-dock-cc-v2[68904:10e732f] [com.caye.macosdockcc.v2:fullscreen-green-probe] [fullscreen-green-probe] t=471004.258254 mouse-down point=(2064.8,191.0) flipped=(2064.8,1249.0) flags=0x0 under=0 verdict=no-cache
2026-08-09 00:20:22.317 Df macos-dock-cc-v2[68904:10e732f] [com.caye.macosdockcc.v2:fullscreen-green-probe] [fullscreen-green-probe] t=471005.321615 mouse-down point=(2170.8,94.3) flipped=(2170.8,1345.7) flags=0x0 under=0 verdict=no-cache
2026-08-09 00:20:23.856 Df macos-dock-cc-v2[68904:10e732f] [com.caye.macosdockcc.v2:fullscreen-green-probe] [fullscreen-green-probe] t=471006.861189 mouse-down point=(2041.1,213.3) flipped=(2041.1,1226.7) flags=0x0 under=0 verdict=no-cache
2026-08-09 00:20:31.239 Df macos-dock-cc-v2[68904:10e732f] [com.caye.macosdockcc.v2:fullscreen-green-probe] [fullscreen-green-probe] t=471014.244106 mouse-down point=(1988.5,282.6) flipped=(1988.5,1157.4) flags=0x0 under=0 verdict=no-cache
2026-08-09 00:20:35.058 Df macos-dock-cc-v2[68904:10e732f] [com.caye.macosdockcc.v2:fullscreen-green-probe] [fullscreen-green-probe] t=471018.062940 mouse-down point=(1261.7,642.2) flipped=(1261.7,797.8) flags=0x0 under=0 verdict=no-cache
2026-08-09 00:20:44.662 Df macos-dock-cc-v2[68904:10e732f] [com.caye.macosdockcc.v2:fullscreen-green-probe] [fullscreen-green-probe] t=471027.666698 mouse-down point=(1925.8,808.9) flipped=(1925.8,631.1) flags=0x0 under=0 verdict=no-cache
2026-08-09 00:20:51.313 Df macos-dock-cc-v2[68904:10e732f] [com.caye.macosdockcc.v2:fullscreen-green-probe] [fullscreen-green-probe] t=471034.317501 mouse-down point=(1907.8,694.7) flipped=(1907.8,745.3) flags=0x0 under=0 verdict=no-cache
2026-08-09 00:21:23.938 Df macos-dock-cc-v2[68904:10e732f] [com.caye.macosdockcc.v2:fullscreen-green-probe] [fullscreen-green-probe] t=471066.943234 mouse-down point=(1125.1,1403.5) flipped=(1125.1,36.5) flags=0x0 under=0 verdict=no-cache
2026-08-09 00:21:31.059 Df macos-dock-cc-v2[68904:10e732f] [com.caye.macosdockcc.v2:fullscreen-green-probe] [fullscreen-green-probe] t=471074.063466 mouse-down point=(1019.1,952.6) flipped=(1019.1,487.4) flags=0x0 under=0 verdict=no-cache
2026-08-09 00:21:31.877 Df macos-dock-cc-v2[68904:10e732f] [com.caye.macosdockcc.v2:fullscreen-green-probe] [fullscreen-green-probe] t=471074.881677 mouse-down point=(1024.3,944.8) flipped=(1024.3,495.2) flags=0x0 under=0 verdict=no-cache
2026-08-09 00:21:33.213 Df macos-dock-cc-v2[68904:10e732f] [com.caye.macosdockcc.v2:fullscreen-green-probe] [fullscreen-green-probe] t=471076.217811 mouse-down point=(832.8,638.6) flipped=(832.8,801.4) flags=0x0 under=0 verdict=no-cache
2026-08-09 00:21:34.037 Df macos-dock-cc-v2[68904:10e732f] [com.caye.macosdockcc.v2:fullscreen-green-probe] [fullscreen-green-probe] t=471077.041710 mouse-down point=(1244.0,624.2) flipped=(1244.0,815.8) flags=0x0 under=0 verdict=no-cache
2026-08-09 00:21:35.183 Df macos-dock-cc-v2[68904:10e732f] [com.caye.macosdockcc.v2:fullscreen-green-probe] [fullscreen-green-probe] t=471078.187337 mouse-down point=(1032.1,903.3) flipped=(1032.1,536.7) flags=0x0 under=0 verdict=no-cache
2026-08-09 00:21:35.612 Df macos-dock-cc-v2[68904:10e732f] [com.caye.macosdockcc.v2:fullscreen-green-probe] [fullscreen-green-probe] t=471078.616819 mouse-down point=(1163.0,650.6) flipped=(1163.0,789.4) flags=0x0 under=0 verdict=no-cache
2026-08-09 00:21:37.364 Df macos-dock-cc-v2[68904:10e732f] [com.caye.macosdockcc.v2:fullscreen-green-probe] [fullscreen-green-probe] t=471080.368527 key-down keyCode=13 flags=0x100 repeat=0 verdict=no-cache
2026-08-09 00:21:37.495 Df macos-dock-cc-v2[68904:10e732f] [com.caye.macosdockcc.v2:fullscreen-green-probe] [fullscreen-green-probe] t=471080.500087 key-down keyCode=31 flags=0x100 repeat=0 verdict=no-cache
2026-08-09 00:21:38.046 Df macos-dock-cc-v2[68904:10e732f] [com.caye.macosdockcc.v2:fullscreen-green-probe] [fullscreen-green-probe] t=471081.050750 key-down keyCode=49 flags=0x100 repeat=0 verdict=no-cache
2026-08-09 00:21:38.976 Df macos-dock-cc-v2[68904:10e732f] [com.caye.macosdockcc.v2:fullscreen-green-probe] [fullscreen-green-probe] t=471081.980370 key-down keyCode=5 flags=0x100 repeat=0 verdict=no-cache
2026-08-09 00:21:39.163 Df macos-dock-cc-v2[68904:10e732f] [com.caye.macosdockcc.v2:fullscreen-green-probe] [fullscreen-green-probe] t=471082.167377 key-down keyCode=34 flags=0x100 repeat=0 verdict=no-cache
2026-08-09 00:21:39.445 Df macos-dock-cc-v2[68904:10e732f] [com.caye.macosdockcc.v2:fullscreen-green-probe] [fullscreen-green-probe] t=471082.449969 key-down keyCode=17 flags=0x100 repeat=0 verdict=no-cache
2026-08-09 00:21:39.995 Df macos-dock-cc-v2[68904:10e732f] [com.caye.macosdockcc.v2:fullscreen-green-probe] [fullscreen-green-probe] t=471082.999508 key-down keyCode=49 flags=0x100 repeat=0 verdict=no-cache
2026-08-09 00:21:40.178 Df macos-dock-cc-v2[68904:10e732f] [com.caye.macosdockcc.v2:fullscreen-green-probe] [fullscreen-green-probe] t=471083.183211 key-down keyCode=1 flags=0x100 repeat=0 verdict=no-cache
2026-08-09 00:21:40.283 Df macos-dock-cc-v2[68904:10e732f] [com.caye.macosdockcc.v2:fullscreen-green-probe] [fullscreen-green-probe] t=471083.287916 key-down keyCode=4 flags=0x100 repeat=0 verdict=no-cache
2026-08-09 00:21:40.378 Df macos-dock-cc-v2[68904:10e732f] [com.caye.macosdockcc.v2:fullscreen-green-probe] [fullscreen-green-probe] t=471083.382659 key-down keyCode=0 flags=0x100 repeat=0 verdict=no-cache
2026-08-09 00:21:40.478 Df macos-dock-cc-v2[68904:10e732f] [com.caye.macosdockcc.v2:fullscreen-green-probe] [fullscreen-green-probe] t=471083.482912 key-down keyCode=45 flags=0x100 repeat=0 verdict=no-cache
2026-08-09 00:21:40.612 Df macos-dock-cc-v2[68904:10e732f] [com.caye.macosdockcc.v2:fullscreen-green-probe] [fullscreen-green-probe] t=471083.616457 key-down keyCode=5 flags=0x100 repeat=0 verdict=no-cache
2026-08-09 00:21:40.814 Df macos-dock-cc-v2[68904:10e732f] [com.caye.macosdockcc.v2:fullscreen-green-probe] [fullscreen-green-probe] t=471083.819315 key-down keyCode=2 flags=0x100 repeat=0 verdict=no-cache
2026-08-09 00:21:40.965 Df macos-dock-cc-v2[68904:10e732f] [com.caye.macosdockcc.v2:fullscreen-green-probe] [fullscreen-green-probe] t=471083.970080 key-down keyCode=14 flags=0x100 repeat=0 verdict=no-cache
2026-08-09 00:21:41.282 Df macos-dock-cc-v2[68904:10e732f] [com.caye.macosdockcc.v2:fullscreen-green-probe] [fullscreen-green-probe] t=471084.287004 key-down keyCode=49 flags=0x100 repeat=0 verdict=no-cache
2026-08-09 00:21:41.632 Df macos-dock-cc-v2[68904:10e732f] [com.caye.macosdockcc.v2:fullscreen-green-probe] [fullscreen-green-probe] t=471084.637087 key-down keyCode=15 flags=0x100 repeat=0 verdict=no-cache
2026-08-09 00:21:41.861 Df macos-dock-cc-v2[68904:10e732f] [com.caye.macosdockcc.v2:fullscreen-green-probe] [fullscreen-green-probe] t=471084.865446 key-down keyCode=14 flags=0x100 repeat=0 verdict=no-cache
2026-08-09 00:21:45.978 Df macos-dock-cc-v2[68904:10e732f] [com.caye.macosdockcc.v2:fullscreen-green-probe] [fullscreen-green-probe] t=471088.983207 key-down keyCode=0 flags=0x100 repeat=0 verdict=no-cache
2026-08-09 00:21:46.177 Df macos-dock-cc-v2[68904:10e732f] [com.caye.macosdockcc.v2:fullscreen-green-probe] [fullscreen-green-probe] t=471089.182304 key-down keyCode=2 flags=0x100 repeat=0 verdict=no-cache
2026-08-09 00:21:47.362 Df macos-dock-cc-v2[68904:10e732f] [com.caye.macosdockcc.v2:fullscreen-green-probe] [fullscreen-green-probe] t=471090.366593 key-down keyCode=19 flags=0x100 repeat=0 verdict=no-cache
2026-08-09 00:21:48.355 Df macos-dock-cc-v2[68904:10e732f] [com.caye.macosdockcc.v2:fullscreen-green-probe] [fullscreen-green-probe] t=471091.360273 key-down keyCode=37 flags=0x100 repeat=0 verdict=no-cache
2026-08-09 00:21:48.496 Df macos-dock-cc-v2[68904:10e732f] [com.caye.macosdockcc.v2:fullscreen-green-probe] [fullscreen-green-probe] t=471091.500908 key-down keyCode=34 flags=0x100 repeat=0 verdict=no-cache
2026-08-09 00:21:48.713 Df macos-dock-cc-v2[68904:10e732f] [com.caye.macosdockcc.v2:fullscreen-green-probe] [fullscreen-green-probe] t=471091.718320 key-down keyCode=2 flags=0x100 repeat=0 verdict=no-cache
2026-08-09 00:21:48.963 Df macos-dock-cc-v2[68904:10e732f] [com.caye.macosdockcc.v2:fullscreen-green-probe] [fullscreen-green-probe] t=471091.968195 key-down keyCode=14 flags=0x100 repeat=0 verdict=no-cache
2026-08-09 00:21:49.364 Df macos-dock-cc-v2[68904:10e732f] [com.caye.macosdockcc.v2:fullscreen-green-probe] [fullscreen-green-probe] t=471092.368798 key-down keyCode=49 flags=0x100 repeat=0 verdict=no-cache
2026-08-09 00:21:49.531 Df macos-dock-cc-v2[68904:10e732f] [com.caye.macosdockcc.v2:fullscreen-green-probe] [fullscreen-green-probe] t=471092.535817 key-down keyCode=51 flags=0x100 repeat=0 verdict=no-cache
2026-08-09 00:21:49.947 Df macos-dock-cc-v2[68904:10e732f] [com.caye.macosdockcc.v2:fullscreen-green-probe] [fullscreen-green-probe] t=471092.951947 key-down keyCode=51 flags=0x100 repeat=0 verdict=no-cache
2026-08-09 00:21:50.864 Df macos-dock-cc-v2[68904:10e732f] [com.caye.macosdockcc.v2:fullscreen-green-probe] [fullscreen-green-probe] t=471093.869075 key-down keyCode=13 flags=0x100 repeat=0 verdict=no-cache
2026-08-09 00:21:51.046 Df macos-dock-cc-v2[68904:10e732f] [com.caye.macosdockcc.v2:fullscreen-green-probe] [fullscreen-green-probe] t=471094.050891 key-down keyCode=14 flags=0x100 repeat=0 verdict=no-cache
2026-08-09 00:21:51.096 Df macos-dock-cc-v2[68904:10e732f] [com.caye.macosdockcc.v2:fullscreen-green-probe] [fullscreen-green-probe] t=471094.101001 key-down keyCode=34 flags=0x100 repeat=0 verdict=no-cache
2026-08-09 00:21:51.351 Df macos-dock-cc-v2[68904:10e732f] [com.caye.macosdockcc.v2:fullscreen-green-probe] [fullscreen-green-probe] t=471094.355658 key-down keyCode=7 flags=0x100 repeat=0 verdict=no-cache
2026-08-09 00:21:51.480 Df macos-dock-cc-v2[68904:10e732f] [com.caye.macosdockcc.v2:fullscreen-green-probe] [fullscreen-green-probe] t=471094.484926 key-down keyCode=34 flags=0x100 repeat=0 verdict=no-cache
2026-08-09 00:21:51.650 Df macos-dock-cc-v2[68904:10e732f] [com.caye.macosdockcc.v2:fullscreen-green-probe] [fullscreen-green-probe] t=471094.654646 key-down keyCode=45 flags=0x100 repeat=0 verdict=no-cache
2026-08-09 00:21:51.881 Df macos-dock-cc-v2[68904:10e732f] [com.caye.macosdockcc.v2:fullscreen-green-probe] [fullscreen-green-probe] t=471094.886214 key-down keyCode=49 flags=0x100 repeat=0 verdict=no-cache
2026-08-09 00:21:52.048 Df macos-dock-cc-v2[68904:10e732f] [com.caye.macosdockcc.v2:fullscreen-green-probe] [fullscreen-green-probe] t=471095.052904 key-down keyCode=14 flags=0x100 repeat=0 verdict=no-cache
2026-08-09 00:21:52.286 Df macos-dock-cc-v2[68904:10e732f] [com.caye.macosdockcc.v2:fullscreen-green-probe] [fullscreen-green-probe] t=471095.290721 key-down keyCode=15 flags=0x100 repeat=0 verdict=no-cache
2026-08-09 00:21:53.139 Df macos-dock-cc-v2[68904:10e732f] [com.caye.macosdockcc.v2:fullscreen-green-probe] [fullscreen-green-probe] t=471096.143973 key-down keyCode=13 flags=0x100 repeat=0 verdict=no-cache
2026-08-09 00:21:53.234 Df macos-dock-cc-v2[68904:10e732f] [com.caye.macosdockcc.v2:fullscreen-green-probe] [fullscreen-green-probe] t=471096.238461 key-down keyCode=14 flags=0x100 repeat=0 verdict=no-cache
2026-08-09 00:21:53.370 Df macos-dock-cc-v2[68904:10e732f] [com.caye.macosdockcc.v2:fullscreen-green-probe] [fullscreen-green-probe] t=471096.374555 key-down keyCode=34 flags=0x100 repeat=0 verdict=no-cache
2026-08-09 00:21:53.583 Df macos-dock-cc-v2[68904:10e732f] [com.caye.macosdockcc.v2:fullscreen-green-probe] [fullscreen-green-probe] t=471096.587773 key-down keyCode=46 flags=0x100 repeat=0 verdict=no-cache
2026-08-09 00:21:53.663 Df macos-dock-cc-v2[68904:10e732f] [com.caye.macosdockcc.v2:fullscreen-green-probe] [fullscreen-green-probe] t=471096.667609 key-down keyCode=0 flags=0x100 repeat=0 verdict=no-cache
2026-08-09 00:21:53.864 Df macos-dock-cc-v2[68904:10e732f] [com.caye.macosdockcc.v2:fullscreen-green-probe] [fullscreen-green-probe] t=471096.868748 key-down keyCode=49 flags=0x100 repeat=0 verdict=no-cache
2026-08-09 00:21:54.121 Df macos-dock-cc-v2[68904:10e732f] [com.caye.macosdockcc.v2:fullscreen-green-probe] [fullscreen-green-probe] t=471097.126098 key-down keyCode=5 flags=0x100 repeat=0 verdict=no-cache
2026-08-09 00:21:54.283 Df macos-dock-cc-v2[68904:10e732f] [com.caye.macosdockcc.v2:fullscreen-green-probe] [fullscreen-green-probe] t=471097.287413 key-down keyCode=31 flags=0x100 repeat=0 verdict=no-cache
2026-08-09 00:21:54.283 Df macos-dock-cc-v2[68904:10e732f] [com.caye.macosdockcc.v2:fullscreen-green-probe] [fullscreen-green-probe] t=471097.287495 key-down keyCode=32 flags=0x100 repeat=0 verdict=no-cache
2026-08-09 00:21:54.602 Df macos-dock-cc-v2[68904:10e732f] [com.caye.macosdockcc.v2:fullscreen-green-probe] [fullscreen-green-probe] t=471097.607015 key-down keyCode=12 flags=0x100 repeat=0 verdict=no-cache
2026-08-09 00:21:54.780 Df macos-dock-cc-v2[68904:10e732f] [com.caye.macosdockcc.v2:fullscreen-green-probe] [fullscreen-green-probe] t=471097.785155 key-down keyCode=34 flags=0x100 repeat=0 verdict=no-cache
2026-08-09 00:21:55.288 Df macos-dock-cc-v2[68904:10e732f] [com.caye.macosdockcc.v2:fullscreen-green-probe] [fullscreen-green-probe] t=471098.292789 key-down keyCode=49 flags=0x100 repeat=0 verdict=no-cache
2026-08-09 00:21:55.437 Df macos-dock-cc-v2[68904:10e732f] [com.caye.macosdockcc.v2:fullscreen-green-probe] [fullscreen-green-probe] t=471098.441822 key-down keyCode=51 flags=0x100 repeat=0 verdict=no-cache
2026-08-09 00:21:55.600 Df macos-dock-cc-v2[68904:10e732f] [com.caye.macosdockcc.v2:fullscreen-green-probe] [fullscreen-green-probe] t=471098.605005 key-down keyCode=51 flags=0x100 repeat=0 verdict=no-cache
2026-08-09 00:21:56.037 Df macos-dock-cc-v2[68904:10e732f] [com.caye.macosdockcc.v2:fullscreen-green-probe] [fullscreen-green-probe] t=471099.041331 key-down keyCode=5 flags=0x100 repeat=0 verdict=no-cache
2026-08-09 00:21:56.172 Df macos-dock-cc-v2[68904:10e732f] [com.caye.macosdockcc.v2:fullscreen-green-probe] [fullscreen-green-probe] t=471099.176724 key-down keyCode=32 flags=0x100 repeat=0 verdict=no-cache
2026-08-09 00:21:56.216 Df macos-dock-cc-v2[68904:10e732f] [com.caye.macosdockcc.v2:fullscreen-green-probe] [fullscreen-green-probe] t=471099.220569 key-down keyCode=31 flags=0x100 repeat=0 verdict=no-cache
2026-08-09 00:21:56.332 Df macos-dock-cc-v2[68904:10e732f] [com.caye.macosdockcc.v2:fullscreen-green-probe] [fullscreen-green-probe] t=471099.336443 key-down keyCode=12 flags=0x100 repeat=0 verdict=no-cache
2026-08-09 00:21:56.449 Df macos-dock-cc-v2[68904:10e732f] [com.caye.macosdockcc.v2:fullscreen-green-probe] [fullscreen-green-probe] t=471099.454277 key-down keyCode=34 flags=0x100 repeat=0 verdict=no-cache
2026-08-09 00:21:56.671 Df macos-dock-cc-v2[68904:10e732f] [com.caye.macosdockcc.v2:fullscreen-green-probe] [fullscreen-green-probe] t=471099.676238 key-down keyCode=37 flags=0x100 repeat=0 verdict=no-cache
2026-08-09 00:21:56.755 Df macos-dock-cc-v2[68904:10e732f] [com.caye.macosdockcc.v2:fullscreen-green-probe] [fullscreen-green-probe] t=471099.759610 key-down keyCode=14 flags=0x100 repeat=0 verdict=no-cache
2026-08-09 00:21:57.037 Df macos-dock-cc-v2[68904:10e732f] [com.caye.macosdockcc.v2:fullscreen-green-probe] [fullscreen-green-probe] t=471100.041974 key-down keyCode=49 flags=0x100 repeat=0 verdict=no-cache
2026-08-09 00:21:57.303 Df macos-dock-cc-v2[68904:10e732f] [com.caye.macosdockcc.v2:fullscreen-green-probe] [fullscreen-green-probe] t=471100.307388 key-down keyCode=43 flags=0x100 repeat=0 verdict=no-cache
2026-08-09 00:21:57.581 Df macos-dock-cc-v2[68904:10e732f] [com.caye.macosdockcc.v2:fullscreen-green-probe] [fullscreen-green-probe] t=471100.586264 key-down keyCode=45 flags=0x100 repeat=0 verdict=no-cache
2026-08-09 00:21:57.633 Df macos-dock-cc-v2[68904:10e732f] [com.caye.macosdockcc.v2:fullscreen-green-probe] [fullscreen-green-probe] t=471100.638251 key-down keyCode=34 flags=0x100 repeat=0 verdict=no-cache
2026-08-09 00:21:57.867 Df macos-dock-cc-v2[68904:10e732f] [com.caye.macosdockcc.v2:fullscreen-green-probe] [fullscreen-green-probe] t=471100.871853 key-down keyCode=14 flags=0x100 repeat=0 verdict=no-cache
2026-08-09 00:21:57.952 Df macos-dock-cc-v2[68904:10e732f] [com.caye.macosdockcc.v2:fullscreen-green-probe] [fullscreen-green-probe] t=471100.956759 key-down keyCode=45 flags=0x100 repeat=0 verdict=no-cache
2026-08-09 00:21:58.146 Df macos-dock-cc-v2[68904:10e732f] [com.caye.macosdockcc.v2:fullscreen-green-probe] [fullscreen-green-probe] t=471101.150772 key-down keyCode=45 flags=0x100 repeat=0 verdict=no-cache
2026-08-09 00:21:58.315 Df macos-dock-cc-v2[68904:10e732f] [com.caye.macosdockcc.v2:fullscreen-green-probe] [fullscreen-green-probe] t=471101.319463 key-down keyCode=5 flags=0x100 repeat=0 verdict=no-cache
2026-08-09 00:21:58.450 Df macos-dock-cc-v2[68904:10e732f] [com.caye.macosdockcc.v2:fullscreen-green-probe] [fullscreen-green-probe] t=471101.454732 key-down keyCode=11 flags=0x100 repeat=0 verdict=no-cache
2026-08-09 00:21:58.503 Df macos-dock-cc-v2[68904:10e732f] [com.caye.macosdockcc.v2:fullscreen-green-probe] [fullscreen-green-probe] t=471101.507734 key-down keyCode=0 flags=0x100 repeat=0 verdict=no-cache
2026-08-09 00:21:58.640 Df macos-dock-cc-v2[68904:10e732f] [com.caye.macosdockcc.v2:fullscreen-green-probe] [fullscreen-green-probe] t=471101.644861 key-down keyCode=45 flags=0x100 repeat=0 verdict=no-cache
2026-08-09 00:21:58.682 Df macos-dock-cc-v2[68904:10e732f] [com.caye.macosdockcc.v2:fullscreen-green-probe] [fullscreen-green-probe] t=471101.687177 key-down keyCode=5 flags=0x100 repeat=0 verdict=no-cache
2026-08-09 00:21:58.836 Df macos-dock-cc-v2[68904:10e732f] [com.caye.macosdockcc.v2:fullscreen-green-probe] [fullscreen-green-probe] t=471101.840664 key-down keyCode=13 flags=0x100 repeat=0 verdict=no-cache
2026-08-09 00:21:58.933 Df macos-dock-cc-v2[68904:10e732f] [com.caye.macosdockcc.v2:fullscreen-green-probe] [fullscreen-green-probe] t=471101.937888 key-down keyCode=31 flags=0x100 repeat=0 verdict=no-cache
2026-08-09 00:21:59.069 Df macos-dock-cc-v2[68904:10e732f] [com.caye.macosdockcc.v2:fullscreen-green-probe] [fullscreen-green-probe] t=471102.073488 key-down keyCode=49 flags=0x100 repeat=0 verdict=no-cache
2026-08-09 00:21:59.311 Df macos-dock-cc-v2[68904:10e732f] [com.caye.macosdockcc.v2:fullscreen-green-probe] [fullscreen-green-probe] t=471102.315691 key-down keyCode=5 flags=0x100 repeat=0 verdict=no-cache
2026-08-09 00:21:59.463 Df macos-dock-cc-v2[68904:10e732f] [com.caye.macosdockcc.v2:fullscreen-green-probe] [fullscreen-green-probe] t=471102.467514 key-down keyCode=14 flags=0x100 repeat=0 verdict=no-cache
2026-08-09 00:21:59.595 Df macos-dock-cc-v2[68904:10e732f] [com.caye.macosdockcc.v2:fullscreen-green-probe] [fullscreen-green-probe] t=471102.599701 key-down keyCode=45 flags=0x100 repeat=0 verdict=no-cache
2026-08-09 00:21:59.671 Df macos-dock-cc-v2[68904:10e732f] [com.caye.macosdockcc.v2:fullscreen-green-probe] [fullscreen-green-probe] t=471102.675565 key-down keyCode=5 flags=0x100 repeat=0 verdict=no-cache
2026-08-09 00:21:59.937 Df macos-dock-cc-v2[68904:10e732f] [com.caye.macosdockcc.v2:fullscreen-green-probe] [fullscreen-green-probe] t=471102.942303 key-down keyCode=7 flags=0x100 repeat=0 verdict=no-cache
2026-08-09 00:22:00.051 Df macos-dock-cc-v2[68904:10e732f] [com.caye.macosdockcc.v2:fullscreen-green-probe] [fullscreen-green-probe] t=471103.055820 key-down keyCode=34 flags=0x100 repeat=0 verdict=no-cache
2026-08-09 00:22:00.217 Df macos-dock-cc-v2[68904:10e732f] [com.caye.macosdockcc.v2:fullscreen-green-probe] [fullscreen-green-probe] t=471103.222138 key-down keyCode=45 flags=0x100 repeat=0 verdict=no-cache
2026-08-09 00:22:00.467 Df macos-dock-cc-v2[68904:10e732f] [com.caye.macosdockcc.v2:fullscreen-green-probe] [fullscreen-green-probe] t=471103.472027 key-down keyCode=16 flags=0x100 repeat=0 verdict=no-cache
2026-08-09 00:22:00.643 Df macos-dock-cc-v2[68904:10e732f] [com.caye.macosdockcc.v2:fullscreen-green-probe] [fullscreen-green-probe] t=471103.647674 key-down keyCode=34 flags=0x100 repeat=0 verdict=no-cache
2026-08-09 00:22:00.774 Df macos-dock-cc-v2[68904:10e732f] [com.caye.macosdockcc.v2:fullscreen-green-probe] [fullscreen-green-probe] t=471103.778552 key-down keyCode=7 flags=0x100 repeat=0 verdict=no-cache
2026-08-09 00:22:00.849 Df macos-dock-cc-v2[68904:10e732f] [com.caye.macosdockcc.v2:fullscreen-green-probe] [fullscreen-green-probe] t=471103.854070 key-down keyCode=34 flags=0x100 repeat=0 verdict=no-cache
2026-08-09 00:22:01.012 Df macos-dock-cc-v2[68904:10e732f] [com.caye.macosdockcc.v2:fullscreen-green-probe] [fullscreen-green-probe] t=471104.016865 key-down keyCode=0 flags=0x100 repeat=0 verdict=no-cache
2026-08-09 00:22:01.403 Df macos-dock-cc-v2[68904:10e732f] [com.caye.macosdockcc.v2:fullscreen-green-probe] [fullscreen-green-probe] t=471104.407630 key-down keyCode=49 flags=0x100 repeat=0 verdict=no-cache
2026-08-09 00:22:01.599 Df macos-dock-cc-v2[68904:10e732f] [com.caye.macosdockcc.v2:fullscreen-green-probe] [fullscreen-green-probe] t=471104.603651 key-down keyCode=46 flags=0x100 repeat=0 verdict=no-cache
2026-08-09 00:22:01.707 Df macos-dock-cc-v2[68904:10e732f] [com.caye.macosdockcc.v2:fullscreen-green-probe] [fullscreen-green-probe] t=471104.712168 key-down keyCode=0 flags=0x100 repeat=0 verdict=no-cache
2026-08-09 00:22:01.879 Df macos-dock-cc-v2[68904:10e732f] [com.caye.macosdockcc.v2:fullscreen-green-probe] [fullscreen-green-probe] t=471104.883441 key-down keyCode=49 flags=0x100 repeat=0 verdict=no-cache
2026-08-09 00:22:02.300 Df macos-dock-cc-v2[68904:10e732f] [com.caye.macosdockcc.v2:fullscreen-green-probe] [fullscreen-green-probe] t=471105.304569 key-down keyCode=44 flags=0x20104 repeat=0 verdict=no-cache
2026-08-09 00:22:02.794 Df macos-dock-cc-v2[68904:10e732f] [com.caye.macosdockcc.v2:fullscreen-green-probe] [fullscreen-green-probe] t=471105.798766 key-down keyCode=48 flags=0x100108 repeat=0 verdict=no-cache
2026-08-09 00:22:04.781 Df macos-dock-cc-v2[68904:10e732f] [com.caye.macosdockcc.v2:fullscreen-green-probe] [fullscreen-green-probe] t=471107.785495 mouse-down point=(1291.4,1163.8) flipped=(1291.4,276.2) flags=0x0 under=0 verdict=no-cache
2026-08-09 00:22:10.087 Df macos-dock-cc-v2[68904:10e732f] [com.caye.macosdockcc.v2:fullscreen-green-probe] [fullscreen-green-probe] t=471113.091752 mouse-down point=(1295.5,1214.7) flipped=(1295.5,225.3) flags=0x0 under=0 verdict=no-cache
2026-08-09 00:22:30.250 Df macos-dock-cc-v2[68904:10e732f] [com.caye.macosdockcc.v2:fullscreen-green-probe] [fullscreen-green-probe] t=471133.254593 mouse-down point=(1949.0,1939.8) flipped=(1949.0,-499.8) flags=0x0 under=0 verdict=no-cache
2026-08-09 00:22:30.976 Df macos-dock-cc-v2[68904:10e732f] [com.caye.macosdockcc.v2:fullscreen-green-probe] [fullscreen-green-probe] t=471133.980347 mouse-down point=(1909.7,1919.7) flipped=(1909.7,-479.7) flags=0x0 under=0 verdict=no-cache
2026-08-09 00:22:32.613 Df macos-dock-cc-v2[68904:10e732f] [com.caye.macosdockcc.v2:fullscreen-green-probe] [fullscreen-green-probe] t=471135.617739 mouse-down point=(1860.2,1104.2) flipped=(1860.2,335.8) flags=0x0 under=0 verdict=no-cache
2026-08-09 00:22:45.130 Df macos-dock-cc-v2[68904:10e732f] [com.caye.macosdockcc.v2:fullscreen-green-probe] [fullscreen-green-probe] t=471148.134501 mouse-down point=(820.2,1406.0) flipped=(820.2,34.0) flags=0x0 under=0 verdict=no-cache
2026-08-09 00:22:50.165 Df macos-dock-cc-v2[68904:10e732f] [com.caye.macosdockcc.v2:fullscreen-green-probe] [fullscreen-green-probe] t=471153.170294 mouse-down point=(1990.0,1040.7) flipped=(1990.0,399.3) flags=0x0 under=0 verdict=no-cache
2026-08-09 00:22:55.335 Df macos-dock-cc-v2[68904:10e732f] [com.caye.macosdockcc.v2:fullscreen-green-probe] [fullscreen-green-probe] t=471158.339484 mouse-down point=(1921.0,1084.2) flipped=(1921.0,355.8) flags=0x0 under=0 verdict=no-cache
2026-08-09 00:23:31.965 Df macos-dock-cc-v2[68904:10e732f] [com.caye.macosdockcc.v2:fullscreen-green-probe] [fullscreen-green-probe] t=471194.969614 mouse-down point=(1801.8,1078.6) flipped=(1801.8,361.4) flags=0x0 under=0 verdict=no-cache
2026-08-09 00:23:32.527 Df macos-dock-cc-v2[68904:10e732f] [com.caye.macosdockcc.v2:fullscreen-green-probe] [fullscreen-green-probe] t=471195.532145 mouse-down point=(1801.8,1078.6) flipped=(1801.8,361.4) flags=0x0 under=0 verdict=no-cache
2026-08-09 00:23:40.403 Df macos-dock-cc-v2[68904:10e732f] [com.caye.macosdockcc.v2:fullscreen-green-probe] [fullscreen-green-probe] t=471203.408213 mouse-down point=(1803.2,1063.2) flipped=(1803.2,376.8) flags=0x0 under=0 verdict=no-cache
2026-08-09 00:23:41.166 Df macos-dock-cc-v2[68904:10e732f] [com.caye.macosdockcc.v2:fullscreen-green-probe] [fullscreen-green-probe] t=471204.170446 mouse-down point=(1811.2,1037.8) flipped=(1811.2,402.2) flags=0x0 under=0 verdict=no-cache
2026-08-09 00:23:42.232 Df macos-dock-cc-v2[68904:10e732f] [com.caye.macosdockcc.v2:fullscreen-green-probe] [fullscreen-green-probe] t=471205.236569 mouse-down point=(1803.3,1063.4) flipped=(1803.3,376.6) flags=0x0 under=0 verdict=no-cache
2026-08-09 00:23:44.064 Df macos-dock-cc-v2[68904:10e732f] [com.caye.macosdockcc.v2:fullscreen-green-probe] [fullscreen-green-probe] t=471207.068734 mouse-down point=(1376.2,1407.9) flipped=(1376.2,32.1) flags=0x0 under=0 verdict=no-cache
2026-08-09 00:23:48.205 Df macos-dock-cc-v2[68904:10e732f] [com.caye.macosdockcc.v2:fullscreen-green-probe] [fullscreen-green-probe] t=471211.209879 mouse-down point=(1427.3,1407.6) flipped=(1427.3,32.4) flags=0x0 under=0 verdict=no-cache
2026-08-09 00:23:49.629 Df macos-dock-cc-v2[68904:10e732f] [com.caye.macosdockcc.v2:fullscreen-green-probe] [fullscreen-green-probe] t=471212.633412 mouse-down point=(1116.7,1406.6) flipped=(1116.7,33.4) flags=0x0 under=0 verdict=no-cache
2026-08-09 00:23:50.900 Df macos-dock-cc-v2[68904:10e732f] [com.caye.macosdockcc.v2:fullscreen-green-probe] [fullscreen-green-probe] t=471213.904574 mouse-down point=(1530.1,621.8) flipped=(1530.1,818.2) flags=0x0 under=0 verdict=no-cache
2026-08-09 00:23:52.451 Df macos-dock-cc-v2[68904:10e732f] [com.caye.macosdockcc.v2:fullscreen-green-probe] [fullscreen-green-probe] t=471215.455476 key-down keyCode=6 flags=0x100 repeat=0 verdict=no-cache
2026-08-09 00:23:52.583 Df macos-dock-cc-v2[68904:10e732f] [com.caye.macosdockcc.v2:fullscreen-green-probe] [fullscreen-green-probe] t=471215.588136 key-down keyCode=4 flags=0x100 repeat=0 verdict=no-cache
2026-08-09 00:23:52.636 Df macos-dock-cc-v2[68904:10e732f] [com.caye.macosdockcc.v2:fullscreen-green-probe] [fullscreen-green-probe] t=471215.640983 key-down keyCode=34 flags=0x100 repeat=0 verdict=no-cache
2026-08-09 00:23:52.850 Df macos-dock-cc-v2[68904:10e732f] [com.caye.macosdockcc.v2:fullscreen-green-probe] [fullscreen-green-probe] t=471215.855026 key-down keyCode=6 flags=0x100 repeat=0 verdict=no-cache
2026-08-09 00:23:52.955 Df macos-dock-cc-v2[68904:10e732f] [com.caye.macosdockcc.v2:fullscreen-green-probe] [fullscreen-green-probe] t=471215.960069 key-down keyCode=32 flags=0x100 repeat=0 verdict=no-cache
2026-08-09 00:23:53.049 Df macos-dock-cc-v2[68904:10e732f] [com.caye.macosdockcc.v2:fullscreen-green-probe] [fullscreen-green-probe] t=471216.053555 key-down keyCode=31 flags=0x100 repeat=0 verdict=no-cache
2026-08-09 00:23:53.867 Df macos-dock-cc-v2[68904:10e732f] [com.caye.macosdockcc.v2:fullscreen-green-probe] [fullscreen-green-probe] t=471216.872236 key-down keyCode=19 flags=0x100 repeat=0 verdict=no-cache
2026-08-09 00:23:55.083 Df macos-dock-cc-v2[68904:10e732f] [com.caye.macosdockcc.v2:fullscreen-green-probe] [fullscreen-green-probe] t=471218.088279 key-down keyCode=51 flags=0x100 repeat=0 verdict=no-cache
2026-08-09 00:23:55.237 Df macos-dock-cc-v2[68904:10e732f] [com.caye.macosdockcc.v2:fullscreen-green-probe] [fullscreen-green-probe] t=471218.241425 key-down keyCode=51 flags=0x100 repeat=0 verdict=no-cache
2026-08-09 00:23:55.584 Df macos-dock-cc-v2[68904:10e732f] [com.caye.macosdockcc.v2:fullscreen-green-probe] [fullscreen-green-probe] t=471218.589029 key-down keyCode=12 flags=0x100 repeat=0 verdict=no-cache
2026-08-09 00:23:55.784 Df macos-dock-cc-v2[68904:10e732f] [com.caye.macosdockcc.v2:fullscreen-green-probe] [fullscreen-green-probe] t=471218.788888 key-down keyCode=34 flags=0x100 repeat=0 verdict=no-cache
2026-08-09 00:23:56.051 Df macos-dock-cc-v2[68904:10e732f] [com.caye.macosdockcc.v2:fullscreen-green-probe] [fullscreen-green-probe] t=471219.056147 key-down keyCode=17 flags=0x100 repeat=0 verdict=no-cache
2026-08-09 00:23:56.301 Df macos-dock-cc-v2[68904:10e732f] [com.caye.macosdockcc.v2:fullscreen-green-probe] [fullscreen-green-probe] t=471219.306206 key-down keyCode=0 flags=0x100 repeat=0 verdict=no-cache
2026-08-09 00:23:56.568 Df macos-dock-cc-v2[68904:10e732f] [com.caye.macosdockcc.v2:fullscreen-green-probe] [fullscreen-green-probe] t=471219.572869 key-down keyCode=11 flags=0x100 repeat=0 verdict=no-cache
2026-08-09 00:23:56.701 Df macos-dock-cc-v2[68904:10e732f] [com.caye.macosdockcc.v2:fullscreen-green-probe] [fullscreen-green-probe] t=471219.705395 key-down keyCode=32 flags=0x100 repeat=0 verdict=no-cache
2026-08-09 00:23:56.867 Df macos-dock-cc-v2[68904:10e732f] [com.caye.macosdockcc.v2:fullscreen-green-probe] [fullscreen-green-probe] t=471219.871536 key-down keyCode=16 flags=0x100 repeat=0 verdict=no-cache
2026-08-09 00:23:56.951 Df macos-dock-cc-v2[68904:10e732f] [com.caye.macosdockcc.v2:fullscreen-green-probe] [fullscreen-green-probe] t=471219.955703 key-down keyCode=0 flags=0x100 repeat=0 verdict=no-cache
2026-08-09 00:23:57.101 Df macos-dock-cc-v2[68904:10e732f] [com.caye.macosdockcc.v2:fullscreen-green-probe] [fullscreen-green-probe] t=471220.105480 key-down keyCode=31 flags=0x100 repeat=0 verdict=no-cache
2026-08-09 00:23:57.335 Df macos-dock-cc-v2[68904:10e732f] [com.caye.macosdockcc.v2:fullscreen-green-probe] [fullscreen-green-probe] t=471220.340124 key-down keyCode=2 flags=0x100 repeat=0 verdict=no-cache
2026-08-09 00:23:57.421 Df macos-dock-cc-v2[68904:10e732f] [com.caye.macosdockcc.v2:fullscreen-green-probe] [fullscreen-green-probe] t=471220.425384 key-down keyCode=31 flags=0x100 repeat=0 verdict=no-cache
2026-08-09 00:23:57.652 Df macos-dock-cc-v2[68904:10e732f] [com.caye.macosdockcc.v2:fullscreen-green-probe] [fullscreen-green-probe] t=471220.656932 key-down keyCode=45 flags=0x100 repeat=0 verdict=no-cache
2026-08-09 00:23:57.756 Df macos-dock-cc-v2[68904:10e732f] [com.caye.macosdockcc.v2:fullscreen-green-probe] [fullscreen-green-probe] t=471220.761024 key-down keyCode=5 flags=0x100 repeat=0 verdict=no-cache
2026-08-09 00:23:58.337 Df macos-dock-cc-v2[68904:10e732f] [com.caye.macosdockcc.v2:fullscreen-green-probe] [fullscreen-green-probe] t=471221.341950 key-down keyCode=49 flags=0x100 repeat=0 verdict=no-cache
2026-08-09 00:24:00.136 Df macos-dock-cc-v2[68904:10e732f] [com.caye.macosdockcc.v2:fullscreen-green-probe] [fullscreen-green-probe] t=471223.140465 mouse-down point=(1710.1,695.3) flipped=(1710.1,744.7) flags=0x0 under=0 verdict=no-cache
2026-08-09 00:24:05.655 Df macos-dock-cc-v2[68904:10e732f] [com.caye.macosdockcc.v2:fullscreen-green-probe] [fullscreen-green-probe] t=471228.659423 mouse-down point=(1576.9,898.3) flipped=(1576.9,541.7) flags=0x0 under=0 verdict=no-cache
2026-08-09 00:24:06.373 Df macos-dock-cc-v2[68904:10e732f] [com.caye.macosdockcc.v2:fullscreen-green-probe] [fullscreen-green-probe] t=471229.377488 mouse-down point=(1635.3,628.3) flipped=(1635.3,811.7) flags=0x0 under=0 verdict=no-cache
2026-08-09 00:24:07.758 Df macos-dock-cc-v2[68904:10e732f] [com.caye.macosdockcc.v2:fullscreen-green-probe] [fullscreen-green-probe] t=471230.762910 key-down keyCode=47 flags=0x100 repeat=0 verdict=no-cache
2026-08-09 00:24:10.005 Df macos-dock-cc-v2[68904:10e732f] [com.caye.macosdockcc.v2:fullscreen-green-probe] [fullscreen-green-probe] t=471233.009762 mouse-down point=(1802.7,1413.6) flipped=(1802.7,26.4) flags=0x0 under=0 verdict=no-cache
2026-08-09 00:24:11.307 Df macos-dock-cc-v2[68904:10e732f] [com.caye.macosdockcc.v2:fullscreen-green-probe] [fullscreen-green-probe] t=471234.312025 mouse-down point=(1542.9,322.7) flipped=(1542.9,1117.3) flags=0x0 under=0 verdict=no-cache
2026-08-09 00:24:13.389 Df macos-dock-cc-v2[68904:10e732f] [com.caye.macosdockcc.v2:fullscreen-green-probe] [fullscreen-green-probe] t=471236.394045 mouse-down point=(1952.8,844.7) flipped=(1952.8,595.3) flags=0x0 under=0 verdict=no-cache
2026-08-09 00:24:13.990 Df macos-dock-cc-v2[68904:10e732f] [com.caye.macosdockcc.v2:fullscreen-green-probe] [fullscreen-green-probe] t=471236.994787 mouse-down point=(1756.1,877.0) flipped=(1756.1,563.0) flags=0x0 under=0 verdict=no-cache
2026-08-09 00:24:14.541 Df macos-dock-cc-v2[68904:10e732f] [com.caye.macosdockcc.v2:fullscreen-green-probe] [fullscreen-green-probe] t=471237.546065 mouse-down point=(1747.6,651.2) flipped=(1747.6,788.8) flags=0x0 under=0 verdict=no-cache
2026-08-09 00:24:14.909 Df macos-dock-cc-v2[68904:10e732f] [com.caye.macosdockcc.v2:fullscreen-green-probe] [fullscreen-green-probe] t=471237.913862 key-down keyCode=9 flags=0x100108 repeat=0 verdict=no-cache
2026-08-09 00:24:16.290 Df macos-dock-cc-v2[68904:10e732f] [com.caye.macosdockcc.v2:fullscreen-green-probe] [fullscreen-green-probe] t=471239.294855 mouse-down point=(1841.0,695.4) flipped=(1841.0,744.6) flags=0x0 under=0 verdict=no-cache
2026-08-09 00:25:07.054 Df macos-dock-cc-v2[68904:10e732f] [com.caye.macosdockcc.v2:fullscreen-green-probe] [fullscreen-green-probe] t=471290.058566 mouse-down point=(1180.8,765.1) flipped=(1180.8,674.9) flags=0x0 under=0 verdict=no-cache
2026-08-09 00:25:08.493 Df macos-dock-cc-v2[68904:10e732f] [com.caye.macosdockcc.v2:fullscreen-green-probe] [fullscreen-green-probe] t=471291.497592 mouse-down point=(993.9,821.2) flipped=(993.9,618.8) flags=0x0 under=0 verdict=no-cache
2026-08-09 00:26:04.672 Df macos-dock-cc-v2[68904:10e732f] [com.caye.macosdockcc.v2:fullscreen-green-probe] [fullscreen-green-probe] t=471347.676839 mouse-down point=(1376.0,1394.4) flipped=(1376.0,45.6) flags=0x0 under=0 verdict=no-cache
2026-08-09 00:26:15.421 Df macos-dock-cc-v2[68904:10e732f] [com.caye.macosdockcc.v2:fullscreen-green-probe] [fullscreen-green-probe] t=471358.426068 mouse-down point=(316.7,51.9) flipped=(316.7,1388.1) flags=0x0 under=0 verdict=no-cache
2026-08-09 00:26:17.893 Df macos-dock-cc-v2[68904:10e732f] [com.caye.macosdockcc.v2:fullscreen-green-probe] [fullscreen-green-probe] t=471360.897753 mouse-down point=(303.7,57.0) flipped=(303.7,1383.0) flags=0x0 under=0 verdict=no-cache
2026-08-09 00:26:36.523 Df macos-dock-cc-v2[68904:10e732f] [com.caye.macosdockcc.v2:fullscreen-green-probe] [fullscreen-green-probe] t=471379.527763 mouse-down point=(1333.3,1402.8) flipped=(1333.3,37.2) flags=0x0 under=0 verdict=no-cache
2026-08-09 00:26:38.085 Df macos-dock-cc-v2[68904:10e732f] [com.caye.macosdockcc.v2:fullscreen-green-probe] [fullscreen-green-probe] t=471381.089382 mouse-down point=(1550.3,1028.0) flipped=(1550.3,412.0) flags=0x0 under=0 verdict=no-cache
2026-08-09 00:26:38.799 Df macos-dock-cc-v2[68904:10e732f] [com.caye.macosdockcc.v2:fullscreen-green-probe] [fullscreen-green-probe] t=471381.803777 mouse-down point=(1579.9,1019.3) flipped=(1579.9,420.7) flags=0x0 under=0 verdict=no-cache
2026-08-09 00:26:39.237 Df macos-dock-cc-v2[68904:10e732f] [com.caye.macosdockcc.v2:fullscreen-green-probe] [fullscreen-green-probe] t=471382.241393 mouse-down point=(1545.9,1020.3) flipped=(1545.9,419.7) flags=0x0 under=0 verdict=no-cache
2026-08-09 00:26:41.125 Df macos-dock-cc-v2[68904:10e732f] [com.caye.macosdockcc.v2:fullscreen-green-probe] [fullscreen-green-probe] t=471384.129504 mouse-down point=(2078.6,320.7) flipped=(2078.6,1119.3) flags=0x0 under=0 verdict=no-cache
2026-08-09 00:26:42.300 Df macos-dock-cc-v2[68904:10e732f] [com.caye.macosdockcc.v2:fullscreen-green-probe] [fullscreen-green-probe] t=471385.305238 mouse-down point=(581.1,322.1) flipped=(581.1,1117.9) flags=0x0 under=0 verdict=no-cache
2026-08-09 00:26:43.093 Df macos-dock-cc-v2[68904:10e732f] [com.caye.macosdockcc.v2:fullscreen-green-probe] [fullscreen-green-probe] t=471386.097556 mouse-down point=(781.8,316.0) flipped=(781.8,1124.0) flags=0x0 under=0 verdict=no-cache
2026-08-09 00:26:44.200 Df macos-dock-cc-v2[68904:10e732f] [com.caye.macosdockcc.v2:fullscreen-green-probe] [fullscreen-green-probe] t=471387.205027 mouse-down point=(1118.2,321.1) flipped=(1118.2,1118.9) flags=0x0 under=0 verdict=no-cache
2026-08-09 00:26:45.084 Df macos-dock-cc-v2[68904:10e732f] [com.caye.macosdockcc.v2:fullscreen-green-probe] [fullscreen-green-probe] t=471388.089306 mouse-down point=(1420.5,317.1) flipped=(1420.5,1122.9) flags=0x0 under=0 verdict=no-cache
2026-08-09 00:26:46.261 Df macos-dock-cc-v2[68904:10e732f] [com.caye.macosdockcc.v2:fullscreen-green-probe] [fullscreen-green-probe] t=471389.265389 mouse-down point=(1712.7,312.5) flipped=(1712.7,1127.5) flags=0x0 under=0 verdict=no-cache
2026-08-09 00:26:47.605 Df macos-dock-cc-v2[68904:10e732f] [com.caye.macosdockcc.v2:fullscreen-green-probe] [fullscreen-green-probe] t=471390.609492 mouse-down point=(2035.6,313.1) flipped=(2035.6,1126.9) flags=0x0 under=0 verdict=no-cache
2026-08-09 00:26:48.833 Df macos-dock-cc-v2[68904:10e732f] [com.caye.macosdockcc.v2:fullscreen-green-probe] [fullscreen-green-probe] t=471391.838053 mouse-down point=(908.8,315.1) flipped=(908.8,1124.9) flags=0x0 under=0 verdict=no-cache
2026-08-09 00:26:49.941 Df macos-dock-cc-v2[68904:10e732f] [com.caye.macosdockcc.v2:fullscreen-green-probe] [fullscreen-green-probe] t=471392.945561 mouse-down point=(1399.7,790.7) flipped=(1399.7,649.3) flags=0x0 under=0 verdict=no-cache
2026-08-09 00:26:50.437 Df macos-dock-cc-v2[68904:10e732f] [com.caye.macosdockcc.v2:fullscreen-green-probe] [fullscreen-green-probe] t=471393.441523 mouse-down point=(1515.8,794.5) flipped=(1515.8,645.5) flags=0x0 under=0 verdict=no-cache
2026-08-09 00:26:51.349 Df macos-dock-cc-v2[68904:10e732f] [com.caye.macosdockcc.v2:fullscreen-green-probe] [fullscreen-green-probe] t=471394.353520 mouse-down point=(1628.8,799.3) flipped=(1628.8,640.7) flags=0x0 under=0 verdict=no-cache
2026-08-09 00:26:52.684 Df macos-dock-cc-v2[68904:10e732f] [com.caye.macosdockcc.v2:fullscreen-green-probe] [fullscreen-green-probe] t=471395.689299 mouse-down point=(1134.7,332.3) flipped=(1134.7,1107.7) flags=0x0 under=0 verdict=no-cache
2026-08-09 00:26:53.004 Df macos-dock-cc-v2[68904:10e732f] [com.caye.macosdockcc.v2:fullscreen-green-probe] [fullscreen-green-probe] t=471396.009247 mouse-down point=(1133.5,316.8) flipped=(1133.5,1123.2) flags=0x0 under=0 verdict=no-cache
2026-08-09 00:26:53.693 Df macos-dock-cc-v2[68904:10e732f] [com.caye.macosdockcc.v2:fullscreen-green-probe] [fullscreen-green-probe] t=471396.697564 mouse-down point=(1345.0,817.1) flipped=(1345.0,622.9) flags=0x0 under=0 verdict=no-cache
2026-08-09 00:26:54.869 Df macos-dock-cc-v2[68904:10e732f] [com.caye.macosdockcc.v2:fullscreen-green-probe] [fullscreen-green-probe] t=471397.873371 mouse-down point=(1446.9,859.5) flipped=(1446.9,580.5) flags=0x0 under=0 verdict=no-cache
2026-08-09 00:26:55.397 Df macos-dock-cc-v2[68904:10e732f] [com.caye.macosdockcc.v2:fullscreen-green-probe] [fullscreen-green-probe] t=471398.401451 mouse-down point=(2458.7,845.5) flipped=(2458.7,594.5) flags=0x0 under=0 verdict=no-cache
2026-08-09 00:27:02.317 Df macos-dock-cc-v2[68904:10e732f] [com.caye.macosdockcc.v2:fullscreen-green-probe] [fullscreen-green-probe] t=471405.321373 mouse-down point=(1423.0,1408.4) flipped=(1423.0,31.6) flags=0x0 under=0 verdict=no-cache
2026-08-09 00:27:04.368 Df macos-dock-cc-v2[68904:10e732f] [com.caye.macosdockcc.v2:fullscreen-green-probe] [fullscreen-green-probe] t=471407.373275 mouse-down point=(1477.7,1054.8) flipped=(1477.7,385.2) flags=0x0 under=0 verdict=no-cache
2026-08-09 00:27:05.013 Df macos-dock-cc-v2[68904:10e732f] [com.caye.macosdockcc.v2:fullscreen-green-probe] [fullscreen-green-probe] t=471408.017601 mouse-down point=(1466.8,1076.6) flipped=(1466.8,363.4) flags=0x0 under=0 verdict=no-cache
2026-08-09 00:27:07.325 Df macos-dock-cc-v2[68904:10e732f] [com.caye.macosdockcc.v2:fullscreen-green-probe] [fullscreen-green-probe] t=471410.329951 mouse-down point=(1391.4,1136.6) flipped=(1391.4,303.4) flags=0x0 under=0 verdict=no-cache
2026-08-09 00:27:08.613 Df macos-dock-cc-v2[68904:10e732f] [com.caye.macosdockcc.v2:fullscreen-green-probe] [fullscreen-green-probe] t=471411.617640 mouse-down point=(1523.3,978.5) flipped=(1523.3,461.5) flags=0x0 under=0 verdict=no-cache
2026-08-09 00:27:09.996 Df macos-dock-cc-v2[68904:10e732f] [com.caye.macosdockcc.v2:fullscreen-green-probe] [fullscreen-green-probe] t=471413.001258 mouse-down point=(1320.3,1410.7) flipped=(1320.3,29.3) flags=0x0 under=0 verdict=no-cache
2026-08-09 00:27:10.957 Df macos-dock-cc-v2[68904:10e732f] [com.caye.macosdockcc.v2:fullscreen-green-probe] [fullscreen-green-probe] t=471413.961426 mouse-down point=(1036.4,1108.4) flipped=(1036.4,331.6) flags=0x0 under=0 verdict=no-cache
2026-08-09 00:27:12.295 Df macos-dock-cc-v2[68904:10e732f] [com.caye.macosdockcc.v2:fullscreen-green-probe] [fullscreen-green-probe] t=471415.300104 key-down keyCode=11 flags=0x100 repeat=0 verdict=no-cache
2026-08-09 00:27:12.298 Df macos-dock-cc-v2[68904:10e732f] [com.caye.macosdockcc.v2:fullscreen-green-probe] [fullscreen-green-probe] t=471415.303045 key-down keyCode=0 flags=0x100 repeat=0 verdict=no-cache
2026-08-09 00:27:12.479 Df macos-dock-cc-v2[68904:10e732f] [com.caye.macosdockcc.v2:fullscreen-green-probe] [fullscreen-green-probe] t=471415.483423 key-down keyCode=45 flags=0x100 repeat=0 verdict=no-cache
2026-08-09 00:27:12.574 Df macos-dock-cc-v2[68904:10e732f] [com.caye.macosdockcc.v2:fullscreen-green-probe] [fullscreen-green-probe] t=471415.578820 key-down keyCode=5 flags=0x100 repeat=0 verdict=no-cache
2026-08-09 00:27:12.741 Df macos-dock-cc-v2[68904:10e732f] [com.caye.macosdockcc.v2:fullscreen-green-probe] [fullscreen-green-probe] t=471415.746263 key-down keyCode=13 flags=0x100 repeat=0 verdict=no-cache
2026-08-09 00:27:12.834 Df macos-dock-cc-v2[68904:10e732f] [com.caye.macosdockcc.v2:fullscreen-green-probe] [fullscreen-green-probe] t=471415.838381 key-down keyCode=31 flags=0x100 repeat=0 verdict=no-cache
2026-08-09 00:27:13.076 Df macos-dock-cc-v2[68904:10e732f] [com.caye.macosdockcc.v2:fullscreen-green-probe] [fullscreen-green-probe] t=471416.080436 key-down keyCode=49 flags=0x100 repeat=0 verdict=no-cache
2026-08-09 00:27:13.482 Df macos-dock-cc-v2[68904:10e732f] [com.caye.macosdockcc.v2:fullscreen-green-probe] [fullscreen-green-probe] t=471416.486981 key-down keyCode=15 flags=0x100 repeat=0 verdict=no-cache
2026-08-09 00:27:13.688 Df macos-dock-cc-v2[68904:10e732f] [com.caye.macosdockcc.v2:fullscreen-green-probe] [fullscreen-green-probe] t=471416.692474 key-down keyCode=14 flags=0x100 repeat=0 verdict=no-cache
2026-08-09 00:27:13.946 Df macos-dock-cc-v2[68904:10e732f] [com.caye.macosdockcc.v2:fullscreen-green-probe] [fullscreen-green-probe] t=471416.950719 key-down keyCode=9 flags=0x100 repeat=0 verdict=no-cache
2026-08-09 00:27:14.482 Df macos-dock-cc-v2[68904:10e732f] [com.caye.macosdockcc.v2:fullscreen-green-probe] [fullscreen-green-probe] t=471417.486937 key-down keyCode=49 flags=0x100 repeat=0 verdict=no-cache
2026-08-09 00:27:14.715 Df macos-dock-cc-v2[68904:10e732f] [com.caye.macosdockcc.v2:fullscreen-green-probe] [fullscreen-green-probe] t=471417.719608 key-down keyCode=6 flags=0x100 repeat=0 verdict=no-cache
2026-08-09 00:27:14.896 Df macos-dock-cc-v2[68904:10e732f] [com.caye.macosdockcc.v2:fullscreen-green-probe] [fullscreen-green-probe] t=471417.900608 key-down keyCode=4 flags=0x100 repeat=0 verdict=no-cache
2026-08-09 00:27:15.013 Df macos-dock-cc-v2[68904:10e732f] [com.caye.macosdockcc.v2:fullscreen-green-probe] [fullscreen-green-probe] t=471418.018219 key-down keyCode=14 flags=0x100 repeat=0 verdict=no-cache
2026-08-09 00:27:15.158 Df macos-dock-cc-v2[68904:10e732f] [com.caye.macosdockcc.v2:fullscreen-green-probe] [fullscreen-green-probe] t=471418.163263 key-down keyCode=5 flags=0x100 repeat=0 verdict=no-cache
2026-08-09 00:27:15.249 Df macos-dock-cc-v2[68904:10e732f] [com.caye.macosdockcc.v2:fullscreen-green-probe] [fullscreen-green-probe] t=471418.254280 key-down keyCode=14 flags=0x100 repeat=0 verdict=no-cache
2026-08-09 00:27:15.534 Df macos-dock-cc-v2[68904:10e732f] [com.caye.macosdockcc.v2:fullscreen-green-probe] [fullscreen-green-probe] t=471418.539225 key-down keyCode=38 flags=0x100 repeat=0 verdict=no-cache
2026-08-09 00:27:15.579 Df macos-dock-cc-v2[68904:10e732f] [com.caye.macosdockcc.v2:fullscreen-green-probe] [fullscreen-green-probe] t=471418.584233 key-down keyCode=34 flags=0x100 repeat=0 verdict=no-cache
2026-08-09 00:27:15.801 Df macos-dock-cc-v2[68904:10e732f] [com.caye.macosdockcc.v2:fullscreen-green-probe] [fullscreen-green-probe] t=471418.805375 key-down keyCode=4 flags=0x100 repeat=0 verdict=no-cache
2026-08-09 00:27:15.888 Df macos-dock-cc-v2[68904:10e732f] [com.caye.macosdockcc.v2:fullscreen-green-probe] [fullscreen-green-probe] t=471418.893186 key-down keyCode=32 flags=0x100 repeat=0 verdict=no-cache
2026-08-09 00:27:15.976 Df macos-dock-cc-v2[68904:10e732f] [com.caye.macosdockcc.v2:fullscreen-green-probe] [fullscreen-green-probe] t=471418.981059 key-down keyCode=0 flags=0x100 repeat=0 verdict=no-cache
2026-08-09 00:27:16.246 Df macos-dock-cc-v2[68904:10e732f] [com.caye.macosdockcc.v2:fullscreen-green-probe] [fullscreen-green-probe] t=471419.251226 key-down keyCode=49 flags=0x100 repeat=0 verdict=no-cache
2026-08-09 00:27:17.015 Df macos-dock-cc-v2[68904:10e732f] [com.caye.macosdockcc.v2:fullscreen-green-probe] [fullscreen-green-probe] t=471420.019796 key-down keyCode=41 flags=0x20102 repeat=0 verdict=no-cache
2026-08-09 00:27:17.948 Df macos-dock-cc-v2[68904:10e732f] [com.caye.macosdockcc.v2:fullscreen-green-probe] [fullscreen-green-probe] t=471420.952761 key-down keyCode=9 flags=0x100108 repeat=0 verdict=no-cache
2026-08-09 00:27:20.030 Df macos-dock-cc-v2[68904:10e732f] [com.caye.macosdockcc.v2:fullscreen-green-probe] [fullscreen-green-probe] t=471423.034501 key-down keyCode=48 flags=0x20102 repeat=0 verdict=no-cache
2026-08-09 00:27:20.691 Df macos-dock-cc-v2[68904:10e732f] [com.caye.macosdockcc.v2:fullscreen-green-probe] [fullscreen-green-probe] t=471423.695670 key-down keyCode=48 flags=0x20102 repeat=0 verdict=no-cache
2026-08-09 00:27:21.109 Df macos-dock-cc-v2[68904:10e732f] [com.caye.macosdockcc.v2:fullscreen-green-probe] [fullscreen-green-probe] t=471424.114261 key-down keyCode=48 flags=0x20102 repeat=0 verdict=no-cache
2026-08-09 00:27:21.606 Df macos-dock-cc-v2[68904:10e732f] [com.caye.macosdockcc.v2:fullscreen-green-probe] [fullscreen-green-probe] t=471424.610365 key-down keyCode=48 flags=0x20102 repeat=0 verdict=no-cache
2026-08-09 00:27:23.365 Df macos-dock-cc-v2[68904:10e732f] [com.caye.macosdockcc.v2:fullscreen-green-probe] [fullscreen-green-probe] t=471426.370160 key-down keyCode=48 flags=0x20102 repeat=0 verdict=no-cache
2026-08-09 00:27:23.890 Df macos-dock-cc-v2[68904:10e732f] [com.caye.macosdockcc.v2:fullscreen-green-probe] [fullscreen-green-probe] t=471426.895065 key-down keyCode=48 flags=0x20102 repeat=0 verdict=no-cache
2026-08-09 00:27:24.414 Df macos-dock-cc-v2[68904:10e732f] [com.caye.macosdockcc.v2:fullscreen-green-probe] [fullscreen-green-probe] t=471427.418365 key-down keyCode=48 flags=0x20102 repeat=0 verdict=no-cache
2026-08-09 00:27:26.813 Df macos-dock-cc-v2[68904:10e732f] [com.caye.macosdockcc.v2:fullscreen-green-probe] [fullscreen-green-probe] t=471429.817457 mouse-down point=(480.3,1162.6) flipped=(480.3,277.4) flags=0x0 under=0 verdict=no-cache
2026-08-09 00:27:28.520 Df macos-dock-cc-v2[68904:10e732f] [com.caye.macosdockcc.v2:fullscreen-green-probe] [fullscreen-green-probe] t=471431.524984 key-down keyCode=2 flags=0x80120 repeat=0 verdict=no-cache
2026-08-09 00:27:28.974 Df macos-dock-cc-v2[68904:10e732f] [com.caye.macosdockcc.v2:fullscreen-green-probe] [fullscreen-green-probe] t=471431.979062 key-down keyCode=8 flags=0x20100000 repeat=0 verdict=no-cache
2026-08-09 00:27:30.468 Df macos-dock-cc-v2[68904:10e732f] [com.caye.macosdockcc.v2:fullscreen-green-probe] [fullscreen-green-probe] t=471433.473318 mouse-down point=(1005.6,1133.2) flipped=(1005.6,306.8) flags=0x0 under=0 verdict=no-cache
2026-08-09 00:27:30.833 Df macos-dock-cc-v2[68904:10e732f] [com.caye.macosdockcc.v2:fullscreen-green-probe] [fullscreen-green-probe] t=471433.837655 key-down keyCode=0 flags=0x100108 repeat=0 verdict=no-cache
2026-08-09 00:27:31.537 Df macos-dock-cc-v2[68904:10e732f] [com.caye.macosdockcc.v2:fullscreen-green-probe] [fullscreen-green-probe] t=471434.542262 key-down keyCode=9 flags=0x100108 repeat=0 verdict=no-cache
2026-08-09 00:27:34.035 Df macos-dock-cc-v2[68904:10e732f] [com.caye.macosdockcc.v2:fullscreen-green-probe] [fullscreen-green-probe] t=471437.039947 key-down keyCode=36 flags=0x100 repeat=0 verdict=no-cache
2026-08-09 00:27:38.499 Df macos-dock-cc-v2[68904:10e732f] [com.caye.macosdockcc.v2:fullscreen-green-probe] [fullscreen-green-probe] t=471441.504156 mouse-down point=(726.2,999.5) flipped=(726.2,440.5) flags=0x0 under=0 verdict=no-cache
2026-08-09 00:27:40.406 Df macos-dock-cc-v2[68904:10e732f] [com.caye.macosdockcc.v2:fullscreen-green-probe] [fullscreen-green-probe] t=471443.410371 key-down keyCode=48 flags=0x20102 repeat=0 verdict=no-cache
2026-08-09 00:27:42.391 Df macos-dock-cc-v2[68904:10e732f] [com.caye.macosdockcc.v2:fullscreen-green-probe] [fullscreen-green-probe] t=471445.395622 key-down keyCode=1 flags=0x80120 repeat=0 verdict=no-cache
2026-08-09 00:27:43.733 Df macos-dock-cc-v2[68904:10e732f] [com.caye.macosdockcc.v2:fullscreen-green-probe] [fullscreen-green-probe] t=471446.737488 mouse-down point=(362.7,1153.6) flipped=(362.7,286.4) flags=0x0 under=0 verdict=no-cache
2026-08-09 00:27:46.638 Df macos-dock-cc-v2[68904:10e732f] [com.caye.macosdockcc.v2:fullscreen-green-probe] [fullscreen-green-probe] t=471449.642943 mouse-down point=(923.6,1160.2) flipped=(923.6,279.8) flags=0x0 under=0 verdict=no-cache
2026-08-09 00:27:47.875 Df macos-dock-cc-v2[68904:10e732f] [com.caye.macosdockcc.v2:fullscreen-green-probe] [fullscreen-green-probe] t=471450.880160 key-down keyCode=48 flags=0x20102 repeat=0 verdict=no-cache
2026-08-09 00:27:49.204 Df macos-dock-cc-v2[68904:10e732f] [com.caye.macosdockcc.v2:fullscreen-green-probe] [fullscreen-green-probe] t=471452.209237 key-down keyCode=48 flags=0x20102 repeat=0 verdict=no-cache
2026-08-09 00:27:49.850 Df macos-dock-cc-v2[68904:10e732f] [com.caye.macosdockcc.v2:fullscreen-green-probe] [fullscreen-green-probe] t=471452.854645 key-down keyCode=48 flags=0x20102 repeat=0 verdict=no-cache
2026-08-09 00:27:52.722 Df macos-dock-cc-v2[68904:10e732f] [com.caye.macosdockcc.v2:fullscreen-green-probe] [fullscreen-green-probe] t=471455.727034 key-down keyCode=1 flags=0x40101 repeat=0 verdict=no-cache
2026-08-09 00:27:54.899 Df macos-dock-cc-v2[68904:10e732f] [com.caye.macosdockcc.v2:fullscreen-green-probe] [fullscreen-green-probe] t=471457.903556 key-down keyCode=6 flags=0x100108 repeat=0 verdict=no-cache
2026-08-09 00:27:55.580 Df macos-dock-cc-v2[68904:10e732f] [com.caye.macosdockcc.v2:fullscreen-green-probe] [fullscreen-green-probe] t=471458.585288 mouse-down point=(445.2,1110.9) flipped=(445.2,329.1) flags=0x0 under=0 verdict=no-cache
2026-08-09 00:27:56.643 Df macos-dock-cc-v2[68904:10e732f] [com.caye.macosdockcc.v2:fullscreen-green-probe] [fullscreen-green-probe] t=471459.647849 key-down keyCode=126 flags=0xa00100 repeat=0 verdict=no-cache
2026-08-09 00:27:57.278 Df macos-dock-cc-v2[68904:10e732f] [com.caye.macosdockcc.v2:fullscreen-green-probe] [fullscreen-green-probe] t=471460.282550 key-down keyCode=125 flags=0xa00100 repeat=0 verdict=no-cache
2026-08-09 00:27:57.577 Df macos-dock-cc-v2[68904:10e732f] [com.caye.macosdockcc.v2:fullscreen-green-probe] [fullscreen-green-probe] t=471460.581387 key-down keyCode=125 flags=0xa00100 repeat=0 verdict=no-cache
2026-08-09 00:27:59.899 Df macos-dock-cc-v2[68904:10e732f] [com.caye.macosdockcc.v2:fullscreen-green-probe] [fullscreen-green-probe] t=471462.904214 key-down keyCode=1 flags=0x80120 repeat=0 verdict=no-cache
2026-08-09 00:28:00.629 Df macos-dock-cc-v2[68904:10e732f] [com.caye.macosdockcc.v2:fullscreen-green-probe] [fullscreen-green-probe] t=471463.633773 mouse-down point=(367.7,1154.6) flipped=(367.7,285.4) flags=0x0 under=0 verdict=no-cache
2026-08-09 00:28:04.069 Df macos-dock-cc-v2[68904:10e732f] [com.caye.macosdockcc.v2:fullscreen-green-probe] [fullscreen-green-probe] t=471467.073725 mouse-down point=(437.1,1161.0) flipped=(437.1,279.0) flags=0x0 under=0 verdict=no-cache
2026-08-09 00:28:05.217 Df macos-dock-cc-v2[68904:10e732f] [com.caye.macosdockcc.v2:fullscreen-green-probe] [fullscreen-green-probe] t=471468.222243 key-down keyCode=48 flags=0x20102 repeat=0 verdict=no-cache
2026-08-09 00:28:07.566 Df macos-dock-cc-v2[68904:10e732f] [com.caye.macosdockcc.v2:fullscreen-green-probe] [fullscreen-green-probe] t=471470.570809 key-down keyCode=48 flags=0x20102 repeat=0 verdict=no-cache
2026-08-09 00:28:08.797 Df macos-dock-cc-v2[68904:10e732f] [com.caye.macosdockcc.v2:fullscreen-green-probe] [fullscreen-green-probe] t=471471.802246 key-down keyCode=48 flags=0x20102 repeat=0 verdict=no-cache
2026-08-09 00:28:09.829 Df macos-dock-cc-v2[68904:10e732f] [com.caye.macosdockcc.v2:fullscreen-green-probe] [fullscreen-green-probe] t=471472.833427 mouse-down point=(428.9,1112.8) flipped=(428.9,327.2) flags=0x0 under=0 verdict=no-cache
2026-08-09 00:28:10.372 Df macos-dock-cc-v2[68904:10e732f] [com.caye.macosdockcc.v2:fullscreen-green-probe] [fullscreen-green-probe] t=471473.377268 mouse-down point=(431.7,1111.9) flipped=(431.7,328.1) flags=0x0 under=0 verdict=no-cache
2026-08-09 00:28:11.053 Df macos-dock-cc-v2[68904:10e732f] [com.caye.macosdockcc.v2:fullscreen-green-probe] [fullscreen-green-probe] t=471474.057774 key-down keyCode=11 flags=0x100 repeat=0 verdict=no-cache
2026-08-09 00:28:11.144 Df macos-dock-cc-v2[68904:10e732f] [com.caye.macosdockcc.v2:fullscreen-green-probe] [fullscreen-green-probe] t=471474.149231 key-down keyCode=0 flags=0x100 repeat=0 verdict=no-cache
2026-08-09 00:28:11.224 Df macos-dock-cc-v2[68904:10e732f] [com.caye.macosdockcc.v2:fullscreen-green-probe] [fullscreen-green-probe] t=471474.228984 key-down keyCode=45 flags=0x100 repeat=0 verdict=no-cache
2026-08-09 00:28:11.384 Df macos-dock-cc-v2[68904:10e732f] [com.caye.macosdockcc.v2:fullscreen-green-probe] [fullscreen-green-probe] t=471474.388964 key-down keyCode=5 flags=0x100 repeat=0 verdict=no-cache
2026-08-09 00:28:11.575 Df macos-dock-cc-v2[68904:10e732f] [com.caye.macosdockcc.v2:fullscreen-green-probe] [fullscreen-green-probe] t=471474.579381 key-down keyCode=13 flags=0x100 repeat=0 verdict=no-cache
2026-08-09 00:28:11.615 Df macos-dock-cc-v2[68904:10e732f] [com.caye.macosdockcc.v2:fullscreen-green-probe] [fullscreen-green-probe] t=471474.619329 key-down keyCode=31 flags=0x100 repeat=0 verdict=no-cache
2026-08-09 00:28:12.055 Df macos-dock-cc-v2[68904:10e732f] [com.caye.macosdockcc.v2:fullscreen-green-probe] [fullscreen-green-probe] t=471475.059651 key-down keyCode=49 flags=0x100 repeat=0 verdict=no-cache
2026-08-09 00:28:12.385 Df macos-dock-cc-v2[68904:10e732f] [com.caye.macosdockcc.v2:fullscreen-green-probe] [fullscreen-green-probe] t=471475.389644 key-down keyCode=15 flags=0x100 repeat=0 verdict=no-cache
2026-08-09 00:28:12.597 Df macos-dock-cc-v2[68904:10e732f] [com.caye.macosdockcc.v2:fullscreen-green-probe] [fullscreen-green-probe] t=471475.601502 key-down keyCode=14 flags=0x100 repeat=0 verdict=no-cache
2026-08-09 00:28:12.797 Df macos-dock-cc-v2[68904:10e732f] [com.caye.macosdockcc.v2:fullscreen-green-probe] [fullscreen-green-probe] t=471475.801902 key-down keyCode=9 flags=0x100 repeat=0 verdict=no-cache
2026-08-09 00:28:13.165 Df macos-dock-cc-v2[68904:10e732f] [com.caye.macosdockcc.v2:fullscreen-green-probe] [fullscreen-green-probe] t=471476.170079 key-down keyCode=49 flags=0x100 repeat=0 verdict=no-cache
2026-08-09 00:28:13.396 Df macos-dock-cc-v2[68904:10e732f] [com.caye.macosdockcc.v2:fullscreen-green-probe] [fullscreen-green-probe] t=471476.400877 key-down keyCode=6 flags=0x100 repeat=0 verdict=no-cache
2026-08-09 00:28:13.532 Df macos-dock-cc-v2[68904:10e732f] [com.caye.macosdockcc.v2:fullscreen-green-probe] [fullscreen-green-probe] t=471476.536590 key-down keyCode=4 flags=0x100 repeat=0 verdict=no-cache
2026-08-09 00:28:13.689 Df macos-dock-cc-v2[68904:10e732f] [com.caye.macosdockcc.v2:fullscreen-green-probe] [fullscreen-green-probe] t=471476.693912 key-down keyCode=14 flags=0x100 repeat=0 verdict=no-cache
2026-08-09 00:28:13.806 Df macos-dock-cc-v2[68904:10e732f] [com.caye.macosdockcc.v2:fullscreen-green-probe] [fullscreen-green-probe] t=471476.810750 key-down keyCode=5 flags=0x100 repeat=0 verdict=no-cache
2026-08-09 00:28:13.924 Df macos-dock-cc-v2[68904:10e732f] [com.caye.macosdockcc.v2:fullscreen-green-probe] [fullscreen-green-probe] t=471476.928899 key-down keyCode=14 flags=0x100 repeat=0 verdict=no-cache
2026-08-09 00:28:14.143 Df macos-dock-cc-v2[68904:10e732f] [com.caye.macosdockcc.v2:fullscreen-green-probe] [fullscreen-green-probe] t=471477.147499 key-down keyCode=38 flags=0x100 repeat=0 verdict=no-cache
2026-08-09 00:28:14.229 Df macos-dock-cc-v2[68904:10e732f] [com.caye.macosdockcc.v2:fullscreen-green-probe] [fullscreen-green-probe] t=471477.233621 key-down keyCode=34 flags=0x100 repeat=0 verdict=no-cache
2026-08-09 00:28:14.447 Df macos-dock-cc-v2[68904:10e732f] [com.caye.macosdockcc.v2:fullscreen-green-probe] [fullscreen-green-probe] t=471477.451943 key-down keyCode=4 flags=0x100 repeat=0 verdict=no-cache
2026-08-09 00:28:14.519 Df macos-dock-cc-v2[68904:10e732f] [com.caye.macosdockcc.v2:fullscreen-green-probe] [fullscreen-green-probe] t=471477.523530 key-down keyCode=32 flags=0x100 repeat=0 verdict=no-cache
2026-08-09 00:28:14.575 Df macos-dock-cc-v2[68904:10e732f] [com.caye.macosdockcc.v2:fullscreen-green-probe] [fullscreen-green-probe] t=471477.579773 key-down keyCode=0 flags=0x100 repeat=0 verdict=no-cache
2026-08-09 00:28:14.844 Df macos-dock-cc-v2[68904:10e732f] [com.caye.macosdockcc.v2:fullscreen-green-probe] [fullscreen-green-probe] t=471477.848807 key-down keyCode=49 flags=0x100 repeat=0 verdict=no-cache
2026-08-09 00:28:15.327 Df macos-dock-cc-v2[68904:10e732f] [com.caye.macosdockcc.v2:fullscreen-green-probe] [fullscreen-green-probe] t=471478.332016 key-down keyCode=41 flags=0x20102 repeat=0 verdict=no-cache
2026-08-09 00:28:15.854 Df macos-dock-cc-v2[68904:10e732f] [com.caye.macosdockcc.v2:fullscreen-green-probe] [fullscreen-green-probe] t=471478.858814 key-down keyCode=9 flags=0x100108 repeat=0 verdict=no-cache
2026-08-09 00:28:17.530 Df macos-dock-cc-v2[68904:10e732f] [com.caye.macosdockcc.v2:fullscreen-green-probe] [fullscreen-green-probe] t=471480.534654 key-down keyCode=51 flags=0x100 repeat=0 verdict=no-cache
2026-08-09 00:28:17.712 Df macos-dock-cc-v2[68904:10e732f] [com.caye.macosdockcc.v2:fullscreen-green-probe] [fullscreen-green-probe] t=471480.716444 key-down keyCode=51 flags=0x100 repeat=0 verdict=no-cache
2026-08-09 00:28:17.903 Df macos-dock-cc-v2[68904:10e732f] [com.caye.macosdockcc.v2:fullscreen-green-probe] [fullscreen-green-probe] t=471480.907327 key-down keyCode=51 flags=0x100 repeat=0 verdict=no-cache
2026-08-09 00:28:18.105 Df macos-dock-cc-v2[68904:10e732f] [com.caye.macosdockcc.v2:fullscreen-green-probe] [fullscreen-green-probe] t=471481.110192 key-down keyCode=51 flags=0x100 repeat=0 verdict=no-cache
2026-08-09 00:28:18.260 Df macos-dock-cc-v2[68904:10e732f] [com.caye.macosdockcc.v2:fullscreen-green-probe] [fullscreen-green-probe] t=471481.265053 key-down keyCode=51 flags=0x100 repeat=0 verdict=no-cache
2026-08-09 00:28:18.433 Df macos-dock-cc-v2[68904:10e732f] [com.caye.macosdockcc.v2:fullscreen-green-probe] [fullscreen-green-probe] t=471481.438048 key-down keyCode=51 flags=0x100 repeat=0 verdict=no-cache
2026-08-09 00:28:18.627 Df macos-dock-cc-v2[68904:10e732f] [com.caye.macosdockcc.v2:fullscreen-green-probe] [fullscreen-green-probe] t=471481.631398 key-down keyCode=51 flags=0x100 repeat=0 verdict=no-cache
2026-08-09 00:28:18.785 Df macos-dock-cc-v2[68904:10e732f] [com.caye.macosdockcc.v2:fullscreen-green-probe] [fullscreen-green-probe] t=471481.789341 key-down keyCode=51 flags=0x100 repeat=0 verdict=no-cache
2026-08-09 00:28:18.944 Df macos-dock-cc-v2[68904:10e732f] [com.caye.macosdockcc.v2:fullscreen-green-probe] [fullscreen-green-probe] t=471481.948473 key-down keyCode=51 flags=0x100 repeat=0 verdict=no-cache
2026-08-09 00:28:19.104 Df macos-dock-cc-v2[68904:10e732f] [com.caye.macosdockcc.v2:fullscreen-green-probe] [fullscreen-green-probe] t=471482.109031 key-down keyCode=51 flags=0x100 repeat=0 verdict=no-cache
2026-08-09 00:28:19.279 Df macos-dock-cc-v2[68904:10e732f] [com.caye.macosdockcc.v2:fullscreen-green-probe] [fullscreen-green-probe] t=471482.283927 key-down keyCode=51 flags=0x100 repeat=0 verdict=no-cache
2026-08-09 00:28:19.444 Df macos-dock-cc-v2[68904:10e732f] [com.caye.macosdockcc.v2:fullscreen-green-probe] [fullscreen-green-probe] t=471482.449186 key-down keyCode=51 flags=0x100 repeat=0 verdict=no-cache
2026-08-09 00:28:19.629 Df macos-dock-cc-v2[68904:10e732f] [com.caye.macosdockcc.v2:fullscreen-green-probe] [fullscreen-green-probe] t=471482.633497 key-down keyCode=51 flags=0x100 repeat=0 verdict=no-cache
2026-08-09 00:28:19.886 Df macos-dock-cc-v2[68904:10e732f] [com.caye.macosdockcc.v2:fullscreen-green-probe] [fullscreen-green-probe] t=471482.891193 key-down keyCode=51 flags=0x100 repeat=0 verdict=no-cache
2026-08-09 00:28:20.246 Df macos-dock-cc-v2[68904:10e732f] [com.caye.macosdockcc.v2:fullscreen-green-probe] [fullscreen-green-probe] t=471483.250710 key-down keyCode=48 flags=0x100108 repeat=0 verdict=no-cache
2026-08-09 00:28:21.714 Df macos-dock-cc-v2[68904:10e732f] [com.caye.macosdockcc.v2:fullscreen-green-probe] [fullscreen-green-probe] t=471484.718571 mouse-down point=(1520.1,977.6) flipped=(1520.1,462.4) flags=0x0 under=0 verdict=no-cache
2026-08-09 00:28:22.717 Df macos-dock-cc-v2[68904:10e732f] [com.caye.macosdockcc.v2:fullscreen-green-probe] [fullscreen-green-probe] t=471485.721727 mouse-down point=(415.1,968.4) flipped=(415.1,471.6) flags=0x0 under=0 verdict=no-cache
2026-08-09 00:28:23.315 Df macos-dock-cc-v2[68904:10e732f] [com.caye.macosdockcc.v2:fullscreen-green-probe] [fullscreen-green-probe] t=471486.319499 mouse-down point=(550.2,1107.8) flipped=(550.2,332.2) flags=0x0 under=0 verdict=no-cache
2026-08-09 00:28:24.046 Df macos-dock-cc-v2[68904:10e732f] [com.caye.macosdockcc.v2:fullscreen-green-probe] [fullscreen-green-probe] t=471487.051252 key-down keyCode=9 flags=0x100108 repeat=0 verdict=no-cache
2026-08-09 00:28:24.753 Df macos-dock-cc-v2[68904:10e732f] [com.caye.macosdockcc.v2:fullscreen-green-probe] [fullscreen-green-probe] t=471487.757843 key-down keyCode=48 flags=0x100108 repeat=0 verdict=no-cache
2026-08-09 00:28:26.043 Df macos-dock-cc-v2[68904:10e732f] [com.caye.macosdockcc.v2:fullscreen-green-probe] [fullscreen-green-probe] t=471489.048188 key-down keyCode=48 flags=0x100108 repeat=0 verdict=no-cache
2026-08-09 00:28:26.802 Df macos-dock-cc-v2[68904:10e732f] [com.caye.macosdockcc.v2:fullscreen-green-probe] [fullscreen-green-probe] t=471489.806481 key-down keyCode=48 flags=0x100108 repeat=0 verdict=no-cache
2026-08-09 00:28:31.412 Df macos-dock-cc-v2[68904:10e732f] [com.caye.macosdockcc.v2:fullscreen-green-probe] [fullscreen-green-probe] t=471494.417214 mouse-down point=(1244.6,1073.1) flipped=(1244.6,366.9) flags=0x0 under=0 verdict=no-cache
2026-08-09 00:28:34.874 Df macos-dock-cc-v2[68904:10e732f] [com.caye.macosdockcc.v2:fullscreen-green-probe] [fullscreen-green-probe] t=471497.878487 key-down keyCode=48 flags=0x100108 repeat=0 verdict=no-cache
2026-08-09 00:28:36.045 Df macos-dock-cc-v2[68904:10e732f] [com.caye.macosdockcc.v2:fullscreen-green-probe] [fullscreen-green-probe] t=471499.049726 mouse-down point=(930.7,1109.0) flipped=(930.7,331.0) flags=0x0 under=0 verdict=no-cache
2026-08-09 00:28:36.960 Df macos-dock-cc-v2[68904:10e732f] [com.caye.macosdockcc.v2:fullscreen-green-probe] [fullscreen-green-probe] t=471499.964460 key-down keyCode=36 flags=0x100 repeat=0 verdict=no-cache
2026-08-09 00:28:40.170 Df macos-dock-cc-v2[68904:10e732f] [com.caye.macosdockcc.v2:fullscreen-green-probe] [fullscreen-green-probe] t=471503.175314 mouse-down point=(966.6,1106.6) flipped=(966.6,333.4) flags=0x0 under=0 verdict=no-cache
2026-08-09 00:28:41.221 Df macos-dock-cc-v2[68904:10e732f] [com.caye.macosdockcc.v2:fullscreen-green-probe] [fullscreen-green-probe] t=471504.225759 key-down keyCode=36 flags=0x100 repeat=0 verdict=no-cache
2026-08-09 00:28:55.077 Df macos-dock-cc-v2[68904:10e732f] [com.caye.macosdockcc.v2:fullscreen-green-probe] [fullscreen-green-probe] t=471518.081655 mouse-down point=(791.2,1109.1) flipped=(791.2,330.9) flags=0x0 under=0 verdict=no-cache
2026-08-09 00:28:56.181 Df macos-dock-cc-v2[68904:10e732f] [com.caye.macosdockcc.v2:fullscreen-green-probe] [fullscreen-green-probe] t=471519.186098 key-down keyCode=1 flags=0x80120 repeat=0 verdict=no-cache
2026-08-09 00:28:57.244 Df macos-dock-cc-v2[68904:10e732f] [com.caye.macosdockcc.v2:fullscreen-green-probe] [fullscreen-green-probe] t=471520.249281 mouse-down point=(335.9,1092.4) flipped=(335.9,347.6) flags=0x0 under=0 verdict=no-cache
2026-08-09 00:29:00.309 Df macos-dock-cc-v2[68904:10e732f] [com.caye.macosdockcc.v2:fullscreen-green-probe] [fullscreen-green-probe] t=471523.313444 mouse-down point=(1003.5,1116.3) flipped=(1003.5,323.7) flags=0x0 under=0 verdict=no-cache
2026-08-09 00:29:02.965 Df macos-dock-cc-v2[68904:10e732f] [com.caye.macosdockcc.v2:fullscreen-green-probe] [fullscreen-green-probe] t=471525.969426 mouse-down point=(876.2,1106.9) flipped=(876.2,333.1) flags=0x0 under=0 verdict=no-cache
2026-08-09 00:29:04.426 Df macos-dock-cc-v2[68904:10e732f] [com.caye.macosdockcc.v2:fullscreen-green-probe] [fullscreen-green-probe] t=471527.430384 key-down keyCode=38 flags=0x100 repeat=0 verdict=no-cache
2026-08-09 00:29:04.577 Df macos-dock-cc-v2[68904:10e732f] [com.caye.macosdockcc.v2:fullscreen-green-probe] [fullscreen-green-probe] t=471527.581909 key-down keyCode=34 flags=0x100 repeat=0 verdict=no-cache
2026-08-09 00:29:04.794 Df macos-dock-cc-v2[68904:10e732f] [com.caye.macosdockcc.v2:fullscreen-green-probe] [fullscreen-green-probe] t=471527.798418 key-down keyCode=7 flags=0x100 repeat=0 verdict=no-cache
2026-08-09 00:29:04.865 Df macos-dock-cc-v2[68904:10e732f] [com.caye.macosdockcc.v2:fullscreen-green-probe] [fullscreen-green-probe] t=471527.870280 key-down keyCode=32 flags=0x100 repeat=0 verdict=no-cache
2026-08-09 00:29:05.055 Df macos-dock-cc-v2[68904:10e732f] [com.caye.macosdockcc.v2:fullscreen-green-probe] [fullscreen-green-probe] t=471528.060278 key-down keyCode=49 flags=0x100 repeat=0 verdict=no-cache
2026-08-09 00:29:05.274 Df macos-dock-cc-v2[68904:10e732f] [com.caye.macosdockcc.v2:fullscreen-green-probe] [fullscreen-green-probe] t=471528.278776 key-down keyCode=36 flags=0x100 repeat=0 verdict=no-cache
2026-08-09 00:29:12.157 Df macos-dock-cc-v2[68904:10e732f] [com.caye.macosdockcc.v2:fullscreen-green-probe] [fullscreen-green-probe] t=471535.161385 mouse-down point=(345.0,1048.2) flipped=(345.0,391.8) flags=0x0 under=0 verdict=no-cache
2026-08-09 00:29:12.589 Df macos-dock-cc-v2[68904:10e732f] [com.caye.macosdockcc.v2:fullscreen-green-probe] [fullscreen-green-probe] t=471535.593804 mouse-down point=(346.6,1049.9) flipped=(346.6,390.1) flags=0x0 under=0 verdict=no-cache
2026-08-09 00:29:13.005 Df macos-dock-cc-v2[68904:10e732f] [com.caye.macosdockcc.v2:fullscreen-green-probe] [fullscreen-green-probe] t=471536.009456 mouse-down point=(364.7,1050.8) flipped=(364.7,389.2) flags=0x0 under=0 verdict=no-cache
2026-08-09 00:29:13.437 Df macos-dock-cc-v2[68904:10e732f] [com.caye.macosdockcc.v2:fullscreen-green-probe] [fullscreen-green-probe] t=471536.441425 mouse-down point=(375.7,1050.0) flipped=(375.7,390.0) flags=0x0 under=0 verdict=no-cache
2026-08-09 00:29:14.772 Df macos-dock-cc-v2[68904:10e732f] [com.caye.macosdockcc.v2:fullscreen-green-probe] [fullscreen-green-probe] t=471537.776806 mouse-down point=(383.4,1049.4) flipped=(383.4,390.6) flags=0x0 under=0 verdict=no-cache
2026-08-09 00:29:15.516 Df macos-dock-cc-v2[68904:10e732f] [com.caye.macosdockcc.v2:fullscreen-green-probe] [fullscreen-green-probe] t=471538.521289 mouse-down point=(348.8,1050.2) flipped=(348.8,389.8) flags=0x0 under=0 verdict=no-cache
2026-08-09 00:29:20.581 Df macos-dock-cc-v2[68904:10e732f] [com.caye.macosdockcc.v2:fullscreen-green-probe] [fullscreen-green-probe] t=471543.586014 mouse-down point=(938.1,674.0) flipped=(938.1,766.0) flags=0x0 under=0 verdict=no-cache
2026-08-09 00:29:25.275 Df macos-dock-cc-v2[68904:10e732f] [com.caye.macosdockcc.v2:fullscreen-green-probe] [fullscreen-green-probe] t=471548.279692 key-down keyCode=44 flags=0x100 repeat=0 verdict=no-cache
2026-08-09 00:29:26.653 Df macos-dock-cc-v2[68904:10e732f] [com.caye.macosdockcc.v2:fullscreen-green-probe] [fullscreen-green-probe] t=471549.657699 key-down keyCode=45 flags=0x100 repeat=0 verdict=no-cache
2026-08-09 00:29:26.785 Df macos-dock-cc-v2[68904:10e732f] [com.caye.macosdockcc.v2:fullscreen-green-probe] [fullscreen-green-probe] t=471549.789887 key-down keyCode=14 flags=0x100 repeat=0 verdict=no-cache
2026-08-09 00:29:26.958 Df macos-dock-cc-v2[68904:10e732f] [com.caye.macosdockcc.v2:fullscreen-green-probe] [fullscreen-green-probe] t=471549.962839 key-down keyCode=13 flags=0x100 repeat=0 verdict=no-cache
2026-08-09 00:29:27.178 Df macos-dock-cc-v2[68904:10e732f] [com.caye.macosdockcc.v2:fullscreen-green-probe] [fullscreen-green-probe] t=471550.182475 key-down keyCode=36 flags=0x100 repeat=0 verdict=no-cache
2026-08-09 00:29:27.739 Df macos-dock-cc-v2[68904:10e732f] [com.caye.macosdockcc.v2:fullscreen-green-probe] [fullscreen-green-probe] t=471550.743524 key-down keyCode=36 flags=0x100 repeat=0 verdict=no-cache
2026-08-09 00:29:31.299 Df macos-dock-cc-v2[68904:10e732f] [com.caye.macosdockcc.v2:fullscreen-green-probe] [fullscreen-green-probe] t=471554.304290 key-down keyCode=8 flags=0x40101 repeat=0 verdict=no-cache
2026-08-09 00:29:31.967 Df macos-dock-cc-v2[68904:10e732f] [com.caye.macosdockcc.v2:fullscreen-green-probe] [fullscreen-green-probe] t=471554.972111 key-down keyCode=8 flags=0x40101 repeat=0 verdict=no-cache
2026-08-09 00:29:34.693 Df macos-dock-cc-v2[68904:10e732f] [com.caye.macosdockcc.v2:fullscreen-green-probe] [fullscreen-green-probe] t=471557.698235 key-down keyCode=51 flags=0x100108 repeat=0 verdict=no-cache
2026-08-09 00:29:36.839 Df macos-dock-cc-v2[68904:10e732f] [com.caye.macosdockcc.v2:fullscreen-green-probe] [fullscreen-green-probe] t=471559.844117 key-down keyCode=44 flags=0x100 repeat=0 verdict=no-cache
2026-08-09 00:29:37.595 Df macos-dock-cc-v2[68904:10e732f] [com.caye.macosdockcc.v2:fullscreen-green-probe] [fullscreen-green-probe] t=471560.600257 key-down keyCode=15 flags=0x100 repeat=0 verdict=no-cache
2026-08-09 00:29:37.802 Df macos-dock-cc-v2[68904:10e732f] [com.caye.macosdockcc.v2:fullscreen-green-probe] [fullscreen-green-probe] t=471560.806614 key-down keyCode=14 flags=0x100 repeat=0 verdict=no-cache
2026-08-09 00:29:38.343 Df macos-dock-cc-v2[68904:10e732f] [com.caye.macosdockcc.v2:fullscreen-green-probe] [fullscreen-green-probe] t=471561.347548 key-down keyCode=1 flags=0x100 repeat=0 verdict=no-cache
2026-08-09 00:29:39.563 Df macos-dock-cc-v2[68904:10e732f] [com.caye.macosdockcc.v2:fullscreen-green-probe] [fullscreen-green-probe] t=471562.567850 key-down keyCode=36 flags=0x100 repeat=0 verdict=no-cache
2026-08-09 00:29:41.004 Df macos-dock-cc-v2[68904:10e732f] [com.caye.macosdockcc.v2:fullscreen-green-probe] [fullscreen-green-probe] t=471564.009189 key-down keyCode=125 flags=0xa00100 repeat=0 verdict=no-cache
2026-08-09 00:29:41.359 Df macos-dock-cc-v2[68904:10e732f] [com.caye.macosdockcc.v2:fullscreen-green-probe] [fullscreen-green-probe] t=471564.363486 key-down keyCode=126 flags=0xa00100 repeat=0 verdict=no-cache
2026-08-09 00:29:42.373 Df macos-dock-cc-v2[68904:10e732f] [com.caye.macosdockcc.v2:fullscreen-green-probe] [fullscreen-green-probe] t=471565.377516 key-down keyCode=36 flags=0x100 repeat=0 verdict=no-cache
2026-08-09 00:29:44.823 Df macos-dock-cc-v2[68904:10e732f] [com.caye.macosdockcc.v2:fullscreen-green-probe] [fullscreen-green-probe] t=471567.827382 key-down keyCode=44 flags=0x20104 repeat=0 verdict=no-cache
2026-08-09 00:29:45.079 Df macos-dock-cc-v2[68904:10e732f] [com.caye.macosdockcc.v2:fullscreen-green-probe] [fullscreen-green-probe] t=471568.084253 key-down keyCode=36 flags=0x100 repeat=0 verdict=no-cache
2026-08-09 00:29:46.666 Df macos-dock-cc-v2[68904:10e732f] [com.caye.macosdockcc.v2:fullscreen-green-probe] [fullscreen-green-probe] t=471569.670757 key-down keyCode=44 flags=0x20104 repeat=0 verdict=no-cache
2026-08-09 00:29:47.876 Df macos-dock-cc-v2[68904:10e732f] [com.caye.macosdockcc.v2:fullscreen-green-probe] [fullscreen-green-probe] t=471570.880487 key-down keyCode=44 flags=0x20104 repeat=0 verdict=no-cache
2026-08-09 00:29:50.566 Df macos-dock-cc-v2[68904:10e732f] [com.caye.macosdockcc.v2:fullscreen-green-probe] [fullscreen-green-probe] t=471573.570663 key-down keyCode=38 flags=0x100 repeat=0 verdict=no-cache
2026-08-09 00:29:50.677 Df macos-dock-cc-v2[68904:10e732f] [com.caye.macosdockcc.v2:fullscreen-green-probe] [fullscreen-green-probe] t=471573.682024 key-down keyCode=34 flags=0x100 repeat=0 verdict=no-cache
2026-08-09 00:29:50.935 Df macos-dock-cc-v2[68904:10e732f] [com.caye.macosdockcc.v2:fullscreen-green-probe] [fullscreen-green-probe] t=471573.940107 key-down keyCode=7 flags=0x100 repeat=0 verdict=no-cache
2026-08-09 00:29:51.054 Df macos-dock-cc-v2[68904:10e732f] [com.caye.macosdockcc.v2:fullscreen-green-probe] [fullscreen-green-probe] t=471574.059134 key-down keyCode=32 flags=0x100 repeat=0 verdict=no-cache
2026-08-09 00:29:51.544 Df macos-dock-cc-v2[68904:10e732f] [com.caye.macosdockcc.v2:fullscreen-green-probe] [fullscreen-green-probe] t=471574.549039 key-down keyCode=51 flags=0x100 repeat=0 verdict=no-cache
2026-08-09 00:29:51.709 Df macos-dock-cc-v2[68904:10e732f] [com.caye.macosdockcc.v2:fullscreen-green-probe] [fullscreen-green-probe] t=471574.713456 key-down keyCode=51 flags=0x100 repeat=0 verdict=no-cache
2026-08-09 00:29:51.875 Df macos-dock-cc-v2[68904:10e732f] [com.caye.macosdockcc.v2:fullscreen-green-probe] [fullscreen-green-probe] t=471574.879472 key-down keyCode=51 flags=0x100 repeat=0 verdict=no-cache
2026-08-09 00:29:52.047 Df macos-dock-cc-v2[68904:10e732f] [com.caye.macosdockcc.v2:fullscreen-green-probe] [fullscreen-green-probe] t=471575.051850 key-down keyCode=51 flags=0x100 repeat=0 verdict=no-cache
2026-08-09 00:29:52.222 Df macos-dock-cc-v2[68904:10e732f] [com.caye.macosdockcc.v2:fullscreen-green-probe] [fullscreen-green-probe] t=471575.227098 key-down keyCode=51 flags=0x100 repeat=0 verdict=no-cache
2026-08-09 00:29:53.265 Df macos-dock-cc-v2[68904:10e732f] [com.caye.macosdockcc.v2:fullscreen-green-probe] [fullscreen-green-probe] t=471576.269985 key-down keyCode=38 flags=0x100 repeat=0 verdict=no-cache
2026-08-09 00:29:53.357 Df macos-dock-cc-v2[68904:10e732f] [com.caye.macosdockcc.v2:fullscreen-green-probe] [fullscreen-green-probe] t=471576.362070 key-down keyCode=34 flags=0x100 repeat=0 verdict=no-cache
2026-08-09 00:29:53.623 Df macos-dock-cc-v2[68904:10e732f] [com.caye.macosdockcc.v2:fullscreen-green-probe] [fullscreen-green-probe] t=471576.628000 key-down keyCode=7 flags=0x100 repeat=0 verdict=no-cache
2026-08-09 00:29:53.686 Df macos-dock-cc-v2[68904:10e732f] [com.caye.macosdockcc.v2:fullscreen-green-probe] [fullscreen-green-probe] t=471576.690805 key-down keyCode=32 flags=0x100 repeat=0 verdict=no-cache
2026-08-09 00:29:54.020 Df macos-dock-cc-v2[68904:10e732f] [com.caye.macosdockcc.v2:fullscreen-green-probe] [fullscreen-green-probe] t=471577.024727 key-down keyCode=49 flags=0x100 repeat=0 verdict=no-cache
2026-08-09 00:29:54.230 Df macos-dock-cc-v2[68904:10e732f] [com.caye.macosdockcc.v2:fullscreen-green-probe] [fullscreen-green-probe] t=471577.234356 key-down keyCode=36 flags=0x100 repeat=0 verdict=no-cache
2026-08-09 00:30:16.349 Df macos-dock-cc-v2[68904:10e732f] [com.caye.macosdockcc.v2:fullscreen-green-probe] [fullscreen-green-probe] t=471599.353331 mouse-down point=(1992.6,251.3) flipped=(1992.6,1188.7) flags=0x0 under=0 verdict=no-cache
2026-08-09 00:30:20.184 Df macos-dock-cc-v2[68904:10e732f] [com.caye.macosdockcc.v2:fullscreen-green-probe] [fullscreen-green-probe] t=471603.188720 mouse-down point=(428.1,923.5) flipped=(428.1,516.5) flags=0x0 under=0 verdict=no-cache
2026-08-09 00:30:25.597 Df macos-dock-cc-v2[68904:10e732f] [com.caye.macosdockcc.v2:fullscreen-green-probe] [fullscreen-green-probe] t=471608.601586 mouse-down point=(1628.0,979.7) flipped=(1628.0,460.3) flags=0x0 under=0 verdict=no-cache
2026-08-09 00:33:10.789 Df macos-dock-cc-v2[68904:10e732f] [com.caye.macosdockcc.v2:fullscreen-green-probe] [fullscreen-green-probe] t=471773.793417 mouse-down point=(2197.6,22.7) flipped=(2197.6,1417.3) flags=0x0 under=0 verdict=no-cache
2026-08-09 00:33:12.637 Df macos-dock-cc-v2[68904:10e732f] [com.caye.macosdockcc.v2:fullscreen-green-probe] [fullscreen-green-probe] t=471775.641503 mouse-down point=(658.3,602.2) flipped=(658.3,837.8) flags=0x0 under=0 verdict=no-cache
2026-08-09 00:33:12.796 Df macos-dock-cc-v2[68904:10e732f] [com.caye.macosdockcc.v2:fullscreen-green-probe] [fullscreen-green-probe] t=471775.801321 mouse-down point=(658.3,602.2) flipped=(658.3,837.8) flags=0x0 under=0 verdict=no-cache
2026-08-09 00:33:13.733 Df macos-dock-cc-v2[68904:10e732f] [com.caye.macosdockcc.v2:fullscreen-green-probe] [fullscreen-green-probe] t=471776.737331 mouse-down point=(796.6,578.6) flipped=(796.6,861.4) flags=0x0 under=0 verdict=no-cache
2026-08-09 00:33:14.964 Df macos-dock-cc-v2[68904:10e732f] [com.caye.macosdockcc.v2:fullscreen-green-probe] [fullscreen-green-probe] t=471777.969092 mouse-down point=(1192.6,838.3) flipped=(1192.6,601.7) flags=0x0 under=0 verdict=no-cache
2026-08-09 00:33:15.543 Df macos-dock-cc-v2[68904:10e732f] [com.caye.macosdockcc.v2:fullscreen-green-probe] [fullscreen-green-probe] t=471778.547963 mouse-down point=(1154.9,843.8) flipped=(1154.9,596.2) flags=0x0 under=0 verdict=no-cache
2026-08-09 00:33:15.852 Df macos-dock-cc-v2[68904:10e732f] [com.caye.macosdockcc.v2:fullscreen-green-probe] [fullscreen-green-probe] t=471778.857026 mouse-down point=(1149.1,843.4) flipped=(1149.1,596.6) flags=0x0 under=0 verdict=no-cache
2026-08-09 00:33:16.220 Df macos-dock-cc-v2[68904:10e732f] [com.caye.macosdockcc.v2:fullscreen-green-probe] [fullscreen-green-probe] t=471779.225032 mouse-down point=(1142.3,843.6) flipped=(1142.3,596.4) flags=0x0 under=0 verdict=no-cache
2026-08-09 00:33:17.988 Df macos-dock-cc-v2[68904:10e732f] [com.caye.macosdockcc.v2:fullscreen-green-probe] [fullscreen-green-probe] t=471780.993262 mouse-down point=(1141.6,837.7) flipped=(1141.6,602.3) flags=0x0 under=0 verdict=no-cache
2026-08-09 00:33:18.340 Df macos-dock-cc-v2[68904:10e732f] [com.caye.macosdockcc.v2:fullscreen-green-probe] [fullscreen-green-probe] t=471781.345080 mouse-down point=(1132.4,839.2) flipped=(1132.4,600.8) flags=0x0 under=0 verdict=no-cache
2026-08-09 00:33:18.684 Df macos-dock-cc-v2[68904:10e732f] [com.caye.macosdockcc.v2:fullscreen-green-probe] [fullscreen-green-probe] t=471781.689230 mouse-down point=(1121.9,841.8) flipped=(1121.9,598.2) flags=0x0 under=0 verdict=no-cache
2026-08-09 00:33:20.027 Df macos-dock-cc-v2[68904:10e732f] [com.caye.macosdockcc.v2:fullscreen-green-probe] [fullscreen-green-probe] t=471783.031891 mouse-down point=(803.6,627.2) flipped=(803.6,812.8) flags=0x0 under=0 verdict=no-cache
2026-08-09 00:33:20.972 Df macos-dock-cc-v2[68904:10e732f] [com.caye.macosdockcc.v2:fullscreen-green-probe] [fullscreen-green-probe] t=471783.977275 mouse-down point=(1392.2,717.6) flipped=(1392.2,722.4) flags=0x0 under=0 verdict=no-cache
2026-08-09 00:33:21.388 Df macos-dock-cc-v2[68904:10e732f] [com.caye.macosdockcc.v2:fullscreen-green-probe] [fullscreen-green-probe] t=471784.393263 mouse-down point=(1466.5,706.4) flipped=(1466.5,733.6) flags=0x0 under=0 verdict=no-cache
2026-08-09 00:33:21.716 Df macos-dock-cc-v2[68904:10e732f] [com.caye.macosdockcc.v2:fullscreen-green-probe] [fullscreen-green-probe] t=471784.721276 mouse-down point=(1453.3,708.8) flipped=(1453.3,731.2) flags=0x0 under=0 verdict=no-cache
2026-08-09 00:33:22.201 Df macos-dock-cc-v2[68904:10e732f] [com.caye.macosdockcc.v2:fullscreen-green-probe] [fullscreen-green-probe] t=471785.206190 mouse-down point=(1410.7,707.7) flipped=(1410.7,732.3) flags=0x0 under=0 verdict=no-cache
2026-08-09 00:33:22.595 Df macos-dock-cc-v2[68904:10e732f] [com.caye.macosdockcc.v2:fullscreen-green-probe] [fullscreen-green-probe] t=471785.599506 mouse-down point=(1397.1,711.2) flipped=(1397.1,728.8) flags=0x0 under=0 verdict=no-cache
2026-08-09 00:33:23.972 Df macos-dock-cc-v2[68904:10e732f] [com.caye.macosdockcc.v2:fullscreen-green-probe] [fullscreen-green-probe] t=471786.977213 mouse-down point=(1442.7,696.9) flipped=(1442.7,743.1) flags=0x0 under=0 verdict=no-cache
2026-08-09 00:33:24.924 Df macos-dock-cc-v2[68904:10e732f] [com.caye.macosdockcc.v2:fullscreen-green-probe] [fullscreen-green-probe] t=471787.929226 mouse-down point=(643.6,495.9) flipped=(643.6,944.1) flags=0x0 under=0 verdict=no-cache
2026-08-09 00:33:28.045 Df macos-dock-cc-v2[68904:10e732f] [com.caye.macosdockcc.v2:fullscreen-green-probe] [fullscreen-green-probe] t=471791.049391 mouse-down point=(939.7,438.4) flipped=(939.7,1001.6) flags=0x0 under=0 verdict=no-cache
2026-08-09 00:33:29.205 Df macos-dock-cc-v2[68904:10e732f] [com.caye.macosdockcc.v2:fullscreen-green-probe] [fullscreen-green-probe] t=471792.209917 mouse-down point=(820.8,1389.0) flipped=(820.8,51.0) flags=0x0 under=0 verdict=no-cache
2026-08-09 00:33:30.220 Df macos-dock-cc-v2[68904:10e732f] [com.caye.macosdockcc.v2:fullscreen-green-probe] [fullscreen-green-probe] t=471793.225261 mouse-down point=(804.2,562.3) flipped=(804.2,877.7) flags=0x0 under=0 verdict=no-cache
2026-08-09 00:33:30.924 Df macos-dock-cc-v2[68904:10e732f] [com.caye.macosdockcc.v2:fullscreen-green-probe] [fullscreen-green-probe] t=471793.928742 mouse-down point=(1574.8,900.5) flipped=(1574.8,539.5) flags=0x0 under=0 verdict=no-cache
2026-08-09 00:33:31.516 Df macos-dock-cc-v2[68904:10e732f] [com.caye.macosdockcc.v2:fullscreen-green-probe] [fullscreen-green-probe] t=471794.521155 mouse-down point=(1524.4,910.4) flipped=(1524.4,529.6) flags=0x0 under=0 verdict=no-cache
2026-08-09 00:33:32.132 Df macos-dock-cc-v2[68904:10e732f] [com.caye.macosdockcc.v2:fullscreen-green-probe] [fullscreen-green-probe] t=471795.137140 mouse-down point=(934.8,1056.0) flipped=(934.8,384.0) flags=0x0 under=0 verdict=no-cache
2026-08-09 00:33:33.068 Df macos-dock-cc-v2[68904:10e732f] [com.caye.macosdockcc.v2:fullscreen-green-probe] [fullscreen-green-probe] t=471796.073306 mouse-down point=(1028.4,1107.6) flipped=(1028.4,332.4) flags=0x0 under=0 verdict=no-cache
2026-08-09 00:33:35.532 Df macos-dock-cc-v2[68904:10e732f] [com.caye.macosdockcc.v2:fullscreen-green-probe] [fullscreen-green-probe] t=471798.537280 mouse-down point=(306.4,48.5) flipped=(306.4,1391.5) flags=0x0 under=0 verdict=no-cache
2026-08-09 00:33:36.549 Df macos-dock-cc-v2[68904:10e732f] [com.caye.macosdockcc.v2:fullscreen-green-probe] [fullscreen-green-probe] t=471799.553348 mouse-down point=(794.1,627.9) flipped=(794.1,812.1) flags=0x0 under=0 verdict=no-cache
2026-08-09 00:33:37.068 Df macos-dock-cc-v2[68904:10e732f] [com.caye.macosdockcc.v2:fullscreen-green-probe] [fullscreen-green-probe] t=471800.073195 mouse-down point=(786.5,693.7) flipped=(786.5,746.3) flags=0x0 under=0 verdict=no-cache
2026-08-09 00:33:38.325 Df macos-dock-cc-v2[68904:10e732f] [com.caye.macosdockcc.v2:fullscreen-green-probe] [fullscreen-green-probe] t=471801.329912 mouse-down point=(648.0,495.9) flipped=(648.0,944.1) flags=0x0 under=0 verdict=no-cache
2026-08-09 00:33:40.037 Df macos-dock-cc-v2[68904:10e732f] [com.caye.macosdockcc.v2:fullscreen-green-probe] [fullscreen-green-probe] t=471803.041407 mouse-down point=(949.3,1008.5) flipped=(949.3,431.5) flags=0x0 under=0 verdict=no-cache
2026-08-09 00:33:40.781 Df macos-dock-cc-v2[68904:10e732f] [com.caye.macosdockcc.v2:fullscreen-green-probe] [fullscreen-green-probe] t=471803.785856 mouse-down point=(1116.5,1033.0) flipped=(1116.5,407.0) flags=0x0 under=0 verdict=no-cache
2026-08-09 00:33:43.356 Df macos-dock-cc-v2[68904:10e732f] [com.caye.macosdockcc.v2:fullscreen-green-probe] [fullscreen-green-probe] t=471806.361083 mouse-down point=(1240.0,1029.8) flipped=(1240.0,410.2) flags=0x0 under=0 verdict=no-cache
2026-08-09 00:33:54.741 Df macos-dock-cc-v2[68904:10e732f] [com.caye.macosdockcc.v2:fullscreen-green-probe] [fullscreen-green-probe] t=471817.745395 mouse-down point=(1543.4,244.5) flipped=(1543.4,1195.5) flags=0x0 under=0 verdict=no-cache
2026-08-09 00:33:57.831 Df macos-dock-cc-v2[68904:10e732f] [com.caye.macosdockcc.v2:fullscreen-green-probe] [fullscreen-green-probe] t=471820.835980 key-down keyCode=1 flags=0x140109 repeat=0 verdict=no-cache
2026-08-09 00:33:58.815 Df macos-dock-cc-v2[68904:10e732f] [com.caye.macosdockcc.v2:fullscreen-green-probe] [fullscreen-green-probe] t=471821.819571 key-down keyCode=1 flags=0x12010a repeat=0 verdict=no-cache
2026-08-09 00:33:59.724 Df macos-dock-cc-v2[68904:10e732f] [com.caye.macosdockcc.v2:fullscreen-green-probe] [fullscreen-green-probe] t=471822.728978 mouse-down point=(1434.1,907.3) flipped=(1434.1,532.7) flags=0x0 under=0 verdict=no-cache
2026-08-09 00:34:01.059 Df macos-dock-cc-v2[68904:10e732f] [com.caye.macosdockcc.v2:fullscreen-green-probe] [fullscreen-green-probe] t=471824.063440 key-down keyCode=1 flags=0x140109 repeat=0 verdict=no-cache
2026-08-09 00:34:01.869 Df macos-dock-cc-v2[68904:10e732f] [com.caye.macosdockcc.v2:fullscreen-green-probe] [fullscreen-green-probe] t=471824.873547 mouse-down point=(1379.1,902.0) flipped=(1379.1,538.0) flags=0x100008 under=0 verdict=no-cache
2026-08-09 00:34:02.530 Df macos-dock-cc-v2[68904:10e732f] [com.caye.macosdockcc.v2:fullscreen-green-probe] [fullscreen-green-probe] t=471825.534557 key-down keyCode=1 flags=0x12010a repeat=0 verdict=no-cache
2026-08-09 00:34:03.143 Df macos-dock-cc-v2[68904:10e732f] [com.caye.macosdockcc.v2:fullscreen-green-probe] [fullscreen-green-probe] t=471826.148197 mouse-down point=(1383.4,901.8) flipped=(1383.4,538.2) flags=0x0 under=0 verdict=no-cache
2026-08-09 00:34:03.596 Df macos-dock-cc-v2[68904:10e732f] [com.caye.macosdockcc.v2:fullscreen-green-probe] [fullscreen-green-probe] t=471826.601160 mouse-down point=(1351.5,899.6) flipped=(1351.5,540.4) flags=0x0 under=0 verdict=no-cache
2026-08-09 00:34:04.718 Df macos-dock-cc-v2[68904:10e732f] [com.caye.macosdockcc.v2:fullscreen-green-probe] [fullscreen-green-probe] t=471827.722886 mouse-down point=(1849.3,98.1) flipped=(1849.3,1341.9) flags=0x0 under=0 verdict=no-cache
2026-08-09 00:34:06.078 Df macos-dock-cc-v2[68904:10e732f] [com.caye.macosdockcc.v2:fullscreen-green-probe] [fullscreen-green-probe] t=471829.082516 key-down keyCode=1 flags=0x12010a repeat=0 verdict=no-cache
2026-08-09 00:34:07.756 Df macos-dock-cc-v2[68904:10e732f] [com.caye.macosdockcc.v2:fullscreen-green-probe] [fullscreen-green-probe] t=471830.761291 mouse-down point=(1473.4,453.8) flipped=(1473.4,986.2) flags=0x0 under=0 verdict=no-cache
2026-08-09 00:34:10.777 Df macos-dock-cc-v2[68904:10e732f] [com.caye.macosdockcc.v2:fullscreen-green-probe] [fullscreen-green-probe] t=471833.782022 key-down keyCode=1 flags=0x140109 repeat=0 verdict=no-cache
2026-08-09 00:34:11.925 Df macos-dock-cc-v2[68904:10e732f] [com.caye.macosdockcc.v2:fullscreen-green-probe] [fullscreen-green-probe] t=471834.929328 mouse-down point=(1897.9,100.2) flipped=(1897.9,1339.8) flags=0x0 under=0 verdict=no-cache
2026-08-09 00:34:13.749 Df macos-dock-cc-v2[68904:10e732f] [com.caye.macosdockcc.v2:fullscreen-green-probe] [fullscreen-green-probe] t=471836.753387 mouse-down point=(1256.9,1133.0) flipped=(1256.9,307.0) flags=0x0 under=0 verdict=no-cache
2026-08-09 00:34:14.885 Df macos-dock-cc-v2[68904:10e732f] [com.caye.macosdockcc.v2:fullscreen-green-probe] [fullscreen-green-probe] t=471837.889453 mouse-down point=(1334.4,917.0) flipped=(1334.4,523.0) flags=0x0 under=0 verdict=no-cache
2026-08-09 00:34:15.974 Df macos-dock-cc-v2[68904:10e732f] [com.caye.macosdockcc.v2:fullscreen-green-probe] [fullscreen-green-probe] t=471838.979161 key-down keyCode=1 flags=0x140109 repeat=0 verdict=no-cache
2026-08-09 00:34:16.898 Df macos-dock-cc-v2[68904:10e732f] [com.caye.macosdockcc.v2:fullscreen-green-probe] [fullscreen-green-probe] t=471839.902997 key-down keyCode=1 flags=0x140109 repeat=0 verdict=no-cache
2026-08-09 00:34:18.076 Df macos-dock-cc-v2[68904:10e732f] [com.caye.macosdockcc.v2:fullscreen-green-probe] [fullscreen-green-probe] t=471841.081259 mouse-down point=(449.9,884.9) flipped=(449.9,555.1) flags=0x0 under=0 verdict=no-cache
2026-08-09 00:34:26.252 Df macos-dock-cc-v2[68904:10e732f] [com.caye.macosdockcc.v2:fullscreen-green-probe] [fullscreen-green-probe] t=471849.256730 space-notification
2026-08-09 00:34:27.916 Df macos-dock-cc-v2[68904:10e732f] [com.caye.macosdockcc.v2:fullscreen-green-probe] [fullscreen-green-probe] t=471850.921304 space-notification
2026-08-09 00:34:29.519 Df macos-dock-cc-v2[68904:10e732f] [com.caye.macosdockcc.v2:fullscreen-green-probe] [fullscreen-green-probe] t=471852.524020 space-notification
2026-08-09 00:34:30.900 Df macos-dock-cc-v2[68904:10e732f] [com.caye.macosdockcc.v2:fullscreen-green-probe] [fullscreen-green-probe] t=471853.905321 space-notification
2026-08-09 00:34:33.014 Df macos-dock-cc-v2[68904:10e732f] [com.caye.macosdockcc.v2:fullscreen-green-probe] [fullscreen-green-probe] t=471856.018596 space-notification
2026-08-09 00:34:34.248 Df macos-dock-cc-v2[68904:10e732f] [com.caye.macosdockcc.v2:fullscreen-green-probe] [fullscreen-green-probe] t=471857.253049 space-notification
2026-08-09 00:35:34.765 Df macos-dock-cc-v2[68904:10e732f] [com.caye.macosdockcc.v2:fullscreen-green-probe] [fullscreen-green-probe] t=471917.769379 mouse-down point=(1219.0,1405.9) flipped=(1219.0,34.1) flags=0x0 under=0 verdict=no-cache
2026-08-09 00:35:36.004 Df macos-dock-cc-v2[68904:10e732f] [com.caye.macosdockcc.v2:fullscreen-green-probe] [fullscreen-green-probe] t=471919.009126 mouse-down point=(1530.0,1080.5) flipped=(1530.0,359.5) flags=0x0 under=0 verdict=no-cache
2026-08-09 00:35:36.558 Df macos-dock-cc-v2[68904:10e732f] [com.caye.macosdockcc.v2:fullscreen-green-probe] [fullscreen-green-probe] t=471919.562427 mouse-down point=(1513.0,1086.9) flipped=(1513.0,353.1) flags=0x0 under=0 verdict=no-cache
2026-08-09 00:35:37.677 Df macos-dock-cc-v2[68904:10e732f] [com.caye.macosdockcc.v2:fullscreen-green-probe] [fullscreen-green-probe] t=471920.681383 mouse-down point=(1506.5,1094.1) flipped=(1506.5,345.9) flags=0x0 under=0 verdict=no-cache
2026-08-09 00:35:48.164 Df macos-dock-cc-v2[68904:10e732f] [com.caye.macosdockcc.v2:fullscreen-green-probe] [fullscreen-green-probe] t=471931.168672 key-down keyCode=0 flags=0x100 repeat=0 verdict=no-cache
2026-08-09 00:35:48.396 Df macos-dock-cc-v2[68904:10e732f] [com.caye.macosdockcc.v2:fullscreen-green-probe] [fullscreen-green-probe] t=471931.401301 mouse-down point=(1778.7,963.6) flipped=(1778.7,476.4) flags=0x0 under=0 verdict=no-cache
2026-08-09 00:35:49.684 Df macos-dock-cc-v2[68904:10e732f] [com.caye.macosdockcc.v2:fullscreen-green-probe] [fullscreen-green-probe] t=471932.689324 mouse-down point=(1772.7,964.8) flipped=(1772.7,475.2) flags=0x0 under=0 verdict=no-cache
2026-08-09 00:35:49.820 Df macos-dock-cc-v2[68904:10e732f] [com.caye.macosdockcc.v2:fullscreen-green-probe] [fullscreen-green-probe] t=471932.825192 mouse-down point=(1772.7,964.8) flipped=(1772.7,475.2) flags=0x0 under=0 verdict=no-cache
2026-08-09 00:35:50.652 Df macos-dock-cc-v2[68904:10e732f] [com.caye.macosdockcc.v2:fullscreen-green-probe] [fullscreen-green-probe] t=471933.657176 mouse-down point=(1737.3,956.8) flipped=(1737.3,483.2) flags=0x0 under=0 verdict=no-cache
2026-08-09 00:35:52.750 Df macos-dock-cc-v2[68904:10e732f] [com.caye.macosdockcc.v2:fullscreen-green-probe] [fullscreen-green-probe] t=471935.754987 mouse-down point=(1091.0,92.6) flipped=(1091.0,1347.4) flags=0x0 under=0 verdict=no-cache
2026-08-09 00:35:55.645 Df macos-dock-cc-v2[68904:10e732f] [com.caye.macosdockcc.v2:fullscreen-green-probe] [fullscreen-green-probe] t=471938.649659 mouse-down point=(1013.2,215.5) flipped=(1013.2,1224.5) flags=0x0 under=0 verdict=no-cache
2026-08-09 00:35:59.149 Df macos-dock-cc-v2[68904:10e732f] [com.caye.macosdockcc.v2:fullscreen-green-probe] [fullscreen-green-probe] t=471942.153373 mouse-down point=(16.1,168.3) flipped=(16.1,1271.7) flags=0x0 under=0 verdict=no-cache
2026-08-09 00:35:59.484 Df macos-dock-cc-v2[68904:10e732f] [com.caye.macosdockcc.v2:fullscreen-green-probe] [fullscreen-green-probe] t=471942.489129 mouse-down point=(305.8,263.0) flipped=(305.8,1177.0) flags=0x0 under=0 verdict=no-cache
2026-08-09 00:35:59.700 Df macos-dock-cc-v2[68904:10e732f] [com.caye.macosdockcc.v2:fullscreen-green-probe] [fullscreen-green-probe] t=471942.705038 mouse-down point=(356.3,274.5) flipped=(356.3,1165.5) flags=0x0 under=0 verdict=no-cache
2026-08-09 00:36:00.396 Df macos-dock-cc-v2[68904:10e732f] [com.caye.macosdockcc.v2:fullscreen-green-probe] [fullscreen-green-probe] t=471943.401105 mouse-down point=(790.5,330.5) flipped=(790.5,1109.5) flags=0x0 under=0 verdict=no-cache
2026-08-09 00:36:01.333 Df macos-dock-cc-v2[68904:10e732f] [com.caye.macosdockcc.v2:fullscreen-green-probe] [fullscreen-green-probe] t=471944.337496 mouse-down point=(678.9,368.4) flipped=(678.9,1071.6) flags=0x0 under=0 verdict=no-cache
2026-08-09 00:36:02.219 Df macos-dock-cc-v2[68904:10e732f] [com.caye.macosdockcc.v2:fullscreen-green-probe] [fullscreen-green-probe] t=471945.223731 key-down keyCode=6 flags=0x100 repeat=0 verdict=no-cache
2026-08-09 00:36:02.492 Df macos-dock-cc-v2[68904:10e732f] [com.caye.macosdockcc.v2:fullscreen-green-probe] [fullscreen-green-probe] t=471945.497187 mouse-down point=(1605.1,639.3) flipped=(1605.1,800.7) flags=0x0 under=0 verdict=no-cache
2026-08-09 00:36:02.682 Df macos-dock-cc-v2[68904:10e732f] [com.caye.macosdockcc.v2:fullscreen-green-probe] [fullscreen-green-probe] t=471945.686901 key-down keyCode=49 flags=0x100 repeat=0 verdict=no-cache
2026-08-09 00:36:02.916 Df macos-dock-cc-v2[68904:10e732f] [com.caye.macosdockcc.v2:fullscreen-green-probe] [fullscreen-green-probe] t=471945.921011 mouse-down point=(1674.8,721.4) flipped=(1674.8,718.6) flags=0x0 under=0 verdict=no-cache
2026-08-09 00:36:03.500 Df macos-dock-cc-v2[68904:10e732f] [com.caye.macosdockcc.v2:fullscreen-green-probe] [fullscreen-green-probe] t=471946.505151 mouse-down point=(1412.4,699.4) flipped=(1412.4,740.6) flags=0x0 under=0 verdict=no-cache
2026-08-09 00:36:04.833 Df macos-dock-cc-v2[68904:10e732f] [com.caye.macosdockcc.v2:fullscreen-green-probe] [fullscreen-green-probe] t=471947.838179 mouse-down point=(1687.6,851.3) flipped=(1687.6,588.7) flags=0x0 under=0 verdict=no-cache
2026-08-09 00:36:05.772 Df macos-dock-cc-v2[68904:10e732f] [com.caye.macosdockcc.v2:fullscreen-green-probe] [fullscreen-green-probe] t=471948.777198 key-down keyCode=0 flags=0x100 repeat=0 verdict=no-cache
2026-08-09 00:36:05.909 Df macos-dock-cc-v2[68904:10e732f] [com.caye.macosdockcc.v2:fullscreen-green-probe] [fullscreen-green-probe] t=471948.913609 mouse-down point=(1916.9,873.9) flipped=(1916.9,566.1) flags=0x0 under=0 verdict=no-cache
2026-08-09 00:36:06.184 Df macos-dock-cc-v2[68904:10e732f] [com.caye.macosdockcc.v2:fullscreen-green-probe] [fullscreen-green-probe] t=471949.188497 mouse-down point=(1916.9,873.9) flipped=(1916.9,566.1) flags=0x0 under=0 verdict=no-cache
2026-08-09 00:36:06.661 Df macos-dock-cc-v2[68904:10e732f] [com.caye.macosdockcc.v2:fullscreen-green-probe] [fullscreen-green-probe] t=471949.665968 mouse-down point=(1853.8,872.3) flipped=(1853.8,567.7) flags=0x0 under=0 verdict=no-cache
2026-08-09 00:36:08.028 Df macos-dock-cc-v2[68904:10e732f] [com.caye.macosdockcc.v2:fullscreen-green-probe] [fullscreen-green-probe] t=471951.033203 mouse-down point=(1198.8,95.1) flipped=(1198.8,1344.9) flags=0x0 under=0 verdict=no-cache
2026-08-09 00:36:08.669 Df macos-dock-cc-v2[68904:10e732f] [com.caye.macosdockcc.v2:fullscreen-green-probe] [fullscreen-green-probe] t=471951.673683 mouse-down point=(1152.8,231.0) flipped=(1152.8,1209.0) flags=0x0 under=0 verdict=no-cache
2026-08-09 00:36:09.453 Df macos-dock-cc-v2[68904:10e732f] [com.caye.macosdockcc.v2:fullscreen-green-probe] [fullscreen-green-probe] t=471952.457499 mouse-down point=(32.5,187.7) flipped=(32.5,1252.3) flags=0x0 under=0 verdict=no-cache
2026-08-09 00:36:09.836 Df macos-dock-cc-v2[68904:10e732f] [com.caye.macosdockcc.v2:fullscreen-green-probe] [fullscreen-green-probe] t=471952.841181 mouse-down point=(30.7,178.9) flipped=(30.7,1261.1) flags=0x0 under=0 verdict=no-cache
2026-08-09 00:36:10.203 Df macos-dock-cc-v2[68904:10e732f] [com.caye.macosdockcc.v2:fullscreen-green-probe] [fullscreen-green-probe] t=471953.207407 mouse-down point=(666.2,438.2) flipped=(666.2,1001.8) flags=0x0 under=0 verdict=no-cache
2026-08-09 00:36:10.637 Df macos-dock-cc-v2[68904:10e732f] [com.caye.macosdockcc.v2:fullscreen-green-probe] [fullscreen-green-probe] t=471953.641867 key-down keyCode=6 flags=0x100 repeat=0 verdict=no-cache
2026-08-09 00:36:10.852 Df macos-dock-cc-v2[68904:10e732f] [com.caye.macosdockcc.v2:fullscreen-green-probe] [fullscreen-green-probe] t=471953.857116 mouse-down point=(1515.9,796.5) flipped=(1515.9,643.5) flags=0x0 under=0 verdict=no-cache
2026-08-09 00:36:11.052 Df macos-dock-cc-v2[68904:10e732f] [com.caye.macosdockcc.v2:fullscreen-green-probe] [fullscreen-green-probe] t=471954.057278 key-down keyCode=49 flags=0x100 repeat=0 verdict=no-cache
2026-08-09 00:36:11.356 Df macos-dock-cc-v2[68904:10e732f] [com.caye.macosdockcc.v2:fullscreen-green-probe] [fullscreen-green-probe] t=471954.361129 mouse-down point=(1619.8,855.9) flipped=(1619.8,584.1) flags=0x0 under=0 verdict=no-cache
2026-08-09 00:36:11.552 Df macos-dock-cc-v2[68904:10e732f] [com.caye.macosdockcc.v2:fullscreen-green-probe] [fullscreen-green-probe] t=471954.556783 key-down keyCode=49 flags=0x100 repeat=1 verdict=no-cache
2026-08-09 00:36:11.634 Df macos-dock-cc-v2[68904:10e732f] [com.caye.macosdockcc.v2:fullscreen-green-probe] [fullscreen-green-probe] t=471954.639281 key-down keyCode=49 flags=0x100 repeat=1 verdict=no-cache
2026-08-09 00:36:11.718 Df macos-dock-cc-v2[68904:10e732f] [com.caye.macosdockcc.v2:fullscreen-green-probe] [fullscreen-green-probe] t=471954.722654 key-down keyCode=49 flags=0x100 repeat=1 verdict=no-cache
2026-08-09 00:36:12.124 Df macos-dock-cc-v2[68904:10e732f] [com.caye.macosdockcc.v2:fullscreen-green-probe] [fullscreen-green-probe] t=471955.129271 mouse-down point=(1405.9,811.2) flipped=(1405.9,628.8) flags=0x0 under=0 verdict=no-cache
2026-08-09 00:36:12.751 Df macos-dock-cc-v2[68904:10e732f] [com.caye.macosdockcc.v2:fullscreen-green-probe] [fullscreen-green-probe] t=471955.756180 mouse-down point=(1663.4,807.9) flipped=(1663.4,632.1) flags=0x0 under=0 verdict=no-cache
2026-08-09 00:36:13.102 Df macos-dock-cc-v2[68904:10e732f] [com.caye.macosdockcc.v2:fullscreen-green-probe] [fullscreen-green-probe] t=471956.107018 key-down keyCode=0 flags=0x100 repeat=0 verdict=no-cache
2026-08-09 00:36:13.376 Df macos-dock-cc-v2[68904:10e732f] [com.caye.macosdockcc.v2:fullscreen-green-probe] [fullscreen-green-probe] t=471956.380859 mouse-down point=(1643.7,799.2) flipped=(1643.7,640.8) flags=0x0 under=0 verdict=no-cache
2026-08-09 00:36:13.724 Df macos-dock-cc-v2[68904:10e732f] [com.caye.macosdockcc.v2:fullscreen-green-probe] [fullscreen-green-probe] t=471956.729245 mouse-down point=(1552.6,803.4) flipped=(1552.6,636.6) flags=0x0 under=0 verdict=no-cache
2026-08-09 00:36:16.474 Df macos-dock-cc-v2[68904:10e732f] [com.caye.macosdockcc.v2:fullscreen-green-probe] [fullscreen-green-probe] t=471959.478333 key-down keyCode=6 flags=0x100 repeat=0 verdict=no-cache
2026-08-09 00:36:16.622 Df macos-dock-cc-v2[68904:10e732f] [com.caye.macosdockcc.v2:fullscreen-green-probe] [fullscreen-green-probe] t=471959.626885 mouse-down point=(1770.9,812.6) flipped=(1770.9,627.4) flags=0x0 under=0 verdict=no-cache
2026-08-09 00:36:17.170 Df macos-dock-cc-v2[68904:10e732f] [com.caye.macosdockcc.v2:fullscreen-green-probe] [fullscreen-green-probe] t=471960.174784 key-down keyCode=9 flags=0x100 repeat=0 verdict=no-cache
2026-08-09 00:36:17.689 Df macos-dock-cc-v2[68904:10e732f] [com.caye.macosdockcc.v2:fullscreen-green-probe] [fullscreen-green-probe] t=471960.693792 mouse-down point=(1510.9,772.4) flipped=(1510.9,667.6) flags=0x0 under=0 verdict=no-cache
2026-08-09 00:36:17.874 Df macos-dock-cc-v2[68904:10e732f] [com.caye.macosdockcc.v2:fullscreen-green-probe] [fullscreen-green-probe] t=471960.878732 key-down keyCode=6 flags=0x100 repeat=0 verdict=no-cache
2026-08-09 00:36:18.223 Df macos-dock-cc-v2[68904:10e732f] [com.caye.macosdockcc.v2:fullscreen-green-probe] [fullscreen-green-probe] t=471961.227451 mouse-down point=(1536.1,740.1) flipped=(1536.1,699.9) flags=0x0 under=0 verdict=no-cache
2026-08-09 00:36:18.662 Df macos-dock-cc-v2[68904:10e732f] [com.caye.macosdockcc.v2:fullscreen-green-probe] [fullscreen-green-probe] t=471961.666972 key-down keyCode=49 flags=0x100 repeat=0 verdict=no-cache
2026-08-09 00:36:18.669 Df macos-dock-cc-v2[68904:10e732f] [com.caye.macosdockcc.v2:fullscreen-green-probe] [fullscreen-green-probe] t=471961.674134 mouse-down point=(1646.1,758.2) flipped=(1646.1,681.8) flags=0x0 under=0 verdict=no-cache
2026-08-09 00:36:19.109 Df macos-dock-cc-v2[68904:10e732f] [com.caye.macosdockcc.v2:fullscreen-green-probe] [fullscreen-green-probe] t=471962.113497 key-down keyCode=49 flags=0x100 repeat=1 verdict=no-cache
2026-08-09 00:36:19.188 Df macos-dock-cc-v2[68904:10e732f] [com.caye.macosdockcc.v2:fullscreen-green-probe] [fullscreen-green-probe] t=471962.192967 key-down keyCode=9 flags=0x100 repeat=0 verdict=no-cache
2026-08-09 00:36:19.505 Df macos-dock-cc-v2[68904:10e732f] [com.caye.macosdockcc.v2:fullscreen-green-probe] [fullscreen-green-probe] t=471962.510290 mouse-down point=(1368.2,791.3) flipped=(1368.2,648.7) flags=0x0 under=0 verdict=no-cache
2026-08-09 00:36:19.921 Df macos-dock-cc-v2[68904:10e732f] [com.caye.macosdockcc.v2:fullscreen-green-probe] [fullscreen-green-probe] t=471962.925759 mouse-down point=(1354.5,789.6) flipped=(1354.5,650.4) flags=0x0 under=0 verdict=no-cache
2026-08-09 00:36:21.324 Df macos-dock-cc-v2[68904:10e732f] [com.caye.macosdockcc.v2:fullscreen-green-probe] [fullscreen-green-probe] t=471964.329272 mouse-down point=(1365.3,783.1) flipped=(1365.3,656.9) flags=0x0 under=0 verdict=no-cache
2026-08-09 00:36:22.209 Df macos-dock-cc-v2[68904:10e732f] [com.caye.macosdockcc.v2:fullscreen-green-probe] [fullscreen-green-probe] t=471965.213638 key-down keyCode=6 flags=0x100108 repeat=0 verdict=no-cache
2026-08-09 00:36:22.625 Df macos-dock-cc-v2[68904:10e732f] [com.caye.macosdockcc.v2:fullscreen-green-probe] [fullscreen-green-probe] t=471965.629605 key-down keyCode=6 flags=0x100108 repeat=0 verdict=no-cache
2026-08-09 00:36:23.192 Df macos-dock-cc-v2[68904:10e732f] [com.caye.macosdockcc.v2:fullscreen-green-probe] [fullscreen-green-probe] t=471966.196473 key-down keyCode=6 flags=0x100108 repeat=0 verdict=no-cache
2026-08-09 00:36:24.108 Df macos-dock-cc-v2[68904:10e732f] [com.caye.macosdockcc.v2:fullscreen-green-probe] [fullscreen-green-probe] t=471967.112972 mouse-down point=(1371.2,786.2) flipped=(1371.2,653.8) flags=0x0 under=0 verdict=no-cache
2026-08-09 00:36:24.425 Df macos-dock-cc-v2[68904:10e732f] [com.caye.macosdockcc.v2:fullscreen-green-probe] [fullscreen-green-probe] t=471967.429439 mouse-down point=(1375.6,790.2) flipped=(1375.6,649.8) flags=0x0 under=0 verdict=no-cache
2026-08-09 00:36:24.892 Df macos-dock-cc-v2[68904:10e732f] [com.caye.macosdockcc.v2:fullscreen-green-probe] [fullscreen-green-probe] t=471967.897091 mouse-down point=(1342.4,800.6) flipped=(1342.4,639.4) flags=0x0 under=0 verdict=no-cache
2026-08-09 00:36:26.043 Df macos-dock-cc-v2[68904:10e732f] [com.caye.macosdockcc.v2:fullscreen-green-probe] [fullscreen-green-probe] t=471969.047592 mouse-down point=(1364.5,803.8) flipped=(1364.5,636.2) flags=0x0 under=0 verdict=no-cache
2026-08-09 00:36:27.595 Df macos-dock-cc-v2[68904:10e732f] [com.caye.macosdockcc.v2:fullscreen-green-probe] [fullscreen-green-probe] t=471970.599492 key-down keyCode=48 flags=0x100108 repeat=0 verdict=no-cache
2026-08-09 00:36:30.321 Df macos-dock-cc-v2[68904:10e732f] [com.caye.macosdockcc.v2:fullscreen-green-probe] [fullscreen-green-probe] t=471973.325644 key-down keyCode=48 flags=0x100108 repeat=0 verdict=no-cache
2026-08-09 00:36:30.759 Df macos-dock-cc-v2[68904:10e732f] [com.caye.macosdockcc.v2:fullscreen-green-probe] [fullscreen-green-probe] t=471973.763601 key-down keyCode=48 flags=0x100108 repeat=0 verdict=no-cache
2026-08-09 00:37:35.707 Df macos-dock-cc-v2[68904:10e732f] [com.caye.macosdockcc.v2:fullscreen-green-probe] [fullscreen-green-probe] t=472038.711454 key-down keyCode=36 flags=0x100 repeat=0 verdict=no-cache
2026-08-09 00:37:36.923 Df macos-dock-cc-v2[68904:10e732f] [com.caye.macosdockcc.v2:fullscreen-green-probe] [fullscreen-green-probe] t=472039.927862 key-down keyCode=125 flags=0xa00100 repeat=0 verdict=no-cache
2026-08-09 00:37:37.343 Df macos-dock-cc-v2[68904:10e732f] [com.caye.macosdockcc.v2:fullscreen-green-probe] [fullscreen-green-probe] t=472040.348262 key-down keyCode=126 flags=0xa00100 repeat=0 verdict=no-cache
2026-08-09 00:37:37.933 Df macos-dock-cc-v2[68904:10e732f] [com.caye.macosdockcc.v2:fullscreen-green-probe] [fullscreen-green-probe] t=472040.937968 key-down keyCode=125 flags=0xa00100 repeat=0 verdict=no-cache
2026-08-09 00:37:38.409 Df macos-dock-cc-v2[68904:10e732f] [com.caye.macosdockcc.v2:fullscreen-green-probe] [fullscreen-green-probe] t=472041.414079 key-down keyCode=126 flags=0xa00100 repeat=0 verdict=no-cache
2026-08-09 00:37:51.058 Df macos-dock-cc-v2[68904:10e732f] [com.caye.macosdockcc.v2:fullscreen-green-probe] [fullscreen-green-probe] t=472054.063178 key-down keyCode=125 flags=0xa00100 repeat=0 verdict=no-cache
2026-08-09 00:37:51.663 Df macos-dock-cc-v2[68904:10e732f] [com.caye.macosdockcc.v2:fullscreen-green-probe] [fullscreen-green-probe] t=472054.667661 key-down keyCode=126 flags=0xa00100 repeat=0 verdict=no-cache
2026-08-09 00:37:52.182 Df macos-dock-cc-v2[68904:10e732f] [com.caye.macosdockcc.v2:fullscreen-green-probe] [fullscreen-green-probe] t=472055.187117 key-down keyCode=125 flags=0xa00100 repeat=0 verdict=no-cache
2026-08-09 00:37:53.079 Df macos-dock-cc-v2[68904:10e732f] [com.caye.macosdockcc.v2:fullscreen-green-probe] [fullscreen-green-probe] t=472056.083887 key-down keyCode=126 flags=0xa00100 repeat=0 verdict=no-cache
2026-08-09 00:38:05.743 Df macos-dock-cc-v2[68904:10e732f] [com.caye.macosdockcc.v2:fullscreen-green-probe] [fullscreen-green-probe] t=472068.747973 key-down keyCode=36 flags=0x100 repeat=0 verdict=no-cache
2026-08-09 00:38:08.033 Df macos-dock-cc-v2[68904:10e732f] [com.caye.macosdockcc.v2:fullscreen-green-probe] [fullscreen-green-probe] t=472071.038125 key-down keyCode=125 flags=0xa00100 repeat=0 verdict=no-cache
2026-08-09 00:38:08.657 Df macos-dock-cc-v2[68904:10e732f] [com.caye.macosdockcc.v2:fullscreen-green-probe] [fullscreen-green-probe] t=472071.661420 key-down keyCode=126 flags=0xa00100 repeat=0 verdict=no-cache
2026-08-09 00:38:17.532 Df macos-dock-cc-v2[68904:10e732f] [com.caye.macosdockcc.v2:fullscreen-green-probe] [fullscreen-green-probe] t=472080.536562 key-down keyCode=125 flags=0xa00100 repeat=0 verdict=no-cache
2026-08-09 00:38:17.882 Df macos-dock-cc-v2[68904:10e732f] [com.caye.macosdockcc.v2:fullscreen-green-probe] [fullscreen-green-probe] t=472080.887256 key-down keyCode=125 flags=0xa00100 repeat=0 verdict=no-cache
2026-08-09 00:38:18.109 Df macos-dock-cc-v2[68904:10e732f] [com.caye.macosdockcc.v2:fullscreen-green-probe] [fullscreen-green-probe] t=472081.114084 key-down keyCode=125 flags=0xa00100 repeat=0 verdict=no-cache
2026-08-09 00:38:18.632 Df macos-dock-cc-v2[68904:10e732f] [com.caye.macosdockcc.v2:fullscreen-green-probe] [fullscreen-green-probe] t=472081.637203 key-down keyCode=126 flags=0xa00100 repeat=0 verdict=no-cache
2026-08-09 00:38:20.058 Df macos-dock-cc-v2[68904:10e732f] [com.caye.macosdockcc.v2:fullscreen-green-probe] [fullscreen-green-probe] t=472083.062520 key-down keyCode=45 flags=0x100 repeat=0 verdict=no-cache
2026-08-09 00:38:20.143 Df macos-dock-cc-v2[68904:10e732f] [com.caye.macosdockcc.v2:fullscreen-green-probe] [fullscreen-green-probe] t=472083.148077 key-down keyCode=34 flags=0x100 repeat=0 verdict=no-cache
2026-08-09 00:38:20.365 Df macos-dock-cc-v2[68904:10e732f] [com.caye.macosdockcc.v2:fullscreen-green-probe] [fullscreen-green-probe] t=472083.369866 key-down keyCode=5 flags=0x100 repeat=0 verdict=no-cache
2026-08-09 00:38:20.791 Df macos-dock-cc-v2[68904:10e732f] [com.caye.macosdockcc.v2:fullscreen-green-probe] [fullscreen-green-probe] t=472083.795448 key-down keyCode=34 flags=0x100 repeat=0 verdict=no-cache
2026-08-09 00:38:21.382 Df macos-dock-cc-v2[68904:10e732f] [com.caye.macosdockcc.v2:fullscreen-green-probe] [fullscreen-green-probe] t=472084.386663 key-down keyCode=51 flags=0x100 repeat=0 verdict=no-cache
2026-08-09 00:38:21.621 Df macos-dock-cc-v2[68904:10e732f] [com.caye.macosdockcc.v2:fullscreen-green-probe] [fullscreen-green-probe] t=472084.625679 key-down keyCode=14 flags=0x100 repeat=0 verdict=no-cache
2026-08-09 00:38:21.782 Df macos-dock-cc-v2[68904:10e732f] [com.caye.macosdockcc.v2:fullscreen-green-probe] [fullscreen-green-probe] t=472084.786682 key-down keyCode=34 flags=0x100 repeat=0 verdict=no-cache
2026-08-09 00:38:21.961 Df macos-dock-cc-v2[68904:10e732f] [com.caye.macosdockcc.v2:fullscreen-green-probe] [fullscreen-green-probe] t=472084.966007 key-down keyCode=13 flags=0x100 repeat=0 verdict=no-cache
2026-08-09 00:38:22.060 Df macos-dock-cc-v2[68904:10e732f] [com.caye.macosdockcc.v2:fullscreen-green-probe] [fullscreen-green-probe] t=472085.064555 key-down keyCode=31 flags=0x100 repeat=0 verdict=no-cache
2026-08-09 00:38:22.451 Df macos-dock-cc-v2[68904:10e732f] [com.caye.macosdockcc.v2:fullscreen-green-probe] [fullscreen-green-probe] t=472085.456055 key-down keyCode=49 flags=0x100 repeat=0 verdict=no-cache
2026-08-09 00:38:23.632 Df macos-dock-cc-v2[68904:10e732f] [com.caye.macosdockcc.v2:fullscreen-green-probe] [fullscreen-green-probe] t=472086.637136 key-down keyCode=3 flags=0x100 repeat=0 verdict=no-cache
2026-08-09 00:38:23.881 Df macos-dock-cc-v2[68904:10e732f] [com.caye.macosdockcc.v2:fullscreen-green-probe] [fullscreen-green-probe] t=472086.886040 key-down keyCode=0 flags=0x100 repeat=0 verdict=no-cache
2026-08-09 00:38:24.017 Df macos-dock-cc-v2[68904:10e732f] [com.caye.macosdockcc.v2:fullscreen-green-probe] [fullscreen-green-probe] t=472087.021722 key-down keyCode=45 flags=0x100 repeat=0 verdict=no-cache
2026-08-09 00:38:24.212 Df macos-dock-cc-v2[68904:10e732f] [com.caye.macosdockcc.v2:fullscreen-green-probe] [fullscreen-green-probe] t=472087.216490 key-down keyCode=40 flags=0x100 repeat=0 verdict=no-cache
2026-08-09 00:38:24.465 Df macos-dock-cc-v2[68904:10e732f] [com.caye.macosdockcc.v2:fullscreen-green-probe] [fullscreen-green-probe] t=472087.469830 key-down keyCode=32 flags=0x100 repeat=0 verdict=no-cache
2026-08-09 00:38:24.625 Df macos-dock-cc-v2[68904:10e732f] [com.caye.macosdockcc.v2:fullscreen-green-probe] [fullscreen-green-probe] t=472087.629720 key-down keyCode=34 flags=0x100 repeat=0 verdict=no-cache
2026-08-09 00:38:24.839 Df macos-dock-cc-v2[68904:10e732f] [com.caye.macosdockcc.v2:fullscreen-green-probe] [fullscreen-green-probe] t=472087.843893 key-down keyCode=38 flags=0x100 repeat=0 verdict=no-cache
2026-08-09 00:38:24.902 Df macos-dock-cc-v2[68904:10e732f] [com.caye.macosdockcc.v2:fullscreen-green-probe] [fullscreen-green-probe] t=472087.907139 key-down keyCode=34 flags=0x100 repeat=0 verdict=no-cache
2026-08-09 00:38:25.085 Df macos-dock-cc-v2[68904:10e732f] [com.caye.macosdockcc.v2:fullscreen-green-probe] [fullscreen-green-probe] t=472088.089883 key-down keyCode=32 flags=0x100 repeat=0 verdict=no-cache
2026-08-09 00:38:25.235 Df macos-dock-cc-v2[68904:10e732f] [com.caye.macosdockcc.v2:fullscreen-green-probe] [fullscreen-green-probe] t=472088.239337 key-down keyCode=7 flags=0x100 repeat=0 verdict=no-cache
2026-08-09 00:38:25.286 Df macos-dock-cc-v2[68904:10e732f] [com.caye.macosdockcc.v2:fullscreen-green-probe] [fullscreen-green-probe] t=472088.291243 key-down keyCode=34 flags=0x100 repeat=0 verdict=no-cache
2026-08-09 00:38:25.505 Df macos-dock-cc-v2[68904:10e732f] [com.caye.macosdockcc.v2:fullscreen-green-probe] [fullscreen-green-probe] t=472088.509588 key-down keyCode=45 flags=0x100 repeat=0 verdict=no-cache
2026-08-09 00:38:25.585 Df macos-dock-cc-v2[68904:10e732f] [com.caye.macosdockcc.v2:fullscreen-green-probe] [fullscreen-green-probe] t=472088.590228 key-down keyCode=5 flags=0x100 repeat=0 verdict=no-cache
2026-08-09 00:38:25.750 Df macos-dock-cc-v2[68904:10e732f] [com.caye.macosdockcc.v2:fullscreen-green-probe] [fullscreen-green-probe] t=472088.754634 key-down keyCode=11 flags=0x100 repeat=0 verdict=no-cache
2026-08-09 00:38:25.822 Df macos-dock-cc-v2[68904:10e732f] [com.caye.macosdockcc.v2:fullscreen-green-probe] [fullscreen-green-probe] t=472088.826485 key-down keyCode=32 flags=0x100 repeat=0 verdict=no-cache
2026-08-09 00:38:26.103 Df macos-dock-cc-v2[68904:10e732f] [com.caye.macosdockcc.v2:fullscreen-green-probe] [fullscreen-green-probe] t=472089.108063 key-down keyCode=16 flags=0x100 repeat=0 verdict=no-cache
2026-08-09 00:38:26.297 Df macos-dock-cc-v2[68904:10e732f] [com.caye.macosdockcc.v2:fullscreen-green-probe] [fullscreen-green-probe] t=472089.301758 key-down keyCode=31 flags=0x100 repeat=0 verdict=no-cache
2026-08-09 00:38:26.463 Df macos-dock-cc-v2[68904:10e732f] [com.caye.macosdockcc.v2:fullscreen-green-probe] [fullscreen-green-probe] t=472089.468299 key-down keyCode=45 flags=0x100 repeat=0 verdict=no-cache
2026-08-09 00:38:26.564 Df macos-dock-cc-v2[68904:10e732f] [com.caye.macosdockcc.v2:fullscreen-green-probe] [fullscreen-green-probe] t=472089.568504 key-down keyCode=5 flags=0x100 repeat=0 verdict=no-cache
2026-08-09 00:38:26.807 Df macos-dock-cc-v2[68904:10e732f] [com.caye.macosdockcc.v2:fullscreen-green-probe] [fullscreen-green-probe] t=472089.811511 key-down keyCode=8 flags=0x100 repeat=0 verdict=no-cache
2026-08-09 00:38:26.911 Df macos-dock-cc-v2[68904:10e732f] [com.caye.macosdockcc.v2:fullscreen-green-probe] [fullscreen-green-probe] t=472089.915584 key-down keyCode=4 flags=0x100 repeat=0 verdict=no-cache
2026-08-09 00:38:27.003 Df macos-dock-cc-v2[68904:10e732f] [com.caye.macosdockcc.v2:fullscreen-green-probe] [fullscreen-green-probe] t=472090.007761 key-down keyCode=31 flags=0x100 repeat=0 verdict=no-cache
2026-08-09 00:38:27.194 Df macos-dock-cc-v2[68904:10e732f] [com.caye.macosdockcc.v2:fullscreen-green-probe] [fullscreen-green-probe] t=472090.198502 key-down keyCode=45 flags=0x100 repeat=0 verdict=no-cache
2026-08-09 00:38:27.225 Df macos-dock-cc-v2[68904:10e732f] [com.caye.macosdockcc.v2:fullscreen-green-probe] [fullscreen-green-probe] t=472090.229345 key-down keyCode=5 flags=0x100 repeat=0 verdict=no-cache
2026-08-09 00:38:27.574 Df macos-dock-cc-v2[68904:10e732f] [com.caye.macosdockcc.v2:fullscreen-green-probe] [fullscreen-green-probe] t=472090.578513 key-down keyCode=34 flags=0x100 repeat=0 verdict=no-cache
2026-08-09 00:38:27.577 Df macos-dock-cc-v2[68904:10e732f] [com.caye.macosdockcc.v2:fullscreen-green-probe] [fullscreen-green-probe] t=472090.581870 key-down keyCode=7 flags=0x100 repeat=0 verdict=no-cache
2026-08-09 00:38:27.772 Df macos-dock-cc-v2[68904:10e732f] [com.caye.macosdockcc.v2:fullscreen-green-probe] [fullscreen-green-probe] t=472090.777221 key-down keyCode=45 flags=0x100 repeat=0 verdict=no-cache
2026-08-09 00:38:27.951 Df macos-dock-cc-v2[68904:10e732f] [com.caye.macosdockcc.v2:fullscreen-green-probe] [fullscreen-green-probe] t=472090.956249 key-down keyCode=7 flags=0x100 repeat=0 verdict=no-cache
2026-08-09 00:38:28.060 Df macos-dock-cc-v2[68904:10e732f] [com.caye.macosdockcc.v2:fullscreen-green-probe] [fullscreen-green-probe] t=472091.064428 key-down keyCode=34 flags=0x100 repeat=0 verdict=no-cache
2026-08-09 00:38:28.505 Df macos-dock-cc-v2[68904:10e732f] [com.caye.macosdockcc.v2:fullscreen-green-probe] [fullscreen-green-probe] t=472091.510296 key-down keyCode=14 flags=0x100 repeat=0 verdict=no-cache
2026-08-09 00:38:29.023 Df macos-dock-cc-v2[68904:10e732f] [com.caye.macosdockcc.v2:fullscreen-green-probe] [fullscreen-green-probe] t=472092.028105 key-down keyCode=49 flags=0x100 repeat=0 verdict=no-cache
2026-08-09 00:38:29.675 Df macos-dock-cc-v2[68904:10e732f] [com.caye.macosdockcc.v2:fullscreen-green-probe] [fullscreen-green-probe] t=472092.680215 key-down keyCode=3 flags=0x100 repeat=0 verdict=no-cache
2026-08-09 00:38:29.990 Df macos-dock-cc-v2[68904:10e732f] [com.caye.macosdockcc.v2:fullscreen-green-probe] [fullscreen-green-probe] t=472092.995006 key-down keyCode=0 flags=0x100 repeat=0 verdict=no-cache
2026-08-09 00:38:30.170 Df macos-dock-cc-v2[68904:10e732f] [com.caye.macosdockcc.v2:fullscreen-green-probe] [fullscreen-green-probe] t=472093.174927 key-down keyCode=45 flags=0x100 repeat=0 verdict=no-cache
2026-08-09 00:38:30.403 Df macos-dock-cc-v2[68904:10e732f] [com.caye.macosdockcc.v2:fullscreen-green-probe] [fullscreen-green-probe] t=472093.408241 key-down keyCode=5 flags=0x100 repeat=0 verdict=no-cache
2026-08-09 00:38:30.668 Df macos-dock-cc-v2[68904:10e732f] [com.caye.macosdockcc.v2:fullscreen-green-probe] [fullscreen-green-probe] t=472093.672914 key-down keyCode=0 flags=0x100 repeat=0 verdict=no-cache
2026-08-09 00:38:30.867 Df macos-dock-cc-v2[68904:10e732f] [com.caye.macosdockcc.v2:fullscreen-green-probe] [fullscreen-green-probe] t=472093.871788 key-down keyCode=45 flags=0x100 repeat=0 verdict=no-cache
2026-08-09 00:38:31.099 Df macos-dock-cc-v2[68904:10e732f] [com.caye.macosdockcc.v2:fullscreen-green-probe] [fullscreen-green-probe] t=472094.103381 key-down keyCode=49 flags=0x100 repeat=0 verdict=no-cache
2026-08-09 00:38:32.459 Df macos-dock-cc-v2[68904:10e732f] [com.caye.macosdockcc.v2:fullscreen-green-probe] [fullscreen-green-probe] t=472095.463835 key-down keyCode=126 flags=0xa00100 repeat=0 verdict=no-cache
2026-08-09 00:38:32.660 Df macos-dock-cc-v2[68904:10e732f] [com.caye.macosdockcc.v2:fullscreen-green-probe] [fullscreen-green-probe] t=472095.664703 key-down keyCode=126 flags=0xa00100 repeat=0 verdict=no-cache
2026-08-09 00:38:32.841 Df macos-dock-cc-v2[68904:10e732f] [com.caye.macosdockcc.v2:fullscreen-green-probe] [fullscreen-green-probe] t=472095.845877 key-down keyCode=126 flags=0xa00100 repeat=0 verdict=no-cache
2026-08-09 00:38:33.357 Df macos-dock-cc-v2[68904:10e732f] [com.caye.macosdockcc.v2:fullscreen-green-probe] [fullscreen-green-probe] t=472096.361885 key-down keyCode=125 flags=0xa00100 repeat=0 verdict=no-cache
2026-08-09 00:38:33.974 Df macos-dock-cc-v2[68904:10e732f] [com.caye.macosdockcc.v2:fullscreen-green-probe] [fullscreen-green-probe] t=472096.978424 key-down keyCode=125 flags=0xa00100 repeat=0 verdict=no-cache
2026-08-09 00:38:34.427 Df macos-dock-cc-v2[68904:10e732f] [com.caye.macosdockcc.v2:fullscreen-green-probe] [fullscreen-green-probe] t=472097.432263 key-down keyCode=126 flags=0xa00100 repeat=0 verdict=no-cache
2026-08-09 00:38:34.620 Df macos-dock-cc-v2[68904:10e732f] [com.caye.macosdockcc.v2:fullscreen-green-probe] [fullscreen-green-probe] t=472097.624992 key-down keyCode=126 flags=0xa00100 repeat=0 verdict=no-cache
2026-08-09 00:38:34.896 Df macos-dock-cc-v2[68904:10e732f] [com.caye.macosdockcc.v2:fullscreen-green-probe] [fullscreen-green-probe] t=472097.900934 key-down keyCode=126 flags=0xa00100 repeat=0 verdict=no-cache
2026-08-09 00:38:35.690 Df macos-dock-cc-v2[68904:10e732f] [com.caye.macosdockcc.v2:fullscreen-green-probe] [fullscreen-green-probe] t=472098.695320 key-down keyCode=36 flags=0x100 repeat=0 verdict=no-cache
2026-08-09 00:38:38.153 Df macos-dock-cc-v2[68904:10e732f] [com.caye.macosdockcc.v2:fullscreen-green-probe] [fullscreen-green-probe] t=472101.158223 key-down keyCode=36 flags=0x100 repeat=0 verdict=no-cache
2026-08-09 00:38:39.454 Df macos-dock-cc-v2[68904:10e732f] [com.caye.macosdockcc.v2:fullscreen-green-probe] [fullscreen-green-probe] t=472102.459263 key-down keyCode=45 flags=0x100 repeat=0 verdict=no-cache
2026-08-09 00:38:39.546 Df macos-dock-cc-v2[68904:10e732f] [com.caye.macosdockcc.v2:fullscreen-green-probe] [fullscreen-green-probe] t=472102.551168 key-down keyCode=34 flags=0x100 repeat=0 verdict=no-cache
2026-08-09 00:38:39.873 Df macos-dock-cc-v2[68904:10e732f] [com.caye.macosdockcc.v2:fullscreen-green-probe] [fullscreen-green-probe] t=472102.877941 key-down keyCode=5 flags=0x100 repeat=0 verdict=no-cache
2026-08-09 00:38:40.088 Df macos-dock-cc-v2[68904:10e732f] [com.caye.macosdockcc.v2:fullscreen-green-probe] [fullscreen-green-probe] t=472103.093246 key-down keyCode=14 flags=0x100 repeat=0 verdict=no-cache
2026-08-09 00:38:40.222 Df macos-dock-cc-v2[68904:10e732f] [com.caye.macosdockcc.v2:fullscreen-green-probe] [fullscreen-green-probe] t=472103.226942 key-down keyCode=34 flags=0x100 repeat=0 verdict=no-cache
2026-08-09 00:38:40.360 Df macos-dock-cc-v2[68904:10e732f] [com.caye.macosdockcc.v2:fullscreen-green-probe] [fullscreen-green-probe] t=472103.365082 key-down keyCode=13 flags=0x100 repeat=0 verdict=no-cache
2026-08-09 00:38:40.484 Df macos-dock-cc-v2[68904:10e732f] [com.caye.macosdockcc.v2:fullscreen-green-probe] [fullscreen-green-probe] t=472103.488462 key-down keyCode=31 flags=0x100 repeat=0 verdict=no-cache
2026-08-09 00:38:40.740 Df macos-dock-cc-v2[68904:10e732f] [com.caye.macosdockcc.v2:fullscreen-green-probe] [fullscreen-green-probe] t=472103.744700 key-down keyCode=49 flags=0x100 repeat=0 verdict=no-cache
2026-08-09 00:38:41.349 Df macos-dock-cc-v2[68904:10e732f] [com.caye.macosdockcc.v2:fullscreen-green-probe] [fullscreen-green-probe] t=472104.354091 key-down keyCode=3 flags=0x100 repeat=0 verdict=no-cache
2026-08-09 00:38:41.503 Df macos-dock-cc-v2[68904:10e732f] [com.caye.macosdockcc.v2:fullscreen-green-probe] [fullscreen-green-probe] t=472104.507881 key-down keyCode=0 flags=0x100 repeat=0 verdict=no-cache
2026-08-09 00:38:41.647 Df macos-dock-cc-v2[68904:10e732f] [com.caye.macosdockcc.v2:fullscreen-green-probe] [fullscreen-green-probe] t=472104.651858 key-down keyCode=45 flags=0x100 repeat=0 verdict=no-cache
2026-08-09 00:38:41.973 Df macos-dock-cc-v2[68904:10e732f] [com.caye.macosdockcc.v2:fullscreen-green-probe] [fullscreen-green-probe] t=472104.978227 key-down keyCode=40 flags=0x100 repeat=0 verdict=no-cache
2026-08-09 00:38:42.201 Df macos-dock-cc-v2[68904:10e732f] [com.caye.macosdockcc.v2:fullscreen-green-probe] [fullscreen-green-probe] t=472105.206066 key-down keyCode=32 flags=0x100 repeat=0 verdict=no-cache
2026-08-09 00:38:42.377 Df macos-dock-cc-v2[68904:10e732f] [com.caye.macosdockcc.v2:fullscreen-green-probe] [fullscreen-green-probe] t=472105.382013 key-down keyCode=34 flags=0x100 repeat=0 verdict=no-cache
2026-08-09 00:38:42.687 Df macos-dock-cc-v2[68904:10e732f] [com.caye.macosdockcc.v2:fullscreen-green-probe] [fullscreen-green-probe] t=472105.691940 key-down keyCode=16 flags=0x100 repeat=0 verdict=no-cache
2026-08-09 00:38:42.888 Df macos-dock-cc-v2[68904:10e732f] [com.caye.macosdockcc.v2:fullscreen-green-probe] [fullscreen-green-probe] t=472105.893212 key-down keyCode=34 flags=0x100 repeat=0 verdict=no-cache
2026-08-09 00:38:43.088 Df macos-dock-cc-v2[68904:10e732f] [com.caye.macosdockcc.v2:fullscreen-green-probe] [fullscreen-green-probe] t=472106.093151 key-down keyCode=38 flags=0x100 repeat=0 verdict=no-cache
2026-08-09 00:38:43.160 Df macos-dock-cc-v2[68904:10e732f] [com.caye.macosdockcc.v2:fullscreen-green-probe] [fullscreen-green-probe] t=472106.165194 key-down keyCode=34 flags=0x100 repeat=0 verdict=no-cache
2026-08-09 00:38:43.312 Df macos-dock-cc-v2[68904:10e732f] [com.caye.macosdockcc.v2:fullscreen-green-probe] [fullscreen-green-probe] t=472106.317259 key-down keyCode=0 flags=0x100 repeat=0 verdict=no-cache
2026-08-09 00:38:43.372 Df macos-dock-cc-v2[68904:10e732f] [com.caye.macosdockcc.v2:fullscreen-green-probe] [fullscreen-green-probe] t=472106.376984 key-down keyCode=45 flags=0x100 repeat=0 verdict=no-cache
2026-08-09 00:38:43.576 Df macos-dock-cc-v2[68904:10e732f] [com.caye.macosdockcc.v2:fullscreen-green-probe] [fullscreen-green-probe] t=472106.580992 key-down keyCode=38 flags=0x100 repeat=0 verdict=no-cache
2026-08-09 00:38:43.632 Df macos-dock-cc-v2[68904:10e732f] [com.caye.macosdockcc.v2:fullscreen-green-probe] [fullscreen-green-probe] t=472106.637006 key-down keyCode=34 flags=0x100 repeat=0 verdict=no-cache
2026-08-09 00:38:43.857 Df macos-dock-cc-v2[68904:10e732f] [com.caye.macosdockcc.v2:fullscreen-green-probe] [fullscreen-green-probe] t=472106.861985 key-down keyCode=32 flags=0x100 repeat=0 verdict=no-cache
2026-08-09 00:38:43.967 Df macos-dock-cc-v2[68904:10e732f] [com.caye.macosdockcc.v2:fullscreen-green-probe] [fullscreen-green-probe] t=472106.972231 key-down keyCode=7 flags=0x100 repeat=0 verdict=no-cache
2026-08-09 00:38:44.067 Df macos-dock-cc-v2[68904:10e732f] [com.caye.macosdockcc.v2:fullscreen-green-probe] [fullscreen-green-probe] t=472107.072273 key-down keyCode=34 flags=0x100 repeat=0 verdict=no-cache
2026-08-09 00:38:44.245 Df macos-dock-cc-v2[68904:10e732f] [com.caye.macosdockcc.v2:fullscreen-green-probe] [fullscreen-green-probe] t=472107.250114 key-down keyCode=45 flags=0x100 repeat=0 verdict=no-cache
2026-08-09 00:38:44.384 Df macos-dock-cc-v2[68904:10e732f] [com.caye.macosdockcc.v2:fullscreen-green-probe] [fullscreen-green-probe] t=472107.388951 key-down keyCode=5 flags=0x100 repeat=0 verdict=no-cache
2026-08-09 00:38:44.922 Df macos-dock-cc-v2[68904:10e732f] [com.caye.macosdockcc.v2:fullscreen-green-probe] [fullscreen-green-probe] t=472107.926489 key-down keyCode=49 flags=0x100 repeat=0 verdict=no-cache
2026-08-09 00:38:46.100 Df macos-dock-cc-v2[68904:10e732f] [com.caye.macosdockcc.v2:fullscreen-green-probe] [fullscreen-green-probe] t=472109.105161 key-down keyCode=36 flags=0x100 repeat=0 verdict=no-cache
2026-08-09 00:38:50.884 Df macos-dock-cc-v2[68904:10e732f] [com.caye.macosdockcc.v2:fullscreen-green-probe] [fullscreen-green-probe] t=472113.888566 mouse-down point=(822.8,1407.1) flipped=(822.8,32.9) flags=0x0 under=0 verdict=no-cache
2026-08-09 00:38:51.896 Df macos-dock-cc-v2[68904:10e732f] [com.caye.macosdockcc.v2:fullscreen-green-probe] [fullscreen-green-probe] t=472114.900510 mouse-down point=(1232.4,916.7) flipped=(1232.4,523.3) flags=0x0 under=0 verdict=no-cache
2026-08-09 00:38:52.679 Df macos-dock-cc-v2[68904:10e732f] [com.caye.macosdockcc.v2:fullscreen-green-probe] [fullscreen-green-probe] t=472115.684172 mouse-down point=(874.5,582.0) flipped=(874.5,858.0) flags=0x0 under=0 verdict=no-cache
2026-08-09 00:38:54.763 Df macos-dock-cc-v2[68904:10e732f] [com.caye.macosdockcc.v2:fullscreen-green-probe] [fullscreen-green-probe] t=472117.768029 mouse-down point=(1327.3,916.0) flipped=(1327.3,524.0) flags=0x0 under=0 verdict=no-cache
2026-08-09 00:38:56.063 Df macos-dock-cc-v2[68904:10e732f] [com.caye.macosdockcc.v2:fullscreen-green-probe] [fullscreen-green-probe] t=472119.068325 mouse-down point=(1400.4,880.9) flipped=(1400.4,559.1) flags=0x0 under=0 verdict=no-cache
2026-08-09 00:38:58.898 Df macos-dock-cc-v2[68904:10e732f] [com.caye.macosdockcc.v2:fullscreen-green-probe] [fullscreen-green-probe] t=472121.902714 mouse-down point=(1467.6,859.8) flipped=(1467.6,580.2) flags=0x0 under=0 verdict=no-cache
2026-08-09 00:38:59.548 Df macos-dock-cc-v2[68904:10e732f] [com.caye.macosdockcc.v2:fullscreen-green-probe] [fullscreen-green-probe] t=472122.552794 mouse-down point=(1438.8,866.5) flipped=(1438.8,573.5) flags=0x0 under=0 verdict=no-cache
2026-08-09 00:39:00.915 Df macos-dock-cc-v2[68904:10e732f] [com.caye.macosdockcc.v2:fullscreen-green-probe] [fullscreen-green-probe] t=472123.919858 mouse-down point=(1410.4,892.5) flipped=(1410.4,547.5) flags=0x0 under=0 verdict=no-cache
2026-08-09 00:39:03.887 Df macos-dock-cc-v2[68904:10e732f] [com.caye.macosdockcc.v2:fullscreen-green-probe] [fullscreen-green-probe] t=472126.892015 mouse-down point=(649.3,495.6) flipped=(649.3,944.4) flags=0x0 under=0 verdict=no-cache
2026-08-09 00:41:17.470 Df macos-dock-cc-v2[68904:10e732f] [com.caye.macosdockcc.v2:fullscreen-green-probe] [fullscreen-green-probe] t=472260.474449 key-down keyCode=53 flags=0x100 repeat=0 verdict=no-cache
2026-08-09 00:41:18.237 Df macos-dock-cc-v2[68904:10e732f] [com.caye.macosdockcc.v2:fullscreen-green-probe] [fullscreen-green-probe] t=472261.241365 mouse-down point=(752.6,858.3) flipped=(752.6,581.7) flags=0x0 under=0 verdict=no-cache
2026-08-09 00:41:18.661 Df macos-dock-cc-v2[68904:10e732f] [com.caye.macosdockcc.v2:fullscreen-green-probe] [fullscreen-green-probe] t=472261.665661 key-down keyCode=53 flags=0x100 repeat=0 verdict=no-cache
2026-08-09 00:41:19.854 Df macos-dock-cc-v2[68904:10e732f] [com.caye.macosdockcc.v2:fullscreen-green-probe] [fullscreen-green-probe] t=472262.858567 key-down keyCode=6 flags=0x100 repeat=0 verdict=no-cache
2026-08-09 00:41:20.026 Df macos-dock-cc-v2[68904:10e732f] [com.caye.macosdockcc.v2:fullscreen-green-probe] [fullscreen-green-probe] t=472263.030409 key-down keyCode=4 flags=0x100 repeat=0 verdict=no-cache
2026-08-09 00:41:20.150 Df macos-dock-cc-v2[68904:10e732f] [com.caye.macosdockcc.v2:fullscreen-green-probe] [fullscreen-green-probe] t=472263.154449 key-down keyCode=14 flags=0x100 repeat=0 verdict=no-cache
2026-08-09 00:41:20.284 Df macos-dock-cc-v2[68904:10e732f] [com.caye.macosdockcc.v2:fullscreen-green-probe] [fullscreen-green-probe] t=472263.288704 key-down keyCode=5 flags=0x100 repeat=0 verdict=no-cache
2026-08-09 00:41:20.360 Df macos-dock-cc-v2[68904:10e732f] [com.caye.macosdockcc.v2:fullscreen-green-probe] [fullscreen-green-probe] t=472263.364773 key-down keyCode=14 flags=0x100 repeat=0 verdict=no-cache
2026-08-09 00:41:20.620 Df macos-dock-cc-v2[68904:10e732f] [com.caye.macosdockcc.v2:fullscreen-green-probe] [fullscreen-green-probe] t=472263.625174 key-down keyCode=49 flags=0x100 repeat=0 verdict=no-cache
2026-08-09 00:41:20.886 Df macos-dock-cc-v2[68904:10e732f] [com.caye.macosdockcc.v2:fullscreen-green-probe] [fullscreen-green-probe] t=472263.890645 key-down keyCode=3 flags=0x100 repeat=0 verdict=no-cache
2026-08-09 00:41:21.046 Df macos-dock-cc-v2[68904:10e732f] [com.caye.macosdockcc.v2:fullscreen-green-probe] [fullscreen-green-probe] t=472264.050490 key-down keyCode=0 flags=0x100 repeat=0 verdict=no-cache
2026-08-09 00:41:21.154 Df macos-dock-cc-v2[68904:10e732f] [com.caye.macosdockcc.v2:fullscreen-green-probe] [fullscreen-green-probe] t=472264.158521 key-down keyCode=45 flags=0x100 repeat=0 verdict=no-cache
2026-08-09 00:41:21.277 Df macos-dock-cc-v2[68904:10e732f] [com.caye.macosdockcc.v2:fullscreen-green-probe] [fullscreen-green-probe] t=472264.282251 key-down keyCode=5 flags=0x100 repeat=0 verdict=no-cache
2026-08-09 00:41:21.450 Df macos-dock-cc-v2[68904:10e732f] [com.caye.macosdockcc.v2:fullscreen-green-probe] [fullscreen-green-probe] t=472264.454951 key-down keyCode=0 flags=0x100 repeat=0 verdict=no-cache
2026-08-09 00:41:21.550 Df macos-dock-cc-v2[68904:10e732f] [com.caye.macosdockcc.v2:fullscreen-green-probe] [fullscreen-green-probe] t=472264.554789 key-down keyCode=45 flags=0x100 repeat=0 verdict=no-cache
2026-08-09 00:41:21.815 Df macos-dock-cc-v2[68904:10e732f] [com.caye.macosdockcc.v2:fullscreen-green-probe] [fullscreen-green-probe] t=472264.819668 key-down keyCode=49 flags=0x100 repeat=0 verdict=no-cache
2026-08-09 00:41:21.997 Df macos-dock-cc-v2[68904:10e732f] [com.caye.macosdockcc.v2:fullscreen-green-probe] [fullscreen-green-probe] t=472265.002171 key-down keyCode=7 flags=0x100 repeat=0 verdict=no-cache
2026-08-09 00:41:22.117 Df macos-dock-cc-v2[68904:10e732f] [com.caye.macosdockcc.v2:fullscreen-green-probe] [fullscreen-green-probe] t=472265.121709 key-down keyCode=32 flags=0x100 repeat=0 verdict=no-cache
2026-08-09 00:41:22.319 Df macos-dock-cc-v2[68904:10e732f] [com.caye.macosdockcc.v2:fullscreen-green-probe] [fullscreen-green-probe] t=472265.323664 key-down keyCode=16 flags=0x100 repeat=0 verdict=no-cache
2026-08-09 00:41:22.417 Df macos-dock-cc-v2[68904:10e732f] [com.caye.macosdockcc.v2:fullscreen-green-probe] [fullscreen-green-probe] t=472265.421665 key-down keyCode=0 flags=0x100 repeat=0 verdict=no-cache
2026-08-09 00:41:22.533 Df macos-dock-cc-v2[68904:10e732f] [com.caye.macosdockcc.v2:fullscreen-green-probe] [fullscreen-green-probe] t=472265.537756 key-down keyCode=31 flags=0x100 repeat=0 verdict=no-cache
2026-08-09 00:41:22.870 Df macos-dock-cc-v2[68904:10e732f] [com.caye.macosdockcc.v2:fullscreen-green-probe] [fullscreen-green-probe] t=472265.874756 key-down keyCode=49 flags=0x100 repeat=0 verdict=no-cache
2026-08-09 00:41:23.324 Df macos-dock-cc-v2[68904:10e732f] [com.caye.macosdockcc.v2:fullscreen-green-probe] [fullscreen-green-probe] t=472266.328974 key-down keyCode=37 flags=0x100 repeat=0 verdict=no-cache
2026-08-09 00:41:23.544 Df macos-dock-cc-v2[68904:10e732f] [com.caye.macosdockcc.v2:fullscreen-green-probe] [fullscreen-green-probe] t=472266.548717 key-down keyCode=32 flags=0x100 repeat=0 verdict=no-cache
2026-08-09 00:41:23.819 Df macos-dock-cc-v2[68904:10e732f] [com.caye.macosdockcc.v2:fullscreen-green-probe] [fullscreen-green-probe] t=472266.824295 key-down keyCode=45 flags=0x100 repeat=0 verdict=no-cache
2026-08-09 00:41:24.146 Df macos-dock-cc-v2[68904:10e732f] [com.caye.macosdockcc.v2:fullscreen-green-probe] [fullscreen-green-probe] t=472267.150921 key-down keyCode=7 flags=0x100 repeat=0 verdict=no-cache
2026-08-09 00:41:24.368 Df macos-dock-cc-v2[68904:10e732f] [com.caye.macosdockcc.v2:fullscreen-green-probe] [fullscreen-green-probe] t=472267.372980 key-down keyCode=32 flags=0x100 repeat=0 verdict=no-cache
2026-08-09 00:41:24.573 Df macos-dock-cc-v2[68904:10e732f] [com.caye.macosdockcc.v2:fullscreen-green-probe] [fullscreen-green-probe] t=472267.577690 key-down keyCode=45 flags=0x100 repeat=0 verdict=no-cache
2026-08-09 00:41:24.837 Df macos-dock-cc-v2[68904:10e732f] [com.caye.macosdockcc.v2:fullscreen-green-probe] [fullscreen-green-probe] t=472267.841684 key-down keyCode=49 flags=0x100 repeat=0 verdict=no-cache
2026-08-09 00:41:25.010 Df macos-dock-cc-v2[68904:10e732f] [com.caye.macosdockcc.v2:fullscreen-green-probe] [fullscreen-green-probe] t=472268.014751 key-down keyCode=1 flags=0x100 repeat=0 verdict=no-cache
2026-08-09 00:41:25.102 Df macos-dock-cc-v2[68904:10e732f] [com.caye.macosdockcc.v2:fullscreen-green-probe] [fullscreen-green-probe] t=472268.106569 key-down keyCode=4 flags=0x100 repeat=0 verdict=no-cache
2026-08-09 00:41:25.167 Df macos-dock-cc-v2[68904:10e732f] [com.caye.macosdockcc.v2:fullscreen-green-probe] [fullscreen-green-probe] t=472268.171707 key-down keyCode=34 flags=0x100 repeat=0 verdict=no-cache
2026-08-09 00:41:25.401 Df macos-dock-cc-v2[68904:10e732f] [com.caye.macosdockcc.v2:fullscreen-green-probe] [fullscreen-green-probe] t=472268.405848 key-down keyCode=46 flags=0x100 repeat=0 verdict=no-cache
2026-08-09 00:41:25.501 Df macos-dock-cc-v2[68904:10e732f] [com.caye.macosdockcc.v2:fullscreen-green-probe] [fullscreen-green-probe] t=472268.505678 key-down keyCode=0 flags=0x100 repeat=0 verdict=no-cache
2026-08-09 00:41:25.927 Df macos-dock-cc-v2[68904:10e732f] [com.caye.macosdockcc.v2:fullscreen-green-probe] [fullscreen-green-probe] t=472268.932299 key-down keyCode=49 flags=0x100 repeat=0 verdict=no-cache
2026-08-09 00:41:26.245 Df macos-dock-cc-v2[68904:10e732f] [com.caye.macosdockcc.v2:fullscreen-green-probe] [fullscreen-green-probe] t=472269.249516 key-down keyCode=44 flags=0x20104 repeat=0 verdict=no-cache
2026-08-09 00:41:26.992 Df macos-dock-cc-v2[68904:10e732f] [com.caye.macosdockcc.v2:fullscreen-green-probe] [fullscreen-green-probe] t=472269.997168 key-down keyCode=4 flags=0x100 repeat=0 verdict=no-cache
2026-08-09 00:41:27.076 Df macos-dock-cc-v2[68904:10e732f] [com.caye.macosdockcc.v2:fullscreen-green-probe] [fullscreen-green-probe] t=472270.080330 key-down keyCode=32 flags=0x100 repeat=0 verdict=no-cache
2026-08-09 00:41:27.290 Df macos-dock-cc-v2[68904:10e732f] [com.caye.macosdockcc.v2:fullscreen-green-probe] [fullscreen-green-probe] t=472270.294816 key-down keyCode=34 flags=0x100 repeat=0 verdict=no-cache
2026-08-09 00:41:27.495 Df macos-dock-cc-v2[68904:10e732f] [com.caye.macosdockcc.v2:fullscreen-green-probe] [fullscreen-green-probe] t=472270.499903 key-down keyCode=11 flags=0x100 repeat=0 verdict=no-cache
2026-08-09 00:41:27.594 Df macos-dock-cc-v2[68904:10e732f] [com.caye.macosdockcc.v2:fullscreen-green-probe] [fullscreen-green-probe] t=472270.599278 key-down keyCode=32 flags=0x100 repeat=0 verdict=no-cache
2026-08-09 00:41:27.778 Df macos-dock-cc-v2[68904:10e732f] [com.caye.macosdockcc.v2:fullscreen-green-probe] [fullscreen-green-probe] t=472270.783170 key-down keyCode=4 flags=0x100 repeat=0 verdict=no-cache
2026-08-09 00:41:27.842 Df macos-dock-cc-v2[68904:10e732f] [com.caye.macosdockcc.v2:fullscreen-green-probe] [fullscreen-green-probe] t=472270.846586 key-down keyCode=32 flags=0x100 repeat=0 verdict=no-cache
2026-08-09 00:41:28.036 Df macos-dock-cc-v2[68904:10e732f] [com.caye.macosdockcc.v2:fullscreen-green-probe] [fullscreen-green-probe] t=472271.040954 key-down keyCode=34 flags=0x100 repeat=0 verdict=no-cache
2026-08-09 00:41:28.455 Df macos-dock-cc-v2[68904:10e732f] [com.caye.macosdockcc.v2:fullscreen-green-probe] [fullscreen-green-probe] t=472271.459959 key-down keyCode=49 flags=0x100 repeat=0 verdict=no-cache
2026-08-09 00:41:28.664 Df macos-dock-cc-v2[68904:10e732f] [com.caye.macosdockcc.v2:fullscreen-green-probe] [fullscreen-green-probe] t=472271.668999 key-down keyCode=38 flags=0x100 repeat=0 verdict=no-cache
2026-08-09 00:41:28.736 Df macos-dock-cc-v2[68904:10e732f] [com.caye.macosdockcc.v2:fullscreen-green-probe] [fullscreen-green-probe] t=472271.740435 key-down keyCode=34 flags=0x100 repeat=0 verdict=no-cache
2026-08-09 00:41:28.788 Df macos-dock-cc-v2[68904:10e732f] [com.caye.macosdockcc.v2:fullscreen-green-probe] [fullscreen-green-probe] t=472271.792519 key-down keyCode=0 flags=0x100 repeat=0 verdict=no-cache
2026-08-09 00:41:29.018 Df macos-dock-cc-v2[68904:10e732f] [com.caye.macosdockcc.v2:fullscreen-green-probe] [fullscreen-green-probe] t=472272.022975 key-down keyCode=6 flags=0x100 repeat=0 verdict=no-cache
2026-08-09 00:41:29.089 Df macos-dock-cc-v2[68904:10e732f] [com.caye.macosdockcc.v2:fullscreen-green-probe] [fullscreen-green-probe] t=472272.094091 key-down keyCode=4 flags=0x100 repeat=0 verdict=no-cache
2026-08-09 00:41:29.245 Df macos-dock-cc-v2[68904:10e732f] [com.caye.macosdockcc.v2:fullscreen-green-probe] [fullscreen-green-probe] t=472272.250049 key-down keyCode=0 flags=0x100 repeat=0 verdict=no-cache
2026-08-09 00:41:29.307 Df macos-dock-cc-v2[68904:10e732f] [com.caye.macosdockcc.v2:fullscreen-green-probe] [fullscreen-green-probe] t=472272.311372 key-down keyCode=31 flags=0x100 repeat=0 verdict=no-cache
2026-08-09 00:41:29.853 Df macos-dock-cc-v2[68904:10e732f] [com.caye.macosdockcc.v2:fullscreen-green-probe] [fullscreen-green-probe] t=472272.857719 key-down keyCode=51 flags=0x100 repeat=0 verdict=no-cache
2026-08-09 00:41:30.041 Df macos-dock-cc-v2[68904:10e732f] [com.caye.macosdockcc.v2:fullscreen-green-probe] [fullscreen-green-probe] t=472273.046119 key-down keyCode=51 flags=0x100 repeat=0 verdict=no-cache
2026-08-09 00:41:30.979 Df macos-dock-cc-v2[68904:10e732f] [com.caye.macosdockcc.v2:fullscreen-green-probe] [fullscreen-green-probe] t=472273.983805 key-down keyCode=31 flags=0x100 repeat=0 verdict=no-cache
2026-08-09 00:41:31.157 Df macos-dock-cc-v2[68904:10e732f] [com.caye.macosdockcc.v2:fullscreen-green-probe] [fullscreen-green-probe] t=472274.161686 key-down keyCode=45 flags=0x100 repeat=0 verdict=no-cache
2026-08-09 00:41:31.229 Df macos-dock-cc-v2[68904:10e732f] [com.caye.macosdockcc.v2:fullscreen-green-probe] [fullscreen-green-probe] t=472274.233468 key-down keyCode=5 flags=0x100 repeat=0 verdict=no-cache
2026-08-09 00:41:31.629 Df macos-dock-cc-v2[68904:10e732f] [com.caye.macosdockcc.v2:fullscreen-green-probe] [fullscreen-green-probe] t=472274.634049 key-down keyCode=49 flags=0x100 repeat=0 verdict=no-cache
2026-08-09 00:41:31.817 Df macos-dock-cc-v2[68904:10e732f] [com.caye.macosdockcc.v2:fullscreen-green-probe] [fullscreen-green-probe] t=472274.822208 key-down keyCode=16 flags=0x100 repeat=0 verdict=no-cache
2026-08-09 00:41:32.037 Df macos-dock-cc-v2[68904:10e732f] [com.caye.macosdockcc.v2:fullscreen-green-probe] [fullscreen-green-probe] t=472275.042033 key-down keyCode=34 flags=0x100 repeat=0 verdict=no-cache
2026-08-09 00:41:32.184 Df macos-dock-cc-v2[68904:10e732f] [com.caye.macosdockcc.v2:fullscreen-green-probe] [fullscreen-green-probe] t=472275.188623 key-down keyCode=45 flags=0x100 repeat=0 verdict=no-cache
2026-08-09 00:41:32.248 Df macos-dock-cc-v2[68904:10e732f] [com.caye.macosdockcc.v2:fullscreen-green-probe] [fullscreen-green-probe] t=472275.252436 key-down keyCode=5 flags=0x100 repeat=0 verdict=no-cache
2026-08-09 00:41:32.434 Df macos-dock-cc-v2[68904:10e732f] [com.caye.macosdockcc.v2:fullscreen-green-probe] [fullscreen-green-probe] t=472275.438518 key-down keyCode=16 flags=0x100 repeat=0 verdict=no-cache
2026-08-09 00:41:32.636 Df macos-dock-cc-v2[68904:10e732f] [com.caye.macosdockcc.v2:fullscreen-green-probe] [fullscreen-green-probe] t=472275.640927 key-down keyCode=31 flags=0x100 repeat=0 verdict=no-cache
2026-08-09 00:41:32.793 Df macos-dock-cc-v2[68904:10e732f] [com.caye.macosdockcc.v2:fullscreen-green-probe] [fullscreen-green-probe] t=472275.797412 key-down keyCode=45 flags=0x100 repeat=0 verdict=no-cache
2026-08-09 00:41:32.892 Df macos-dock-cc-v2[68904:10e732f] [com.caye.macosdockcc.v2:fullscreen-green-probe] [fullscreen-green-probe] t=472275.897026 key-down keyCode=5 flags=0x100 repeat=0 verdict=no-cache
2026-08-09 00:41:33.242 Df macos-dock-cc-v2[68904:10e732f] [com.caye.macosdockcc.v2:fullscreen-green-probe] [fullscreen-green-probe] t=472276.246477 key-down keyCode=49 flags=0x100 repeat=0 verdict=no-cache
2026-08-09 00:41:33.505 Df macos-dock-cc-v2[68904:10e732f] [com.caye.macosdockcc.v2:fullscreen-green-probe] [fullscreen-green-probe] t=472276.509472 key-down keyCode=43 flags=0x100 repeat=0 verdict=no-cache
2026-08-09 00:41:33.823 Df macos-dock-cc-v2[68904:10e732f] [com.caye.macosdockcc.v2:fullscreen-green-probe] [fullscreen-green-probe] t=472276.827891 key-down keyCode=7 flags=0x100 repeat=0 verdict=no-cache
2026-08-09 00:41:33.977 Df macos-dock-cc-v2[68904:10e732f] [com.caye.macosdockcc.v2:fullscreen-green-probe] [fullscreen-green-probe] t=472276.982134 key-down keyCode=34 flags=0x100 repeat=0 verdict=no-cache
2026-08-09 00:41:34.723 Df macos-dock-cc-v2[68904:10e732f] [com.caye.macosdockcc.v2:fullscreen-green-probe] [fullscreen-green-probe] t=472277.728051 key-down keyCode=51 flags=0x100 repeat=0 verdict=no-cache
2026-08-09 00:41:34.860 Df macos-dock-cc-v2[68904:10e732f] [com.caye.macosdockcc.v2:fullscreen-green-probe] [fullscreen-green-probe] t=472277.864554 key-down keyCode=51 flags=0x100 repeat=0 verdict=no-cache
2026-08-09 00:41:35.369 Df macos-dock-cc-v2[68904:10e732f] [com.caye.macosdockcc.v2:fullscreen-green-probe] [fullscreen-green-probe] t=472278.373924 key-down keyCode=16 flags=0x100 repeat=0 verdict=no-cache
2026-08-09 00:41:35.570 Df macos-dock-cc-v2[68904:10e732f] [com.caye.macosdockcc.v2:fullscreen-green-probe] [fullscreen-green-probe] t=472278.574661 key-down keyCode=34 flags=0x100 repeat=0 verdict=no-cache
2026-08-09 00:41:35.723 Df macos-dock-cc-v2[68904:10e732f] [com.caye.macosdockcc.v2:fullscreen-green-probe] [fullscreen-green-probe] t=472278.727426 key-down keyCode=45 flags=0x100 repeat=0 verdict=no-cache
2026-08-09 00:41:35.791 Df macos-dock-cc-v2[68904:10e732f] [com.caye.macosdockcc.v2:fullscreen-green-probe] [fullscreen-green-probe] t=472278.795345 key-down keyCode=5 flags=0x100 repeat=0 verdict=no-cache
2026-08-09 00:41:35.998 Df macos-dock-cc-v2[68904:10e732f] [com.caye.macosdockcc.v2:fullscreen-green-probe] [fullscreen-green-probe] t=472279.002788 key-down keyCode=7 flags=0x100 repeat=0 verdict=no-cache
2026-08-09 00:41:36.122 Df macos-dock-cc-v2[68904:10e732f] [com.caye.macosdockcc.v2:fullscreen-green-probe] [fullscreen-green-probe] t=472279.126902 key-down keyCode=34 flags=0x100 repeat=0 verdict=no-cache
2026-08-09 00:41:36.224 Df macos-dock-cc-v2[68904:10e732f] [com.caye.macosdockcc.v2:fullscreen-green-probe] [fullscreen-green-probe] t=472279.229292 key-down keyCode=0 flags=0x100 repeat=0 verdict=no-cache
2026-08-09 00:41:36.324 Df macos-dock-cc-v2[68904:10e732f] [com.caye.macosdockcc.v2:fullscreen-green-probe] [fullscreen-green-probe] t=472279.329188 key-down keyCode=45 flags=0x100 repeat=0 verdict=no-cache
2026-08-09 00:41:36.425 Df macos-dock-cc-v2[68904:10e732f] [com.caye.macosdockcc.v2:fullscreen-green-probe] [fullscreen-green-probe] t=472279.429331 key-down keyCode=5 flags=0x100 repeat=0 verdict=no-cache
2026-08-09 00:41:36.701 Df macos-dock-cc-v2[68904:10e732f] [com.caye.macosdockcc.v2:fullscreen-green-probe] [fullscreen-green-probe] t=472279.705407 key-down keyCode=7 flags=0x100 repeat=0 verdict=no-cache
2026-08-09 00:41:36.805 Df macos-dock-cc-v2[68904:10e732f] [com.caye.macosdockcc.v2:fullscreen-green-probe] [fullscreen-green-probe] t=472279.809475 key-down keyCode=34 flags=0x100 repeat=0 verdict=no-cache
2026-08-09 00:41:36.961 Df macos-dock-cc-v2[68904:10e732f] [com.caye.macosdockcc.v2:fullscreen-green-probe] [fullscreen-green-probe] t=472279.966234 key-down keyCode=45 flags=0x100 repeat=0 verdict=no-cache
2026-08-09 00:41:37.045 Df macos-dock-cc-v2[68904:10e732f] [com.caye.macosdockcc.v2:fullscreen-green-probe] [fullscreen-green-probe] t=472280.050150 key-down keyCode=5 flags=0x100 repeat=0 verdict=no-cache
2026-08-09 00:41:37.171 Df macos-dock-cc-v2[68904:10e732f] [com.caye.macosdockcc.v2:fullscreen-green-probe] [fullscreen-green-probe] t=472280.175428 key-down keyCode=45 flags=0x100 repeat=0 verdict=no-cache
2026-08-09 00:41:37.275 Df macos-dock-cc-v2[68904:10e732f] [com.caye.macosdockcc.v2:fullscreen-green-probe] [fullscreen-green-probe] t=472280.280235 key-down keyCode=14 flags=0x100 repeat=0 verdict=no-cache
2026-08-09 00:41:37.359 Df macos-dock-cc-v2[68904:10e732f] [com.caye.macosdockcc.v2:fullscreen-green-probe] [fullscreen-green-probe] t=472280.364273 key-down keyCode=45 flags=0x100 repeat=0 verdict=no-cache
2026-08-09 00:41:37.504 Df macos-dock-cc-v2[68904:10e732f] [com.caye.macosdockcc.v2:fullscreen-green-probe] [fullscreen-green-probe] t=472280.508387 key-down keyCode=5 flags=0x100 repeat=0 verdict=no-cache
2026-08-09 00:41:37.874 Df macos-dock-cc-v2[68904:10e732f] [com.caye.macosdockcc.v2:fullscreen-green-probe] [fullscreen-green-probe] t=472280.878439 key-down keyCode=49 flags=0x100 repeat=0 verdict=no-cache
2026-08-09 00:41:38.090 Df macos-dock-cc-v2[68904:10e732f] [com.caye.macosdockcc.v2:fullscreen-green-probe] [fullscreen-green-probe] t=472281.094364 key-down keyCode=44 flags=0x20104 repeat=0 verdict=no-cache
2026-08-09 00:41:39.744 Df macos-dock-cc-v2[68904:10e732f] [com.caye.macosdockcc.v2:fullscreen-green-probe] [fullscreen-green-probe] t=472282.749274 key-down keyCode=36 flags=0x100 repeat=0 verdict=no-cache
2026-08-09 00:43:23.820 Df macos-dock-cc-v2[68904:10e732f] [com.caye.macosdockcc.v2:fullscreen-green-probe] [fullscreen-green-probe] t=472386.825125 mouse-down point=(380.7,442.1) flipped=(380.7,997.9) flags=0x0 under=0 verdict=no-cache
2026-08-09 00:43:24.341 Df macos-dock-cc-v2[68904:10e732f] [com.caye.macosdockcc.v2:fullscreen-green-probe] [fullscreen-green-probe] t=472387.345357 mouse-down point=(385.9,434.7) flipped=(385.9,1005.3) flags=0x0 under=0 verdict=no-cache
2026-08-09 00:43:28.527 Df macos-dock-cc-v2[68904:10e732f] [com.caye.macosdockcc.v2:fullscreen-green-probe] [fullscreen-green-probe] t=472391.531664 key-down keyCode=8 flags=0x100108 repeat=0 verdict=no-cache
2026-08-09 00:43:29.724 Df macos-dock-cc-v2[68904:10e732f] [com.caye.macosdockcc.v2:fullscreen-green-probe] [fullscreen-green-probe] t=472392.728974 mouse-down point=(1360.6,1395.4) flipped=(1360.6,44.6) flags=0x0 under=0 verdict=no-cache
2026-08-09 00:43:31.221 Df macos-dock-cc-v2[68904:10e732f] [com.caye.macosdockcc.v2:fullscreen-green-probe] [fullscreen-green-probe] t=472394.225384 mouse-down point=(1125.3,1307.1) flipped=(1125.3,132.9) flags=0x0 under=0 verdict=no-cache
2026-08-09 00:43:31.700 Df macos-dock-cc-v2[68904:10e732f] [com.caye.macosdockcc.v2:fullscreen-green-probe] [fullscreen-green-probe] t=472394.705279 mouse-down point=(1117.4,1307.1) flipped=(1117.4,132.9) flags=0x0 under=0 verdict=no-cache
2026-08-09 00:43:32.207 Df macos-dock-cc-v2[68904:10e732f] [com.caye.macosdockcc.v2:fullscreen-green-probe] [fullscreen-green-probe] t=472395.212189 key-down keyCode=9 flags=0x100108 repeat=0 verdict=no-cache
2026-08-09 00:43:34.989 Df macos-dock-cc-v2[68904:10e732f] [com.caye.macosdockcc.v2:fullscreen-green-probe] [fullscreen-green-probe] t=472397.993419 mouse-down point=(1524.2,1304.7) flipped=(1524.2,135.3) flags=0x0 under=0 verdict=no-cache
2026-08-09 00:44:28.504 Df macos-dock-cc-v2[68904:10e732f] [com.caye.macosdockcc.v2:fullscreen-green-probe] [fullscreen-green-probe] t=472451.509318 mouse-down point=(1240.3,1170.9) flipped=(1240.3,269.1) flags=0x0 under=0 verdict=no-cache
2026-08-09 00:44:31.607 Df macos-dock-cc-v2[68904:10e732f] [com.caye.macosdockcc.v2:fullscreen-green-probe] [fullscreen-green-probe] t=472454.611529 mouse-down point=(1243.5,1153.8) flipped=(1243.5,286.2) flags=0x0 under=0 verdict=no-cache
2026-08-09 00:44:33.365 Df macos-dock-cc-v2[68904:10e732f] [com.caye.macosdockcc.v2:fullscreen-green-probe] [fullscreen-green-probe] t=472456.369747 mouse-down point=(1044.1,1073.2) flipped=(1044.1,366.8) flags=0x0 under=0 verdict=no-cache
2026-08-09 00:46:44.912 Df macos-dock-cc-v2[68904:10e732f] [com.caye.macosdockcc.v2:fullscreen-green-probe] [fullscreen-green-probe] t=472587.917135 mouse-down point=(1251.1,982.7) flipped=(1251.1,457.3) flags=0x0 under=0 verdict=no-cache
2026-08-09 00:46:48.413 Df macos-dock-cc-v2[68904:10e732f] [com.caye.macosdockcc.v2:fullscreen-green-probe] [fullscreen-green-probe] t=472591.417865 mouse-down point=(894.9,879.1) flipped=(894.9,560.9) flags=0x0 under=0 verdict=no-cache
2026-08-09 00:48:19.493 Df macos-dock-cc-v2[68904:10e732f] [com.caye.macosdockcc.v2:fullscreen-green-probe] [fullscreen-green-probe] t=472682.497737 mouse-down point=(1293.7,1092.7) flipped=(1293.7,347.3) flags=0x0 under=0 verdict=no-cache
2026-08-09 00:49:56.188 Df macos-dock-cc-v2[68904:10e732f] [com.caye.macosdockcc.v2:fullscreen-green-probe] [fullscreen-green-probe] t=472779.192392 mouse-down point=(1254.7,1024.8) flipped=(1254.7,415.2) flags=0x0 under=0 verdict=no-cache
2026-08-09 00:49:57.957 Df macos-dock-cc-v2[68904:10e732f] [com.caye.macosdockcc.v2:fullscreen-green-probe] [fullscreen-green-probe] t=472780.961413 mouse-down point=(838.1,726.5) flipped=(838.1,713.5) flags=0x0 under=0 verdict=no-cache
2026-08-09 00:50:00.853 Df macos-dock-cc-v2[68904:10e732f] [com.caye.macosdockcc.v2:fullscreen-green-probe] [fullscreen-green-probe] t=472783.858311 key-down keyCode=8 flags=0x100108 repeat=0 verdict=no-cache
2026-08-09 00:50:01.972 Df macos-dock-cc-v2[68904:10e732f] [com.caye.macosdockcc.v2:fullscreen-green-probe] [fullscreen-green-probe] t=472784.976977 mouse-down point=(418.9,1078.4) flipped=(418.9,361.6) flags=0x0 under=0 verdict=no-cache
2026-08-09 00:50:02.628 Df macos-dock-cc-v2[68904:10e732f] [com.caye.macosdockcc.v2:fullscreen-green-probe] [fullscreen-green-probe] t=472785.632743 mouse-down point=(437.4,1112.6) flipped=(437.4,327.4) flags=0x0 under=0 verdict=no-cache
2026-08-09 00:50:03.407 Df macos-dock-cc-v2[68904:10e732f] [com.caye.macosdockcc.v2:fullscreen-green-probe] [fullscreen-green-probe] t=472786.412177 key-down keyCode=9 flags=0x100108 repeat=0 verdict=no-cache
2026-08-09 00:50:05.358 Df macos-dock-cc-v2[68904:10e732f] [com.caye.macosdockcc.v2:fullscreen-green-probe] [fullscreen-green-probe] t=472788.363184 key-down keyCode=36 flags=0x20102 repeat=0 verdict=no-cache
2026-08-09 00:50:05.941 Df macos-dock-cc-v2[68904:10e732f] [com.caye.macosdockcc.v2:fullscreen-green-probe] [fullscreen-green-probe] t=472788.946242 key-down keyCode=48 flags=0x100108 repeat=0 verdict=no-cache
2026-08-09 00:50:07.429 Df macos-dock-cc-v2[68904:10e732f] [com.caye.macosdockcc.v2:fullscreen-green-probe] [fullscreen-green-probe] t=472790.433366 mouse-down point=(1184.9,1136.9) flipped=(1184.9,303.1) flags=0x0 under=0 verdict=no-cache
2026-08-09 00:50:08.709 Df macos-dock-cc-v2[68904:10e732f] [com.caye.macosdockcc.v2:fullscreen-green-probe] [fullscreen-green-probe] t=472791.713463 mouse-down point=(1522.0,975.3) flipped=(1522.0,464.7) flags=0x0 under=0 verdict=no-cache
2026-08-09 00:50:09.175 Df macos-dock-cc-v2[68904:10e732f] [com.caye.macosdockcc.v2:fullscreen-green-probe] [fullscreen-green-probe] t=472792.179615 key-down keyCode=48 flags=0x100108 repeat=0 verdict=no-cache
2026-08-09 00:50:10.486 Df macos-dock-cc-v2[68904:10e732f] [com.caye.macosdockcc.v2:fullscreen-green-probe] [fullscreen-green-probe] t=472793.490774 key-down keyCode=9 flags=0x100108 repeat=0 verdict=no-cache
2026-08-09 00:50:13.098 Df macos-dock-cc-v2[68904:10e732f] [com.caye.macosdockcc.v2:fullscreen-green-probe] [fullscreen-green-probe] t=472796.102439 key-down keyCode=36 flags=0x100 repeat=0 verdict=no-cache
2026-08-09 00:51:41.857 Df macos-dock-cc-v2[68904:10e732f] [com.caye.macosdockcc.v2:fullscreen-green-probe] [fullscreen-green-probe] t=472884.861892 mouse-down point=(957.8,1054.3) flipped=(957.8,385.7) flags=0x0 under=0 verdict=no-cache
2026-08-09 00:51:43.332 Df macos-dock-cc-v2[68904:10e732f] [com.caye.macosdockcc.v2:fullscreen-green-probe] [fullscreen-green-probe] t=472886.336676 key-down keyCode=53 flags=0x100 repeat=0 verdict=no-cache
2026-08-09 00:51:45.380 Df macos-dock-cc-v2[68904:10e732f] [com.caye.macosdockcc.v2:fullscreen-green-probe] [fullscreen-green-probe] t=472888.385180 mouse-down point=(1375.7,1404.1) flipped=(1375.7,35.9) flags=0x0 under=0 verdict=no-cache
2026-08-09 00:51:46.668 Df macos-dock-cc-v2[68904:10e732f] [com.caye.macosdockcc.v2:fullscreen-green-probe] [fullscreen-green-probe] t=472889.672921 mouse-down point=(1079.5,1255.4) flipped=(1079.5,184.6) flags=0x0 under=0 verdict=no-cache
2026-08-09 00:51:47.220 Df macos-dock-cc-v2[68904:10e732f] [com.caye.macosdockcc.v2:fullscreen-green-probe] [fullscreen-green-probe] t=472890.225050 mouse-down point=(1086.3,1259.2) flipped=(1086.3,180.8) flags=0x0 under=0 verdict=no-cache
2026-08-09 00:51:48.653 Df macos-dock-cc-v2[68904:10e732f] [com.caye.macosdockcc.v2:fullscreen-green-probe] [fullscreen-green-probe] t=472891.657881 mouse-down point=(822.9,1410.3) flipped=(822.9,29.7) flags=0x0 under=0 verdict=no-cache
2026-08-09 00:51:49.724 Df macos-dock-cc-v2[68904:10e732f] [com.caye.macosdockcc.v2:fullscreen-green-probe] [fullscreen-green-probe] t=472892.729109 mouse-down point=(1351.3,999.5) flipped=(1351.3,440.5) flags=0x0 under=0 verdict=no-cache
2026-08-09 00:51:54.588 Df macos-dock-cc-v2[68904:10e732f] [com.caye.macosdockcc.v2:fullscreen-green-probe] [fullscreen-green-probe] t=472897.593044 mouse-down point=(648.1,496.4) flipped=(648.1,943.6) flags=0x0 under=0 verdict=no-cache
2026-08-09 00:52:08.366 Df macos-dock-cc-v2[68904:10e732f] [com.caye.macosdockcc.v2:fullscreen-green-probe] [fullscreen-green-probe] t=472911.370803 mouse-down point=(2163.2,141.1) flipped=(2163.2,1298.9) flags=0x0 under=0 verdict=no-cache
2026-08-09 00:52:08.828 Df macos-dock-cc-v2[68904:10e732f] [com.caye.macosdockcc.v2:fullscreen-green-probe] [fullscreen-green-probe] t=472911.832916 mouse-down point=(2165.0,139.1) flipped=(2165.0,1300.9) flags=0x0 under=0 verdict=no-cache
2026-08-09 00:52:09.493 Df macos-dock-cc-v2[68904:10e732f] [com.caye.macosdockcc.v2:fullscreen-green-probe] [fullscreen-green-probe] t=472912.497608 mouse-down point=(2167.5,135.4) flipped=(2167.5,1304.6) flags=0x0 under=0 verdict=no-cache
2026-08-09 00:52:10.044 Df macos-dock-cc-v2[68904:10e732f] [com.caye.macosdockcc.v2:fullscreen-green-probe] [fullscreen-green-probe] t=472913.048870 mouse-down point=(2169.5,102.7) flipped=(2169.5,1337.3) flags=0x0 under=0 verdict=no-cache
2026-08-09 00:52:12.477 Df macos-dock-cc-v2[68904:10e732f] [com.caye.macosdockcc.v2:fullscreen-green-probe] [fullscreen-green-probe] t=472915.482239 mouse-down point=(1935.0,697.7) flipped=(1935.0,742.3) flags=0x0 under=0 verdict=no-cache
2026-08-09 00:52:13.628 Df macos-dock-cc-v2[68904:10e732f] [com.caye.macosdockcc.v2:fullscreen-green-probe] [fullscreen-green-probe] t=472916.633084 mouse-down point=(1909.0,701.7) flipped=(1909.0,738.3) flags=0x0 under=0 verdict=no-cache
2026-08-09 00:52:14.564 Df macos-dock-cc-v2[68904:10e732f] [com.caye.macosdockcc.v2:fullscreen-green-probe] [fullscreen-green-probe] t=472917.569093 mouse-down point=(1891.8,704.0) flipped=(1891.8,736.0) flags=0x0 under=0 verdict=no-cache
2026-08-09 00:56:20.786 Df macos-dock-cc-v2[68904:10e732f] [com.caye.macosdockcc.v2:fullscreen-green-probe] [fullscreen-green-probe] t=473163.790427 mouse-down point=(1055.2,1417.3) flipped=(1055.2,22.7) flags=0x0 under=0 verdict=no-cache
2026-08-09 00:56:23.154 Df macos-dock-cc-v2[68904:10e732f] [com.caye.macosdockcc.v2:fullscreen-green-probe] [fullscreen-green-probe] t=473166.158480 mouse-down point=(2037.3,294.9) flipped=(2037.3,1145.1) flags=0x0 under=0 verdict=no-cache
2026-08-09 00:56:24.636 Df macos-dock-cc-v2[68904:10e732f] [com.caye.macosdockcc.v2:fullscreen-green-probe] [fullscreen-green-probe] t=473167.640886 mouse-down point=(1629.0,324.8) flipped=(1629.0,1115.2) flags=0x0 under=0 verdict=no-cache
2026-08-09 00:56:25.836 Df macos-dock-cc-v2[68904:10e732f] [com.caye.macosdockcc.v2:fullscreen-green-probe] [fullscreen-green-probe] t=473168.841106 mouse-down point=(1286.2,297.7) flipped=(1286.2,1142.3) flags=0x0 under=0 verdict=no-cache
2026-08-09 00:56:27.324 Df macos-dock-cc-v2[68904:10e732f] [com.caye.macosdockcc.v2:fullscreen-green-probe] [fullscreen-green-probe] t=473170.328964 mouse-down point=(1007.7,302.4) flipped=(1007.7,1137.6) flags=0x0 under=0 verdict=no-cache
2026-08-09 00:56:30.004 Df macos-dock-cc-v2[68904:10e732f] [com.caye.macosdockcc.v2:fullscreen-green-probe] [fullscreen-green-probe] t=473173.008944 mouse-down point=(832.8,612.2) flipped=(832.8,827.8) flags=0x0 under=0 verdict=no-cache
2026-08-09 00:56:33.020 Df macos-dock-cc-v2[68904:10e732f] [com.caye.macosdockcc.v2:fullscreen-green-probe] [fullscreen-green-probe] t=473176.024543 mouse-down point=(722.8,842.6) flipped=(722.8,597.4) flags=0x0 under=0 verdict=no-cache
2026-08-09 00:56:34.454 Df macos-dock-cc-v2[68904:10e732f] [com.caye.macosdockcc.v2:fullscreen-green-probe] [fullscreen-green-probe] t=473177.458536 mouse-down point=(738.7,781.8) flipped=(738.7,658.2) flags=0x0 under=0 verdict=no-cache
2026-08-09 00:56:35.204 Df macos-dock-cc-v2[68904:10e732f] [com.caye.macosdockcc.v2:fullscreen-green-probe] [fullscreen-green-probe] t=473178.209237 mouse-down point=(681.8,584.2) flipped=(681.8,855.8) flags=0x0 under=0 verdict=no-cache
2026-08-09 00:56:38.239 Df macos-dock-cc-v2[68904:10e732f] [com.caye.macosdockcc.v2:fullscreen-green-probe] [fullscreen-green-probe] t=473181.243344 mouse-down point=(797.2,639.8) flipped=(797.2,800.2) flags=0x0 under=0 verdict=no-cache
2026-08-09 00:56:39.828 Df macos-dock-cc-v2[68904:10e732f] [com.caye.macosdockcc.v2:fullscreen-green-probe] [fullscreen-green-probe] t=473182.832873 mouse-down point=(751.6,635.6) flipped=(751.6,804.4) flags=0x0 under=0 verdict=no-cache
2026-08-09 00:56:40.856 Df macos-dock-cc-v2[68904:10e732f] [com.caye.macosdockcc.v2:fullscreen-green-probe] [fullscreen-green-probe] t=473183.860857 mouse-down point=(726.4,633.9) flipped=(726.4,806.1) flags=0x0 under=0 verdict=no-cache
2026-08-09 00:56:41.844 Df macos-dock-cc-v2[68904:10e732f] [com.caye.macosdockcc.v2:fullscreen-green-probe] [fullscreen-green-probe] t=473184.848878 mouse-down point=(827.8,667.0) flipped=(827.8,773.0) flags=0x0 under=0 verdict=no-cache
2026-08-09 00:56:47.213 Df macos-dock-cc-v2[68904:10e732f] [com.caye.macosdockcc.v2:fullscreen-green-probe] [fullscreen-green-probe] t=473190.217494 mouse-down point=(650.3,864.1) flipped=(650.3,575.9) flags=0x0 under=0 verdict=no-cache
2026-08-09 00:56:53.662 Df macos-dock-cc-v2[68904:10e732f] [com.caye.macosdockcc.v2:fullscreen-green-probe] [fullscreen-green-probe] t=473196.666831 mouse-down point=(1429.5,295.3) flipped=(1429.5,1144.7) flags=0x0 under=0 verdict=no-cache
2026-08-09 00:56:54.394 Df macos-dock-cc-v2[68904:10e732f] [com.caye.macosdockcc.v2:fullscreen-green-probe] [fullscreen-green-probe] t=473197.398647 mouse-down point=(1532.1,291.7) flipped=(1532.1,1148.3) flags=0x0 under=0 verdict=no-cache
2026-08-09 00:56:54.960 Df macos-dock-cc-v2[68904:10e732f] [com.caye.macosdockcc.v2:fullscreen-green-probe] [fullscreen-green-probe] t=473197.964725 mouse-down point=(1493.6,293.1) flipped=(1493.6,1146.9) flags=0x0 under=0 verdict=no-cache
2026-08-09 00:56:55.545 Df macos-dock-cc-v2[68904:10e732f] [com.caye.macosdockcc.v2:fullscreen-green-probe] [fullscreen-green-probe] t=473198.550058 mouse-down point=(1498.2,293.8) flipped=(1498.2,1146.2) flags=0x0 under=0 verdict=no-cache
2026-08-09 00:56:57.012 Df macos-dock-cc-v2[68904:10e732f] [com.caye.macosdockcc.v2:fullscreen-green-probe] [fullscreen-green-probe] t=473200.016860 mouse-down point=(1496.9,297.6) flipped=(1496.9,1142.4) flags=0x0 under=0 verdict=no-cache
2026-08-09 00:56:59.116 Df macos-dock-cc-v2[68904:10e732f] [com.caye.macosdockcc.v2:fullscreen-green-probe] [fullscreen-green-probe] t=473202.121131 mouse-down point=(1496.9,297.6) flipped=(1496.9,1142.4) flags=0x0 under=0 verdict=no-cache
2026-08-09 00:57:04.580 Df macos-dock-cc-v2[68904:10e732f] [com.caye.macosdockcc.v2:fullscreen-green-probe] [fullscreen-green-probe] t=473207.584946 mouse-down point=(1075.4,1420.9) flipped=(1075.4,19.1) flags=0x0 under=0 verdict=no-cache
2026-08-09 00:57:23.539 Df macos-dock-cc-v2[68904:10e732f] [com.caye.macosdockcc.v2:fullscreen-green-probe] [fullscreen-green-probe] t=473226.543789 mouse-down point=(1904.8,1231.0) flipped=(1904.8,209.0) flags=0x0 under=0 verdict=no-cache
2026-08-09 00:57:24.106 Df macos-dock-cc-v2[68904:10e732f] [com.caye.macosdockcc.v2:fullscreen-green-probe] [fullscreen-green-probe] t=473227.110332 mouse-down point=(1872.1,1217.5) flipped=(1872.1,222.5) flags=0x0 under=0 verdict=no-cache
2026-08-09 00:59:14.924 Df macos-dock-cc-v2[68904:10e732f] [com.caye.macosdockcc.v2:fullscreen-green-probe] [fullscreen-green-probe] t=473337.928777 mouse-down point=(1853.0,1413.8) flipped=(1853.0,26.2) flags=0x0 under=0 verdict=no-cache
2026-08-09 00:59:17.438 Df macos-dock-cc-v2[68904:10e732f] [com.caye.macosdockcc.v2:fullscreen-green-probe] [fullscreen-green-probe] t=473340.442797 mouse-down point=(1646.3,1413.5) flipped=(1646.3,26.5) flags=0x0 under=0 verdict=no-cache
2026-08-09 00:59:19.638 Df macos-dock-cc-v2[68904:10e732f] [com.caye.macosdockcc.v2:fullscreen-green-probe] [fullscreen-green-probe] t=473342.643203 mouse-down point=(1584.2,1411.6) flipped=(1584.2,28.4) flags=0x0 under=0 verdict=no-cache
2026-08-09 00:59:22.061 Df macos-dock-cc-v2[68904:10e732f] [com.caye.macosdockcc.v2:fullscreen-green-probe] [fullscreen-green-probe] t=473345.066020 mouse-down point=(1599.8,1413.9) flipped=(1599.8,26.1) flags=0x0 under=0 verdict=no-cache
2026-08-09 00:59:24.012 Df macos-dock-cc-v2[68904:10e732f] [com.caye.macosdockcc.v2:fullscreen-green-probe] [fullscreen-green-probe] t=473347.016799 mouse-down point=(1313.4,527.8) flipped=(1313.4,912.2) flags=0x0 under=0 verdict=no-cache
2026-08-09 00:59:25.624 Df macos-dock-cc-v2[68904:10e732f] [com.caye.macosdockcc.v2:fullscreen-green-probe] [fullscreen-green-probe] t=473348.628775 mouse-down point=(1340.9,517.5) flipped=(1340.9,922.5) flags=0x0 under=0 verdict=no-cache
2026-08-09 00:59:28.828 Df macos-dock-cc-v2[68904:10e732f] [com.caye.macosdockcc.v2:fullscreen-green-probe] [fullscreen-green-probe] t=473351.833210 mouse-down point=(1483.1,1414.0) flipped=(1483.1,26.0) flags=0x0 under=0 verdict=no-cache
2026-08-09 00:59:33.294 Df macos-dock-cc-v2[68904:10e732f] [com.caye.macosdockcc.v2:fullscreen-green-probe] [fullscreen-green-probe] t=473356.298940 mouse-down point=(1358.1,1405.6) flipped=(1358.1,34.4) flags=0x0 under=0 verdict=no-cache
2026-08-09 00:59:33.676 Df macos-dock-cc-v2[68904:10e732f] [com.caye.macosdockcc.v2:fullscreen-green-probe] [fullscreen-green-probe] t=473356.681219 mouse-down point=(1363.8,1407.1) flipped=(1363.8,32.9) flags=0x0 under=0 verdict=no-cache
2026-08-09 00:59:35.460 Df macos-dock-cc-v2[68904:10e732f] [com.caye.macosdockcc.v2:fullscreen-green-probe] [fullscreen-green-probe] t=473358.465019 mouse-down point=(1958.5,732.3) flipped=(1958.5,707.7) flags=0x0 under=0 verdict=no-cache
2026-08-09 00:59:36.210 Df macos-dock-cc-v2[68904:10e732f] [com.caye.macosdockcc.v2:fullscreen-green-probe] [fullscreen-green-probe] t=473359.214444 key-down keyCode=1 flags=0x100108 repeat=0 verdict=no-cache
2026-08-09 00:59:38.732 Df macos-dock-cc-v2[68904:10e732f] [com.caye.macosdockcc.v2:fullscreen-green-probe] [fullscreen-green-probe] t=473361.736592 mouse-down point=(240.8,141.1) flipped=(240.8,1298.9) flags=0x0 under=0 verdict=no-cache
2026-08-09 00:59:40.127 Df macos-dock-cc-v2[68904:10e732f] [com.caye.macosdockcc.v2:fullscreen-green-probe] [fullscreen-green-probe] t=473363.132177 key-down keyCode=1 flags=0x100108 repeat=0 verdict=no-cache
2026-08-09 01:00:20.038 Df macos-dock-cc-v2[68904:10e732f] [com.caye.macosdockcc.v2:fullscreen-green-probe] [fullscreen-green-probe] t=473403.043271 mouse-down point=(1308.1,1402.7) flipped=(1308.1,37.3) flags=0x0 under=0 verdict=no-cache
2026-08-09 01:00:20.444 Df macos-dock-cc-v2[68904:10e732f] [com.caye.macosdockcc.v2:fullscreen-green-probe] [fullscreen-green-probe] t=473403.448659 space-notification
2026-08-09 01:00:22.333 Df macos-dock-cc-v2[68904:10e732f] [com.caye.macosdockcc.v2:fullscreen-green-probe] [fullscreen-green-probe] t=473405.337681 mouse-down point=(1442.3,600.6) flipped=(1442.3,839.4) flags=0x0 under=0 verdict=no-cache
2026-08-09 01:00:33.925 Df macos-dock-cc-v2[68904:10e732f] [com.caye.macosdockcc.v2:fullscreen-green-probe] [fullscreen-green-probe] t=473416.929430 mouse-down point=(1652.6,726.6) flipped=(1652.6,713.4) flags=0x0 under=0 verdict=no-cache
2026-08-09 01:00:37.844 Df macos-dock-cc-v2[68904:10e732f] [com.caye.macosdockcc.v2:fullscreen-green-probe] [fullscreen-green-probe] t=473420.849093 mouse-down point=(1795.2,693.4) flipped=(1795.2,746.6) flags=0x0 under=0 verdict=no-cache
2026-08-09 01:00:38.725 Df macos-dock-cc-v2[68904:10e732f] [com.caye.macosdockcc.v2:fullscreen-green-probe] [fullscreen-green-probe] t=473421.729550 mouse-down point=(1655.7,704.5) flipped=(1655.7,735.5) flags=0x0 under=0 verdict=no-cache
2026-08-09 01:00:40.270 Df macos-dock-cc-v2[68904:10e732f] [com.caye.macosdockcc.v2:fullscreen-green-probe] [fullscreen-green-probe] t=473423.275071 mouse-down point=(1817.2,717.0) flipped=(1817.2,723.0) flags=0x0 under=0 verdict=no-cache
2026-08-09 01:00:41.581 Df macos-dock-cc-v2[68904:10e732f] [com.caye.macosdockcc.v2:fullscreen-green-probe] [fullscreen-green-probe] t=473424.585491 mouse-down point=(1671.7,700.7) flipped=(1671.7,739.3) flags=0x0 under=0 verdict=no-cache
2026-08-09 01:00:52.468 Df macos-dock-cc-v2[68904:10e732f] [com.caye.macosdockcc.v2:fullscreen-green-probe] [fullscreen-green-probe] t=473435.473285 mouse-down point=(1803.4,563.1) flipped=(1803.4,876.9) flags=0x0 under=0 verdict=no-cache
2026-08-09 01:00:56.501 Df macos-dock-cc-v2[68904:10e732f] [com.caye.macosdockcc.v2:fullscreen-green-probe] [fullscreen-green-probe] t=473439.505526 mouse-down point=(1797.6,683.9) flipped=(1797.6,756.1) flags=0x0 under=0 verdict=no-cache
2026-08-09 01:00:57.300 Df macos-dock-cc-v2[68904:10e732f] [com.caye.macosdockcc.v2:fullscreen-green-probe] [fullscreen-green-probe] t=473440.305268 mouse-down point=(1654.1,688.1) flipped=(1654.1,751.9) flags=0x0 under=0 verdict=no-cache
2026-08-09 01:01:03.389 Df macos-dock-cc-v2[68904:10e732f] [com.caye.macosdockcc.v2:fullscreen-green-probe] [fullscreen-green-probe] t=473446.393343 mouse-down point=(1447.0,794.9) flipped=(1447.0,645.1) flags=0x0 under=0 verdict=no-cache
2026-08-09 01:01:08.621 Df macos-dock-cc-v2[68904:10e732f] [com.caye.macosdockcc.v2:fullscreen-green-probe] [fullscreen-green-probe] t=473451.626229 mouse-down point=(1642.1,355.1) flipped=(1642.1,1084.9) flags=0x0 under=0 verdict=no-cache
2026-08-09 01:01:11.091 Df macos-dock-cc-v2[68904:10e732f] [com.caye.macosdockcc.v2:fullscreen-green-probe] [fullscreen-green-probe] t=473454.096211 space-notification
2026-08-09 01:01:12.372 Df macos-dock-cc-v2[68904:10e732f] [com.caye.macosdockcc.v2:fullscreen-green-probe] [fullscreen-green-probe] t=473455.376804 mouse-down point=(1274.0,1857.5) flipped=(1274.0,-417.5) flags=0x0 under=0 verdict=no-cache
2026-08-09 01:01:13.856 Df macos-dock-cc-v2[68904:10e732f] [com.caye.macosdockcc.v2:fullscreen-green-probe] [fullscreen-green-probe] t=473456.861023 mouse-down point=(1383.7,1837.2) flipped=(1383.7,-397.2) flags=0x0 under=0 verdict=no-cache
2026-08-09 01:01:15.390 Df macos-dock-cc-v2[68904:10e732f] [com.caye.macosdockcc.v2:fullscreen-green-probe] [fullscreen-green-probe] t=473458.394751 mouse-down point=(1382.3,1819.1) flipped=(1382.3,-379.1) flags=0x0 under=0 verdict=no-cache
2026-08-09 01:01:16.371 Df macos-dock-cc-v2[68904:10e732f] [com.caye.macosdockcc.v2:fullscreen-green-probe] [fullscreen-green-probe] t=473459.375974 mouse-down point=(1360.7,1763.6) flipped=(1360.7,-323.6) flags=0x0 under=0 verdict=no-cache
2026-08-09 01:01:17.873 Df macos-dock-cc-v2[68904:10e732f] [com.caye.macosdockcc.v2:fullscreen-green-probe] [fullscreen-green-probe] t=473460.877431 mouse-down point=(868.0,1722.8) flipped=(868.0,-282.8) flags=0x0 under=0 verdict=no-cache
2026-08-09 01:01:19.622 Df macos-dock-cc-v2[68904:10e732f] [com.caye.macosdockcc.v2:fullscreen-green-probe] [fullscreen-green-probe] t=473462.627174 mouse-down point=(1395.3,446.8) flipped=(1395.3,993.2) flags=0x0 under=0 verdict=no-cache
2026-08-09 01:01:20.373 Df macos-dock-cc-v2[68904:10e732f] [com.caye.macosdockcc.v2:fullscreen-green-probe] [fullscreen-green-probe] t=473463.377438 mouse-down point=(1355.4,464.6) flipped=(1355.4,975.4) flags=0x0 under=0 verdict=no-cache
2026-08-09 01:01:22.227 Df macos-dock-cc-v2[68904:10e732f] [com.caye.macosdockcc.v2:fullscreen-green-probe] [fullscreen-green-probe] t=473465.231347 key-down keyCode=12 flags=0x100108 repeat=0 verdict=no-cache
2026-08-09 01:01:24.252 Df macos-dock-cc-v2[68904:10e732f] [com.caye.macosdockcc.v2:fullscreen-green-probe] [fullscreen-green-probe] t=473467.256817 mouse-down point=(1887.4,920.7) flipped=(1887.4,519.3) flags=0x0 under=0 verdict=no-cache
2026-08-09 01:01:25.474 Df macos-dock-cc-v2[68904:10e732f] [com.caye.macosdockcc.v2:fullscreen-green-probe] [fullscreen-green-probe] t=473468.479163 mouse-down point=(1765.7,1403.8) flipped=(1765.7,36.2) flags=0x0 under=0 verdict=no-cache
2026-08-09 01:01:28.434 Df macos-dock-cc-v2[68904:10e732f] [com.caye.macosdockcc.v2:fullscreen-green-probe] [fullscreen-green-probe] t=473471.438704 mouse-down point=(1790.3,1180.8) flipped=(1790.3,259.2) flags=0x0 under=0 verdict=no-cache
2026-08-09 01:01:30.052 Df macos-dock-cc-v2[68904:10e732f] [com.caye.macosdockcc.v2:fullscreen-green-probe] [fullscreen-green-probe] t=473473.056559 mouse-down point=(1748.3,1176.5) flipped=(1748.3,263.5) flags=0x0 under=0 verdict=no-cache
2026-08-09 01:01:32.018 Df macos-dock-cc-v2[68904:10e732f] [com.caye.macosdockcc.v2:fullscreen-green-probe] [fullscreen-green-probe] t=473475.022604 mouse-down point=(1635.1,1185.8) flipped=(1635.1,254.2) flags=0x0 under=0 verdict=no-cache
2026-08-09 01:01:34.668 Df macos-dock-cc-v2[68904:10e732f] [com.caye.macosdockcc.v2:fullscreen-green-probe] [fullscreen-green-probe] t=473477.672885 mouse-down point=(1717.9,1172.7) flipped=(1717.9,267.3) flags=0x0 under=0 verdict=no-cache
2026-08-09 01:01:36.696 Df macos-dock-cc-v2[68904:10e732f] [com.caye.macosdockcc.v2:fullscreen-green-probe] [fullscreen-green-probe] t=473479.701220 mouse-down point=(1681.4,1098.4) flipped=(1681.4,341.6) flags=0x0 under=0 verdict=no-cache
2026-08-09 01:01:38.196 Df macos-dock-cc-v2[68904:10e732f] [com.caye.macosdockcc.v2:fullscreen-green-probe] [fullscreen-green-probe] t=473481.200884 mouse-down point=(1760.1,1399.3) flipped=(1760.1,40.7) flags=0x0 under=0 verdict=no-cache
2026-08-09 01:01:39.101 Df macos-dock-cc-v2[68904:10e732f] [com.caye.macosdockcc.v2:fullscreen-green-probe] [fullscreen-green-probe] t=473482.105336 mouse-down point=(1683.4,1097.4) flipped=(1683.4,342.6) flags=0x0 under=0 verdict=no-cache
2026-08-09 01:01:41.324 Df macos-dock-cc-v2[68904:10e732f] [com.caye.macosdockcc.v2:fullscreen-green-probe] [fullscreen-green-probe] t=473484.328898 mouse-down point=(1675.8,1413.8) flipped=(1675.8,26.2) flags=0x80020 under=0 verdict=no-cache
2026-08-09 01:01:42.900 Df macos-dock-cc-v2[68904:10e732f] [com.caye.macosdockcc.v2:fullscreen-green-probe] [fullscreen-green-probe] t=473485.904748 mouse-down point=(1659.7,1406.7) flipped=(1659.7,33.3) flags=0x0 under=0 verdict=no-cache
2026-08-09 01:01:44.015 Df macos-dock-cc-v2[68904:10e732f] [com.caye.macosdockcc.v2:fullscreen-green-probe] [fullscreen-green-probe] t=473487.019565 mouse-down point=(1774.9,1408.9) flipped=(1774.9,31.1) flags=0x0 under=0 verdict=no-cache
2026-08-09 01:01:47.483 Df macos-dock-cc-v2[68904:10e732f] [com.caye.macosdockcc.v2:fullscreen-green-probe] [fullscreen-green-probe] t=473490.487441 mouse-down point=(1604.2,1385.7) flipped=(1604.2,54.3) flags=0x0 under=0 verdict=no-cache
2026-08-09 01:01:48.949 Df macos-dock-cc-v2[68904:10e732f] [com.caye.macosdockcc.v2:fullscreen-green-probe] [fullscreen-green-probe] t=473491.953846 mouse-down point=(1750.3,1410.8) flipped=(1750.3,29.2) flags=0x0 under=0 verdict=no-cache
2026-08-09 01:01:54.260 Df macos-dock-cc-v2[68904:10e732f] [com.caye.macosdockcc.v2:fullscreen-green-probe] [fullscreen-green-probe] t=473497.264901 mouse-down point=(2097.4,18.9) flipped=(2097.4,1421.1) flags=0x0 under=0 verdict=no-cache
2026-08-09 01:01:58.439 Df macos-dock-cc-v2[68904:10e732f] [com.caye.macosdockcc.v2:fullscreen-green-probe] [fullscreen-green-probe] t=473501.443502 mouse-down point=(2149.8,309.0) flipped=(2149.8,1131.0) flags=0x0 under=0 verdict=no-cache
2026-08-09 01:02:02.062 Df macos-dock-cc-v2[68904:10e732f] [com.caye.macosdockcc.v2:fullscreen-green-probe] [fullscreen-green-probe] t=473505.067126 mouse-down point=(995.5,1415.6) flipped=(995.5,24.4) flags=0x0 under=0 verdict=no-cache
2026-08-09 01:02:03.940 Df macos-dock-cc-v2[68904:10e732f] [com.caye.macosdockcc.v2:fullscreen-green-probe] [fullscreen-green-probe] t=473506.944388 mouse-down point=(1876.6,1015.8) flipped=(1876.6,424.2) flags=0x0 under=0 verdict=no-cache
2026-08-09 01:02:04.491 Df macos-dock-cc-v2[68904:10e732f] [com.caye.macosdockcc.v2:fullscreen-green-probe] [fullscreen-green-probe] t=473507.496277 mouse-down point=(1894.1,1004.6) flipped=(1894.1,435.4) flags=0x0 under=0 verdict=no-cache
2026-08-09 01:02:05.022 Df macos-dock-cc-v2[68904:10e732f] [com.caye.macosdockcc.v2:fullscreen-green-probe] [fullscreen-green-probe] t=473508.027082 mouse-down point=(1874.8,1012.4) flipped=(1874.8,427.6) flags=0x0 under=0 verdict=no-cache
2026-08-09 01:02:05.703 Df macos-dock-cc-v2[68904:10e732f] [com.caye.macosdockcc.v2:fullscreen-green-probe] [fullscreen-green-probe] t=473508.707900 mouse-down point=(1736.0,1399.3) flipped=(1736.0,40.7) flags=0x0 under=0 verdict=no-cache
2026-08-09 01:02:07.024 Df macos-dock-cc-v2[68904:10e732f] [com.caye.macosdockcc.v2:fullscreen-green-probe] [fullscreen-green-probe] t=473510.028484 mouse-down point=(1893.6,1204.9) flipped=(1893.6,235.1) flags=0x0 under=0 verdict=no-cache
2026-08-09 01:02:13.228 Df macos-dock-cc-v2[68904:10e732f] [com.caye.macosdockcc.v2:fullscreen-green-probe] [fullscreen-green-probe] t=473516.232393 mouse-down point=(1668.6,1400.7) flipped=(1668.6,39.3) flags=0x0 under=0 verdict=no-cache
2026-08-09 01:02:15.612 Df macos-dock-cc-v2[68904:10e732f] [com.caye.macosdockcc.v2:fullscreen-green-probe] [fullscreen-green-probe] t=473518.616627 mouse-down point=(293.3,892.7) flipped=(293.3,547.3) flags=0x0 under=0 verdict=no-cache
2026-08-09 01:02:16.972 Df macos-dock-cc-v2[68904:10e732f] [com.caye.macosdockcc.v2:fullscreen-green-probe] [fullscreen-green-probe] t=473519.976638 mouse-down point=(589.8,1265.7) flipped=(589.8,174.3) flags=0x0 under=0 verdict=no-cache
2026-08-09 01:02:19.167 Df macos-dock-cc-v2[68904:10e732f] [com.caye.macosdockcc.v2:fullscreen-green-probe] [fullscreen-green-probe] t=473522.171445 mouse-down point=(491.6,1225.2) flipped=(491.6,214.8) flags=0x0 under=0 verdict=no-cache
2026-08-09 01:02:20.212 Df macos-dock-cc-v2[68904:10e732f] [com.caye.macosdockcc.v2:fullscreen-green-probe] [fullscreen-green-probe] t=473523.216525 mouse-down point=(719.6,746.9) flipped=(719.6,693.1) flags=0x0 under=0 verdict=no-cache
2026-08-09 01:02:21.036 Df macos-dock-cc-v2[68904:10e732f] [com.caye.macosdockcc.v2:fullscreen-green-probe] [fullscreen-green-probe] t=473524.040577 mouse-down point=(832.1,699.7) flipped=(832.1,740.3) flags=0x0 under=0 verdict=no-cache
2026-08-09 01:02:21.972 Df macos-dock-cc-v2[68904:10e732f] [com.caye.macosdockcc.v2:fullscreen-green-probe] [fullscreen-green-probe] t=473524.976608 mouse-down point=(846.6,722.2) flipped=(846.6,717.8) flags=0x0 under=0 verdict=no-cache
2026-08-09 01:02:22.468 Df macos-dock-cc-v2[68904:10e732f] [com.caye.macosdockcc.v2:fullscreen-green-probe] [fullscreen-green-probe] t=473525.473228 mouse-down point=(844.6,747.1) flipped=(844.6,692.9) flags=0x0 under=0 verdict=no-cache
2026-08-09 01:02:23.236 Df macos-dock-cc-v2[68904:10e732f] [com.caye.macosdockcc.v2:fullscreen-green-probe] [fullscreen-green-probe] t=473526.240498 mouse-down point=(853.5,683.3) flipped=(853.5,756.7) flags=0x0 under=0 verdict=no-cache
2026-08-09 01:02:23.996 Df macos-dock-cc-v2[68904:10e732f] [com.caye.macosdockcc.v2:fullscreen-green-probe] [fullscreen-green-probe] t=473527.000559 mouse-down point=(850.9,700.6) flipped=(850.9,739.4) flags=0x0 under=0 verdict=no-cache
2026-08-09 01:02:24.612 Df macos-dock-cc-v2[68904:10e732f] [com.caye.macosdockcc.v2:fullscreen-green-probe] [fullscreen-green-probe] t=473527.616484 mouse-down point=(842.6,728.4) flipped=(842.6,711.6) flags=0x0 under=0 verdict=no-cache
2026-08-09 01:02:25.028 Df macos-dock-cc-v2[68904:10e732f] [com.caye.macosdockcc.v2:fullscreen-green-probe] [fullscreen-green-probe] t=473528.032481 mouse-down point=(842.1,747.4) flipped=(842.1,692.6) flags=0x0 under=0 verdict=no-cache
2026-08-09 01:02:25.692 Df macos-dock-cc-v2[68904:10e732f] [com.caye.macosdockcc.v2:fullscreen-green-probe] [fullscreen-green-probe] t=473528.696426 mouse-down point=(822.6,666.4) flipped=(822.6,773.6) flags=0x0 under=0 verdict=no-cache
2026-08-09 01:02:27.724 Df macos-dock-cc-v2[68904:10e732f] [com.caye.macosdockcc.v2:fullscreen-green-probe] [fullscreen-green-probe] t=473530.728592 mouse-down point=(565.7,1024.3) flipped=(565.7,415.7) flags=0x0 under=0 verdict=no-cache
2026-08-09 01:02:33.372 Df macos-dock-cc-v2[68904:10e732f] [com.caye.macosdockcc.v2:fullscreen-green-probe] [fullscreen-green-probe] t=473536.376407 mouse-down point=(585.5,1067.6) flipped=(585.5,372.4) flags=0x0 under=0 verdict=no-cache
2026-08-09 01:02:34.189 Df macos-dock-cc-v2[68904:10e732f] [com.caye.macosdockcc.v2:fullscreen-green-probe] [fullscreen-green-probe] t=473537.193492 mouse-down point=(581.9,1044.2) flipped=(581.9,395.8) flags=0x0 under=0 verdict=no-cache
2026-08-09 01:02:36.612 Df macos-dock-cc-v2[68904:10e732f] [com.caye.macosdockcc.v2:fullscreen-green-probe] [fullscreen-green-probe] t=473539.616599 mouse-down point=(589.9,1015.2) flipped=(589.9,424.8) flags=0x0 under=0 verdict=no-cache
2026-08-09 01:02:40.228 Df macos-dock-cc-v2[68904:10e732f] [com.caye.macosdockcc.v2:fullscreen-green-probe] [fullscreen-green-probe] t=473543.232571 mouse-down point=(305.9,584.3) flipped=(305.9,855.7) flags=0x0 under=0 verdict=no-cache
2026-08-09 01:02:45.083 Df macos-dock-cc-v2[68904:10e732f] [com.caye.macosdockcc.v2:fullscreen-green-probe] [fullscreen-green-probe] t=473548.088265 mouse-down point=(1827.6,787.4) flipped=(1827.6,652.6) flags=0x0 under=0 verdict=no-cache
2026-08-09 01:02:51.100 Df macos-dock-cc-v2[68904:10e732f] [com.caye.macosdockcc.v2:fullscreen-green-probe] [fullscreen-green-probe] t=473554.104644 mouse-down point=(1028.7,1336.4) flipped=(1028.7,103.6) flags=0x0 under=0 verdict=no-cache
2026-08-09 01:02:52.340 Df macos-dock-cc-v2[68904:10e732f] [com.caye.macosdockcc.v2:fullscreen-green-probe] [fullscreen-green-probe] t=473555.344754 mouse-down point=(1164.5,537.8) flipped=(1164.5,902.2) flags=0x0 under=0 verdict=no-cache
2026-08-09 01:02:55.572 Df macos-dock-cc-v2[68904:10e732f] [com.caye.macosdockcc.v2:fullscreen-green-probe] [fullscreen-green-probe] t=473558.576530 mouse-down point=(1290.9,1718.4) flipped=(1290.9,-278.4) flags=0x0 under=0 verdict=no-cache
2026-08-09 01:02:56.284 Df macos-dock-cc-v2[68904:10e732f] [com.caye.macosdockcc.v2:fullscreen-green-probe] [fullscreen-green-probe] t=473559.288458 mouse-down point=(1967.2,1913.2) flipped=(1967.2,-473.2) flags=0x0 under=0 verdict=no-cache
2026-08-09 01:02:59.340 Df macos-dock-cc-v2[68904:10e732f] [com.caye.macosdockcc.v2:fullscreen-green-probe] [fullscreen-green-probe] t=473562.344739 mouse-down point=(1963.7,2104.8) flipped=(1963.7,-664.8) flags=0x0 under=0 verdict=no-cache
2026-08-09 01:03:00.212 Df macos-dock-cc-v2[68904:10e732f] [com.caye.macosdockcc.v2:fullscreen-green-probe] [fullscreen-green-probe] t=473563.217291 mouse-down point=(1906.8,2146.1) flipped=(1906.8,-706.1) flags=0x0 under=0 verdict=no-cache
2026-08-09 01:03:00.909 Df macos-dock-cc-v2[68904:10e732f] [com.caye.macosdockcc.v2:fullscreen-green-probe] [fullscreen-green-probe] t=473563.913739 mouse-down point=(1730.3,2132.1) flipped=(1730.3,-692.1) flags=0x0 under=0 verdict=no-cache
2026-08-09 01:03:01.370 Df macos-dock-cc-v2[68904:10e732f] [com.caye.macosdockcc.v2:fullscreen-green-probe] [fullscreen-green-probe] t=473564.375112 mouse-down point=(1732.3,2109.0) flipped=(1732.3,-669.0) flags=0x0 under=0 verdict=no-cache
2026-08-09 01:03:02.626 Df macos-dock-cc-v2[68904:10e732f] [com.caye.macosdockcc.v2:fullscreen-green-probe] [fullscreen-green-probe] t=473565.630926 key-down keyCode=49 flags=0x100 repeat=0 verdict=no-cache
2026-08-09 01:03:05.030 Df macos-dock-cc-v2[68904:10e732f] [com.caye.macosdockcc.v2:fullscreen-green-probe] [fullscreen-green-probe] t=473568.035052 key-down keyCode=49 flags=0x100 repeat=0 verdict=no-cache
2026-08-09 01:03:05.692 Df macos-dock-cc-v2[68904:10e732f] [com.caye.macosdockcc.v2:fullscreen-green-probe] [fullscreen-green-probe] t=473568.696828 mouse-down point=(1607.3,1993.3) flipped=(1607.3,-553.3) flags=0x0 under=0 verdict=no-cache
2026-08-09 01:03:06.724 Df macos-dock-cc-v2[68904:10e732f] [com.caye.macosdockcc.v2:fullscreen-green-probe] [fullscreen-green-probe] t=473569.728997 key-down keyCode=51 flags=0x100108 repeat=0 verdict=no-cache
2026-08-09 01:03:08.252 Df macos-dock-cc-v2[68904:10e732f] [com.caye.macosdockcc.v2:fullscreen-green-probe] [fullscreen-green-probe] t=473571.256418 mouse-down point=(1554.7,2092.0) flipped=(1554.7,-652.0) flags=0x0 under=0 verdict=no-cache
2026-08-09 01:03:08.799 Df macos-dock-cc-v2[68904:10e732f] [com.caye.macosdockcc.v2:fullscreen-green-probe] [fullscreen-green-probe] t=473571.804101 mouse-down point=(1472.1,2100.0) flipped=(1472.1,-660.0) flags=0x0 under=0 verdict=no-cache
2026-08-09 01:03:10.155 Df macos-dock-cc-v2[68904:10e732f] [com.caye.macosdockcc.v2:fullscreen-green-probe] [fullscreen-green-probe] t=473573.160250 mouse-down point=(1180.6,1709.5) flipped=(1180.6,-269.5) flags=0x0 under=0 verdict=no-cache
2026-08-09 01:03:11.565 Df macos-dock-cc-v2[68904:10e732f] [com.caye.macosdockcc.v2:fullscreen-green-probe] [fullscreen-green-probe] t=473574.570266 mouse-down point=(1594.7,1862.1) flipped=(1594.7,-422.1) flags=0x0 under=0 verdict=no-cache
2026-08-09 01:03:12.588 Df macos-dock-cc-v2[68904:10e732f] [com.caye.macosdockcc.v2:fullscreen-green-probe] [fullscreen-green-probe] t=473575.592390 mouse-down point=(1315.4,2036.0) flipped=(1315.4,-596.0) flags=0x0 under=0 verdict=no-cache
2026-08-09 01:03:15.156 Df macos-dock-cc-v2[68904:10e732f] [com.caye.macosdockcc.v2:fullscreen-green-probe] [fullscreen-green-probe] t=473578.160561 mouse-down point=(1412.6,2139.3) flipped=(1412.6,-699.3) flags=0x0 under=0 verdict=no-cache
2026-08-09 01:03:18.340 Df macos-dock-cc-v2[68904:10e732f] [com.caye.macosdockcc.v2:fullscreen-green-probe] [fullscreen-green-probe] t=473581.344642 mouse-down point=(1788.8,1052.5) flipped=(1788.8,387.5) flags=0x0 under=0 verdict=no-cache
2026-08-09 01:03:19.926 Df macos-dock-cc-v2[68904:10e732f] [com.caye.macosdockcc.v2:fullscreen-green-probe] [fullscreen-green-probe] t=473582.931159 mouse-down point=(2101.3,20.9) flipped=(2101.3,1419.1) flags=0x0 under=0 verdict=no-cache
2026-08-09 01:03:25.527 Df macos-dock-cc-v2[68904:10e732f] [com.caye.macosdockcc.v2:fullscreen-green-probe] [fullscreen-green-probe] t=473588.531875 mouse-down point=(2092.4,15.1) flipped=(2092.4,1424.9) flags=0x0 under=0 verdict=no-cache
2026-08-09 01:03:29.347 Df macos-dock-cc-v2[68904:10e732f] [com.caye.macosdockcc.v2:fullscreen-green-probe] [fullscreen-green-probe] t=473592.351800 mouse-down point=(1313.3,2162.9) flipped=(1313.3,-722.9) flags=0x0 under=0 verdict=no-cache
2026-08-09 01:03:30.060 Df macos-dock-cc-v2[68904:10e732f] [com.caye.macosdockcc.v2:fullscreen-green-probe] [fullscreen-green-probe] t=473593.064333 mouse-down point=(1324.2,2040.9) flipped=(1324.2,-600.9) flags=0x0 under=0 verdict=no-cache
2026-08-09 01:03:30.892 Df macos-dock-cc-v2[68904:10e732f] [com.caye.macosdockcc.v2:fullscreen-green-probe] [fullscreen-green-probe] t=473593.896352 mouse-down point=(1431.4,2040.7) flipped=(1431.4,-600.7) flags=0x0 under=0 verdict=no-cache
2026-08-09 01:03:33.724 Df macos-dock-cc-v2[68904:10e732f] [com.caye.macosdockcc.v2:fullscreen-green-probe] [fullscreen-green-probe] t=473596.728568 mouse-down point=(1270.0,1845.0) flipped=(1270.0,-405.0) flags=0x0 under=0 verdict=no-cache
2026-08-09 01:03:35.468 Df macos-dock-cc-v2[68904:10e732f] [com.caye.macosdockcc.v2:fullscreen-green-probe] [fullscreen-green-probe] t=473598.472369 mouse-down point=(1302.6,2035.8) flipped=(1302.6,-595.8) flags=0x0 under=0 verdict=no-cache
2026-08-09 01:03:36.740 Df macos-dock-cc-v2[68904:10e732f] [com.caye.macosdockcc.v2:fullscreen-green-probe] [fullscreen-green-probe] t=473599.744766 mouse-down point=(1243.6,1828.3) flipped=(1243.6,-388.3) flags=0x0 under=0 verdict=no-cache
2026-08-09 01:04:20.990 Df macos-dock-cc-v2[68904:10e732f] [com.caye.macosdockcc.v2:fullscreen-green-probe] [fullscreen-green-probe] t=473643.994719 mouse-down point=(1251.3,1847.2) flipped=(1251.3,-407.2) flags=0x0 under=0 verdict=no-cache
2026-08-09 01:04:25.148 Df macos-dock-cc-v2[68904:10e732f] [com.caye.macosdockcc.v2:fullscreen-green-probe] [fullscreen-green-probe] t=473648.152686 mouse-down point=(1337.3,2076.5) flipped=(1337.3,-636.5) flags=0x0 under=0 verdict=no-cache
2026-08-09 01:04:30.009 Df macos-dock-cc-v2[68904:10e732f] [com.caye.macosdockcc.v2:fullscreen-green-probe] [fullscreen-green-probe] t=473653.014305 mouse-down point=(1094.2,2093.0) flipped=(1094.2,-653.0) flags=0x0 under=0 verdict=no-cache
2026-08-09 01:04:31.612 Df macos-dock-cc-v2[68904:10e732f] [com.caye.macosdockcc.v2:fullscreen-green-probe] [fullscreen-green-probe] t=473654.616646 mouse-down point=(1232.7,2056.8) flipped=(1232.7,-616.8) flags=0x0 under=0 verdict=no-cache
2026-08-09 01:04:33.980 Df macos-dock-cc-v2[68904:10e732f] [com.caye.macosdockcc.v2:fullscreen-green-probe] [fullscreen-green-probe] t=473656.984691 mouse-down point=(1079.8,2054.2) flipped=(1079.8,-614.2) flags=0x0 under=0 verdict=no-cache
2026-08-09 01:04:53.796 Df macos-dock-cc-v2[68904:10e732f] [com.caye.macosdockcc.v2:fullscreen-green-probe] [fullscreen-green-probe] t=473676.801058 mouse-down point=(1293.9,1789.8) flipped=(1293.9,-349.8) flags=0x0 under=0 verdict=no-cache
2026-08-09 01:05:02.252 Df macos-dock-cc-v2[68904:10e732f] [com.caye.macosdockcc.v2:fullscreen-green-probe] [fullscreen-green-probe] t=473685.256647 mouse-down point=(1449.7,2232.6) flipped=(1449.7,-792.6) flags=0x0 under=0 verdict=no-cache
2026-08-09 01:05:11.219 Df macos-dock-cc-v2[68904:10e732f] [com.caye.macosdockcc.v2:fullscreen-green-probe] [fullscreen-green-probe] t=473694.224319 mouse-down point=(1227.8,2183.5) flipped=(1227.8,-743.5) flags=0x0 under=0 verdict=no-cache
2026-08-09 01:05:42.340 Df macos-dock-cc-v2[68904:10e732f] [com.caye.macosdockcc.v2:fullscreen-green-probe] [fullscreen-green-probe] t=473725.344794 mouse-down point=(1226.9,2077.5) flipped=(1226.9,-637.5) flags=0x0 under=0 verdict=no-cache
2026-08-09 01:05:52.539 Df macos-dock-cc-v2[68904:10e732f] [com.caye.macosdockcc.v2:fullscreen-green-probe] [fullscreen-green-probe] t=473735.544279 mouse-down point=(1444.9,2078.4) flipped=(1444.9,-638.4) flags=0x0 under=0 verdict=no-cache
2026-08-09 01:05:55.748 Df macos-dock-cc-v2[68904:10e732f] [com.caye.macosdockcc.v2:fullscreen-green-probe] [fullscreen-green-probe] t=473738.753256 mouse-down point=(1440.3,2181.5) flipped=(1440.3,-741.5) flags=0x0 under=0 verdict=no-cache
2026-08-09 01:06:15.571 Df macos-dock-cc-v2[68904:10e732f] [com.caye.macosdockcc.v2:fullscreen-green-probe] [fullscreen-green-probe] t=473758.576268 mouse-down point=(1086.7,2176.5) flipped=(1086.7,-736.5) flags=0x0 under=0 verdict=no-cache
2026-08-09 01:06:22.396 Df macos-dock-cc-v2[68904:10e732f] [com.caye.macosdockcc.v2:fullscreen-green-probe] [fullscreen-green-probe] t=473765.400334 mouse-down point=(1263.5,1783.5) flipped=(1263.5,-343.5) flags=0x0 under=0 verdict=no-cache
2026-08-09 01:06:24.957 Df macos-dock-cc-v2[68904:10e732f] [com.caye.macosdockcc.v2:fullscreen-green-probe] [fullscreen-green-probe] t=473767.961367 mouse-down point=(715.1,1688.3) flipped=(715.1,-248.3) flags=0x0 under=0 verdict=no-cache
2026-08-09 01:06:29.036 Df macos-dock-cc-v2[68904:10e732f] [com.caye.macosdockcc.v2:fullscreen-green-probe] [fullscreen-green-probe] t=473772.040419 mouse-down point=(1360.2,2339.1) flipped=(1360.2,-899.1) flags=0x0 under=0 verdict=no-cache
2026-08-09 01:06:30.596 Df macos-dock-cc-v2[68904:10e732f] [com.caye.macosdockcc.v2:fullscreen-green-probe] [fullscreen-green-probe] t=473773.600466 mouse-down point=(1283.0,2281.3) flipped=(1283.0,-841.3) flags=0x0 under=0 verdict=no-cache
2026-08-09 01:06:31.804 Df macos-dock-cc-v2[68904:10e732f] [com.caye.macosdockcc.v2:fullscreen-green-probe] [fullscreen-green-probe] t=473774.808623 mouse-down point=(1419.3,2401.9) flipped=(1419.3,-961.9) flags=0x0 under=0 verdict=no-cache
2026-08-09 01:06:32.356 Df macos-dock-cc-v2[68904:10e732f] [com.caye.macosdockcc.v2:fullscreen-green-probe] [fullscreen-green-probe] t=473775.360537 mouse-down point=(1531.4,2575.3) flipped=(1531.4,-1135.3) flags=0x0 under=0 verdict=no-cache
2026-08-09 01:06:33.344 Df macos-dock-cc-v2[68904:10e732f] [com.caye.macosdockcc.v2:fullscreen-green-probe] [fullscreen-green-probe] t=473776.348725 mouse-down point=(1531.3,2575.6) flipped=(1531.3,-1135.6) flags=0x0 under=0 verdict=no-cache
2026-08-09 01:06:33.678 Df macos-dock-cc-v2[68904:10e732f] [com.caye.macosdockcc.v2:fullscreen-green-probe] [fullscreen-green-probe] t=473776.682534 mouse-down point=(1531.3,2575.6) flipped=(1531.3,-1135.6) flags=0x0 under=0 verdict=no-cache
2026-08-09 01:06:34.216 Df macos-dock-cc-v2[68904:10e732f] [com.caye.macosdockcc.v2:fullscreen-green-probe] [fullscreen-green-probe] t=473777.221073 mouse-down point=(1531.3,2575.6) flipped=(1531.3,-1135.6) flags=0x0 under=0 verdict=no-cache
2026-08-09 01:06:34.614 Df macos-dock-cc-v2[68904:10e732f] [com.caye.macosdockcc.v2:fullscreen-green-probe] [fullscreen-green-probe] t=473777.618729 mouse-down point=(1531.3,2575.6) flipped=(1531.3,-1135.6) flags=0x0 under=0 verdict=no-cache
2026-08-09 01:06:36.523 Df macos-dock-cc-v2[68904:10e732f] [com.caye.macosdockcc.v2:fullscreen-green-probe] [fullscreen-green-probe] t=473779.528210 mouse-down point=(672.6,755.5) flipped=(672.6,684.5) flags=0x0 under=0 verdict=no-cache
2026-08-09 01:06:40.180 Df macos-dock-cc-v2[68904:10e732f] [com.caye.macosdockcc.v2:fullscreen-green-probe] [fullscreen-green-probe] t=473783.184335 mouse-down point=(779.8,577.0) flipped=(779.8,863.0) flags=0x0 under=0 verdict=no-cache
2026-08-09 01:06:44.068 Df macos-dock-cc-v2[68904:10e732f] [com.caye.macosdockcc.v2:fullscreen-green-probe] [fullscreen-green-probe] t=473787.072573 mouse-down point=(1171.1,1409.4) flipped=(1171.1,30.6) flags=0x0 under=0 verdict=no-cache
2026-08-09 01:06:44.532 Df macos-dock-cc-v2[68904:10e732f] [com.caye.macosdockcc.v2:fullscreen-green-probe] [fullscreen-green-probe] t=473787.536484 mouse-down point=(1165.9,1407.6) flipped=(1165.9,32.4) flags=0x0 under=0 verdict=no-cache
2026-08-09 01:06:45.284 Df macos-dock-cc-v2[68904:10e732f] [com.caye.macosdockcc.v2:fullscreen-green-probe] [fullscreen-green-probe] t=473788.288621 mouse-down point=(1323.0,1407.6) flipped=(1323.0,32.4) flags=0x0 under=0 verdict=no-cache
2026-08-09 01:06:45.872 Df macos-dock-cc-v2[68904:10e732f] [com.caye.macosdockcc.v2:fullscreen-green-probe] [fullscreen-green-probe] t=473788.876595 mouse-down point=(1325.3,1406.2) flipped=(1325.3,33.8) flags=0x0 under=0 verdict=no-cache
2026-08-09 01:06:46.636 Df macos-dock-cc-v2[68904:10e732f] [com.caye.macosdockcc.v2:fullscreen-green-probe] [fullscreen-green-probe] t=473789.640523 mouse-down point=(1533.9,1404.5) flipped=(1533.9,35.5) flags=0x0 under=0 verdict=no-cache
2026-08-09 01:06:47.235 Df macos-dock-cc-v2[68904:10e732f] [com.caye.macosdockcc.v2:fullscreen-green-probe] [fullscreen-green-probe] t=473790.240235 mouse-down point=(1531.3,1407.8) flipped=(1531.3,32.2) flags=0x0 under=0 verdict=no-cache
2026-08-09 01:06:47.987 Df macos-dock-cc-v2[68904:10e732f] [com.caye.macosdockcc.v2:fullscreen-green-probe] [fullscreen-green-probe] t=473790.992250 mouse-down point=(1691.9,1404.6) flipped=(1691.9,35.4) flags=0x0 under=0 verdict=no-cache
2026-08-09 01:06:48.772 Df macos-dock-cc-v2[68904:10e732f] [com.caye.macosdockcc.v2:fullscreen-green-probe] [fullscreen-green-probe] t=473791.776483 mouse-down point=(1689.9,1408.1) flipped=(1689.9,31.9) flags=0x0 under=0 verdict=no-cache
2026-08-09 01:06:49.756 Df macos-dock-cc-v2[68904:10e732f] [com.caye.macosdockcc.v2:fullscreen-green-probe] [fullscreen-green-probe] t=473792.760487 mouse-down point=(1710.9,1418.2) flipped=(1710.9,21.8) flags=0x0 under=0 verdict=no-cache
2026-08-09 01:06:55.308 Df macos-dock-cc-v2[68904:10e732f] [com.caye.macosdockcc.v2:fullscreen-green-probe] [fullscreen-green-probe] t=473798.312837 mouse-down point=(1714.3,1416.5) flipped=(1714.3,23.5) flags=0x80020 under=0 verdict=no-cache
2026-08-09 01:07:00.636 Df macos-dock-cc-v2[68904:10e732f] [com.caye.macosdockcc.v2:fullscreen-green-probe] [fullscreen-green-probe] t=473803.640955 mouse-down point=(1429.3,1407.0) flipped=(1429.3,33.0) flags=0x0 under=0 verdict=no-cache
2026-08-09 01:07:01.540 Df macos-dock-cc-v2[68904:10e732f] [com.caye.macosdockcc.v2:fullscreen-green-probe] [fullscreen-green-probe] t=473804.544883 mouse-down point=(1681.9,1400.2) flipped=(1681.9,39.8) flags=0x0 under=0 verdict=no-cache
2026-08-09 01:07:02.868 Df macos-dock-cc-v2[68904:10e732f] [com.caye.macosdockcc.v2:fullscreen-green-probe] [fullscreen-green-probe] t=473805.872444 mouse-down point=(1685.8,1403.9) flipped=(1685.8,36.1) flags=0x0 under=0 verdict=no-cache
2026-08-09 01:07:03.940 Df macos-dock-cc-v2[68904:10e732f] [com.caye.macosdockcc.v2:fullscreen-green-probe] [fullscreen-green-probe] t=473806.944571 mouse-down point=(1705.0,1415.1) flipped=(1705.0,24.9) flags=0x0 under=0 verdict=no-cache
2026-08-09 01:07:05.286 Df macos-dock-cc-v2[68904:10e732f] [com.caye.macosdockcc.v2:fullscreen-green-probe] [fullscreen-green-probe] t=473808.290766 mouse-down point=(1743.8,1410.5) flipped=(1743.8,29.5) flags=0x0 under=0 verdict=no-cache
2026-08-09 01:07:06.396 Df macos-dock-cc-v2[68904:10e732f] [com.caye.macosdockcc.v2:fullscreen-green-probe] [fullscreen-green-probe] t=473809.401008 mouse-down point=(1752.3,1410.8) flipped=(1752.3,29.2) flags=0x0 under=0 verdict=no-cache
2026-08-09 01:07:07.292 Df macos-dock-cc-v2[68904:10e732f] [com.caye.macosdockcc.v2:fullscreen-green-probe] [fullscreen-green-probe] t=473810.296768 mouse-down point=(1751.9,1411.0) flipped=(1751.9,29.0) flags=0x0 under=0 verdict=no-cache
2026-08-09 01:07:07.932 Df macos-dock-cc-v2[68904:10e732f] [com.caye.macosdockcc.v2:fullscreen-green-probe] [fullscreen-green-probe] t=473810.936454 mouse-down point=(1752.1,1411.2) flipped=(1752.1,28.8) flags=0x0 under=0 verdict=no-cache
2026-08-09 01:07:08.996 Df macos-dock-cc-v2[68904:10e732f] [com.caye.macosdockcc.v2:fullscreen-green-probe] [fullscreen-green-probe] t=473812.000781 mouse-down point=(1532.8,1408.0) flipped=(1532.8,32.0) flags=0x0 under=0 verdict=no-cache
2026-08-09 01:07:11.628 Df macos-dock-cc-v2[68904:10e732f] [com.caye.macosdockcc.v2:fullscreen-green-probe] [fullscreen-green-probe] t=473814.632573 mouse-down point=(1904.4,1155.4) flipped=(1904.4,284.6) flags=0x0 under=0 verdict=no-cache
2026-08-09 01:07:12.063 Df macos-dock-cc-v2[68904:10e732f] [com.caye.macosdockcc.v2:fullscreen-green-probe] [fullscreen-green-probe] t=473815.067669 mouse-down point=(1888.8,1155.5) flipped=(1888.8,284.5) flags=0x0 under=0 verdict=no-cache
