Filtering the log data using "process == "macos-dock-cc-v2" AND category == "fullscreen-green-probe""
Timestamp               Ty Process[PID:TID]
2026-08-08 23:40:08.466 Df macos-dock-cc-v2[68904:10e732f] [com.caye.macosdockcc.v2:fullscreen-green-probe] [fullscreen-green-probe] t=468591.470952 enabled
2026-08-08 23:40:28.128 Df macos-dock-cc-v2[68904:10e732f] [com.caye.macosdockcc.v2:fullscreen-green-probe] [fullscreen-green-probe] t=468611.132404 cache-ready pid=81876 wid=54444 button=(362.0,110.0,16.0,16.0) window=(308.0,102.0,603.0,505.0)
2026-08-08 23:40:30.319 Df macos-dock-cc-v2[68904:10e732f] [com.caye.macosdockcc.v2:fullscreen-green-probe] [fullscreen-green-probe] t=468613.323888 mouse-down point=(1432.5,1413.8) flipped=(1432.5,26.2) flags=0x0 under=0 cachedWid=54444 button=(362.0,110.0,16.0,16.0) age=0.043 active=1 fullscreen=0 exact=0 flippedHit=0 expanded=0 windowMatch=0 screenMatch=1 verdict=outside-button
2026-08-08 23:40:40.057 Df macos-dock-cc-v2[68904:10e732f] [com.caye.macosdockcc.v2:fullscreen-green-probe] [fullscreen-green-probe] t=468623.062259 mouse-down point=(413.0,930.1) flipped=(413.0,509.9) flags=0x0 under=0 verdict=no-cache
2026-08-08 23:40:42.373 Df macos-dock-cc-v2[68904:10e732f] [com.caye.macosdockcc.v2:fullscreen-green-probe] [fullscreen-green-probe] t=468625.378116 mouse-down point=(1160.1,143.9) flipped=(1160.1,1296.1) flags=0x0 under=0 verdict=no-cache
2026-08-08 23:40:45.317 Df macos-dock-cc-v2[68904:10e732f] [com.caye.macosdockcc.v2:fullscreen-green-probe] [fullscreen-green-probe] t=468628.322112 mouse-down point=(1238.3,1255.7) flipped=(1238.3,184.3) flags=0x0 under=0 verdict=no-cache
2026-08-08 23:40:47.487 Df macos-dock-cc-v2[68904:10e732f] [com.caye.macosdockcc.v2:fullscreen-green-probe] [fullscreen-green-probe] t=468630.491588 mouse-down point=(1587.6,322.4) flipped=(1587.6,1117.6) flags=0x0 under=0 verdict=no-cache
2026-08-08 23:40:49.190 Df macos-dock-cc-v2[68904:10e732f] [com.caye.macosdockcc.v2:fullscreen-green-probe] [fullscreen-green-probe] t=468632.194511 mouse-down point=(1315.6,326.5) flipped=(1315.6,1113.5) flags=0x0 under=0 verdict=no-cache
2026-08-08 23:40:50.077 Df macos-dock-cc-v2[68904:10e732f] [com.caye.macosdockcc.v2:fullscreen-green-probe] [fullscreen-green-probe] t=468633.082234 mouse-down point=(1556.8,326.8) flipped=(1556.8,1113.2) flags=0x0 under=0 verdict=no-cache
2026-08-08 23:40:52.872 Df macos-dock-cc-v2[68904:10e732f] [com.caye.macosdockcc.v2:fullscreen-green-probe] [fullscreen-green-probe] t=468635.876440 mouse-down point=(1475.2,726.8) flipped=(1475.2,713.2) flags=0x0 under=0 verdict=no-cache
2026-08-08 23:40:57.438 Df macos-dock-cc-v2[68904:10e732f] [com.caye.macosdockcc.v2:fullscreen-green-probe] [fullscreen-green-probe] t=468640.442468 mouse-down point=(254.1,55.3) flipped=(254.1,1384.7) flags=0x0 under=0 verdict=no-cache
2026-08-08 23:41:15.325 Df macos-dock-cc-v2[68904:10e732f] [com.caye.macosdockcc.v2:fullscreen-green-probe] [fullscreen-green-probe] t=468658.330155 mouse-down point=(226.2,871.5) flipped=(226.2,568.5) flags=0x0 under=0 verdict=no-cache
2026-08-08 23:41:16.509 Df macos-dock-cc-v2[68904:10e732f] [com.caye.macosdockcc.v2:fullscreen-green-probe] [fullscreen-green-probe] t=468659.514085 mouse-down point=(1273.8,693.9) flipped=(1273.8,746.1) flags=0x0 under=0 verdict=no-cache
2026-08-08 23:41:17.193 Df macos-dock-cc-v2[68904:10e732f] [com.caye.macosdockcc.v2:fullscreen-green-probe] [fullscreen-green-probe] t=468660.197629 mouse-down point=(1249.0,776.8) flipped=(1249.0,663.2) flags=0x0 under=0 verdict=no-cache
2026-08-08 23:41:18.782 Df macos-dock-cc-v2[68904:10e732f] [com.caye.macosdockcc.v2:fullscreen-green-probe] [fullscreen-green-probe] t=468661.786338 mouse-down point=(1825.8,885.6) flipped=(1825.8,554.4) flags=0x0 under=0 verdict=no-cache
2026-08-08 23:41:19.607 Df macos-dock-cc-v2[68904:10e732f] [com.caye.macosdockcc.v2:fullscreen-green-probe] [fullscreen-green-probe] t=468662.611577 mouse-down point=(1283.0,780.4) flipped=(1283.0,659.6) flags=0x0 under=0 verdict=no-cache
2026-08-08 23:41:24.037 Df macos-dock-cc-v2[68904:10e732f] [com.caye.macosdockcc.v2:fullscreen-green-probe] [fullscreen-green-probe] t=468667.042180 mouse-down point=(1124.5,838.0) flipped=(1124.5,602.0) flags=0x0 under=0 verdict=no-cache
2026-08-08 23:41:26.478 Df macos-dock-cc-v2[68904:10e732f] [com.caye.macosdockcc.v2:fullscreen-green-probe] [fullscreen-green-probe] t=468669.482326 mouse-down point=(1365.4,665.5) flipped=(1365.4,774.5) flags=0x0 under=0 verdict=no-cache
2026-08-08 23:41:28.390 Df macos-dock-cc-v2[68904:10e732f] [com.caye.macosdockcc.v2:fullscreen-green-probe] [fullscreen-green-probe] t=468671.394333 mouse-down point=(1592.3,692.3) flipped=(1592.3,747.7) flags=0x0 under=0 verdict=no-cache
2026-08-08 23:41:29.364 Df macos-dock-cc-v2[68904:10e732f] [com.caye.macosdockcc.v2:fullscreen-green-probe] [fullscreen-green-probe] t=468672.368597 mouse-down point=(1915.0,882.2) flipped=(1915.0,557.8) flags=0x0 under=0 verdict=no-cache
2026-08-08 23:41:33.396 Df macos-dock-cc-v2[68904:10e732f] [com.caye.macosdockcc.v2:fullscreen-green-probe] [fullscreen-green-probe] t=468676.401238 mouse-down point=(1362.1,710.8) flipped=(1362.1,729.2) flags=0x0 under=0 verdict=no-cache
2026-08-08 23:41:35.798 Df macos-dock-cc-v2[68904:10e732f] [com.caye.macosdockcc.v2:fullscreen-green-probe] [fullscreen-green-probe] t=468678.802746 mouse-down point=(1566.1,644.4) flipped=(1566.1,795.6) flags=0x0 under=0 verdict=no-cache
2026-08-08 23:41:37.578 Df macos-dock-cc-v2[68904:10e732f] [com.caye.macosdockcc.v2:fullscreen-green-probe] [fullscreen-green-probe] t=468680.582777 mouse-down point=(2003.9,708.7) flipped=(2003.9,731.3) flags=0x0 under=0 verdict=no-cache
2026-08-08 23:41:52.287 Df macos-dock-cc-v2[68904:10e732f] [com.caye.macosdockcc.v2:fullscreen-green-probe] [fullscreen-green-probe] t=468695.291638 mouse-down point=(1373.2,536.5) flipped=(1373.2,903.5) flags=0x0 under=0 verdict=no-cache
2026-08-08 23:41:54.315 Df macos-dock-cc-v2[68904:10e732f] [com.caye.macosdockcc.v2:fullscreen-green-probe] [fullscreen-green-probe] t=468697.320166 mouse-down point=(69.1,1233.2) flipped=(69.1,206.8) flags=0x0 under=0 verdict=no-cache
2026-08-08 23:42:07.734 Df macos-dock-cc-v2[68904:10e732f] [com.caye.macosdockcc.v2:fullscreen-green-probe] [fullscreen-green-probe] t=468710.738591 mouse-down point=(86.3,1252.4) flipped=(86.3,187.6) flags=0x0 under=0 verdict=no-cache
2026-08-08 23:42:24.510 Df macos-dock-cc-v2[68904:10e732f] [com.caye.macosdockcc.v2:fullscreen-green-probe] [fullscreen-green-probe] t=468727.514483 mouse-down point=(1047.4,892.7) flipped=(1047.4,547.3) flags=0x0 under=0 verdict=no-cache
2026-08-08 23:44:49.068 Df macos-dock-cc-v2[68904:10e732f] [com.caye.macosdockcc.v2:fullscreen-green-probe] [fullscreen-green-probe] t=468872.072370 mouse-down point=(267.8,423.7) flipped=(267.8,1016.3) flags=0x0 under=0 verdict=no-cache
2026-08-08 23:44:49.894 Df macos-dock-cc-v2[68904:10e732f] [com.caye.macosdockcc.v2:fullscreen-green-probe] [fullscreen-green-probe] t=468872.898327 mouse-down point=(262.7,457.7) flipped=(262.7,982.3) flags=0x0 under=0 verdict=no-cache
2026-08-08 23:44:50.358 Df macos-dock-cc-v2[68904:10e732f] [com.caye.macosdockcc.v2:fullscreen-green-probe] [fullscreen-green-probe] t=468873.362412 mouse-down point=(256.7,461.9) flipped=(256.7,978.1) flags=0x0 under=0 verdict=no-cache
2026-08-08 23:44:51.360 Df macos-dock-cc-v2[68904:10e732f] [com.caye.macosdockcc.v2:fullscreen-green-probe] [fullscreen-green-probe] t=468874.364962 mouse-down point=(253.0,474.1) flipped=(253.0,965.9) flags=0x0 under=0 verdict=no-cache
2026-08-08 23:44:58.408 Df macos-dock-cc-v2[68904:10e732f] [com.caye.macosdockcc.v2:fullscreen-green-probe] [fullscreen-green-probe] t=468881.412356 mouse-down point=(2109.7,170.1) flipped=(2109.7,1269.9) flags=0x0 under=0 verdict=no-cache
2026-08-08 23:45:04.421 Df macos-dock-cc-v2[68904:10e732f] [com.caye.macosdockcc.v2:fullscreen-green-probe] [fullscreen-green-probe] t=468887.426018 mouse-down point=(285.2,839.7) flipped=(285.2,600.3) flags=0x0 under=0 verdict=no-cache
2026-08-08 23:45:04.878 Df macos-dock-cc-v2[68904:10e732f] [com.caye.macosdockcc.v2:fullscreen-green-probe] [fullscreen-green-probe] t=468887.882614 mouse-down point=(290.9,803.6) flipped=(290.9,636.4) flags=0x0 under=0 verdict=no-cache
2026-08-08 23:45:07.041 Df macos-dock-cc-v2[68904:10e732f] [com.caye.macosdockcc.v2:fullscreen-green-probe] [fullscreen-green-probe] t=468890.046249 mouse-down point=(288.5,803.3) flipped=(288.5,636.7) flags=0x0 under=0 verdict=no-cache
2026-08-08 23:45:09.094 Df macos-dock-cc-v2[68904:10e732f] [com.caye.macosdockcc.v2:fullscreen-green-probe] [fullscreen-green-probe] t=468892.099165 key-down keyCode=13 flags=0x100108 repeat=0 verdict=no-cache
2026-08-08 23:45:10.614 Df macos-dock-cc-v2[68904:10e732f] [com.caye.macosdockcc.v2:fullscreen-green-probe] [fullscreen-green-probe] t=468893.618712 mouse-down point=(273.8,825.0) flipped=(273.8,615.0) flags=0x0 under=0 verdict=no-cache
2026-08-08 23:45:13.113 Df macos-dock-cc-v2[68904:10e732f] [com.caye.macosdockcc.v2:fullscreen-green-probe] [fullscreen-green-probe] t=468896.117957 mouse-down point=(273.1,825.0) flipped=(273.1,615.0) flags=0x0 under=0 verdict=no-cache
2026-08-08 23:45:15.813 Df macos-dock-cc-v2[68904:10e732f] [com.caye.macosdockcc.v2:fullscreen-green-probe] [fullscreen-green-probe] t=468898.818297 mouse-down point=(266.7,821.9) flipped=(266.7,618.1) flags=0x0 under=0 verdict=no-cache
2026-08-08 23:45:17.948 Df macos-dock-cc-v2[68904:10e732f] [com.caye.macosdockcc.v2:fullscreen-green-probe] [fullscreen-green-probe] t=468900.952451 key-down keyCode=13 flags=0x100108 repeat=0 verdict=no-cache
2026-08-08 23:45:20.006 Df macos-dock-cc-v2[68904:10e732f] [com.caye.macosdockcc.v2:fullscreen-green-probe] [fullscreen-green-probe] t=468903.010695 mouse-down point=(888.6,724.3) flipped=(888.6,715.7) flags=0x0 under=0 verdict=no-cache
2026-08-08 23:45:22.216 Df macos-dock-cc-v2[68904:10e732f] [com.caye.macosdockcc.v2:fullscreen-green-probe] [fullscreen-green-probe] t=468905.220787 key-down keyCode=13 flags=0x100108 repeat=0 verdict=no-cache
2026-08-08 23:45:29.646 Df macos-dock-cc-v2[68904:10e732f] [com.caye.macosdockcc.v2:fullscreen-green-probe] [fullscreen-green-probe] t=468912.651012 key-down keyCode=15 flags=0x100108 repeat=0 verdict=no-cache
2026-08-08 23:45:34.718 Df macos-dock-cc-v2[68904:10e732f] [com.caye.macosdockcc.v2:fullscreen-green-probe] [fullscreen-green-probe] t=468917.722481 mouse-down point=(1279.8,1404.2) flipped=(1279.8,35.8) flags=0x0 under=0 verdict=no-cache
2026-08-08 23:45:36.879 Df macos-dock-cc-v2[68904:10e732f] [com.caye.macosdockcc.v2:fullscreen-green-probe] [fullscreen-green-probe] t=468919.883745 mouse-down point=(1508.6,1071.2) flipped=(1508.6,368.8) flags=0x0 under=0 verdict=no-cache
2026-08-08 23:45:37.389 Df macos-dock-cc-v2[68904:10e732f] [com.caye.macosdockcc.v2:fullscreen-green-probe] [fullscreen-green-probe] t=468920.394126 mouse-down point=(1507.8,1065.6) flipped=(1507.8,374.4) flags=0x0 under=0 verdict=no-cache
2026-08-08 23:45:38.365 Df macos-dock-cc-v2[68904:10e732f] [com.caye.macosdockcc.v2:fullscreen-green-probe] [fullscreen-green-probe] t=468921.369865 mouse-down point=(1554.4,1065.7) flipped=(1554.4,374.3) flags=0x0 under=0 verdict=no-cache
2026-08-08 23:45:38.875 Df macos-dock-cc-v2[68904:10e732f] [com.caye.macosdockcc.v2:fullscreen-green-probe] [fullscreen-green-probe] t=468921.880270 mouse-down point=(1530.3,1071.4) flipped=(1530.3,368.6) flags=0x0 under=0 verdict=no-cache
2026-08-08 23:45:39.797 Df macos-dock-cc-v2[68904:10e732f] [com.caye.macosdockcc.v2:fullscreen-green-probe] [fullscreen-green-probe] t=468922.801957 mouse-down point=(1519.9,1064.7) flipped=(1519.9,375.3) flags=0x0 under=0 verdict=no-cache
2026-08-08 23:45:43.813 Df macos-dock-cc-v2[68904:10e732f] [com.caye.macosdockcc.v2:fullscreen-green-probe] [fullscreen-green-probe] t=468926.818228 mouse-down point=(1491.2,1411.2) flipped=(1491.2,28.8) flags=0x0 under=0 verdict=no-cache
2026-08-08 23:45:45.136 Df macos-dock-cc-v2[68904:10e732f] [com.caye.macosdockcc.v2:fullscreen-green-probe] [fullscreen-green-probe] t=468928.140581 mouse-down point=(1489.8,1411.4) flipped=(1489.8,28.6) flags=0x0 under=0 verdict=no-cache
2026-08-08 23:45:55.141 Df macos-dock-cc-v2[68904:10e732f] [com.caye.macosdockcc.v2:fullscreen-green-probe] [fullscreen-green-probe] t=468938.145421 key-down keyCode=6 flags=0x100 repeat=0 verdict=no-cache
2026-08-08 23:45:55.621 Df macos-dock-cc-v2[68904:10e732f] [com.caye.macosdockcc.v2:fullscreen-green-probe] [fullscreen-green-probe] t=468938.626103 mouse-down point=(1060.9,1223.4) flipped=(1060.9,216.6) flags=0x0 under=0 verdict=no-cache
2026-08-08 23:45:56.149 Df macos-dock-cc-v2[68904:10e732f] [com.caye.macosdockcc.v2:fullscreen-green-probe] [fullscreen-green-probe] t=468939.153728 key-down keyCode=6 flags=0x100 repeat=0 verdict=no-cache
2026-08-08 23:45:56.470 Df macos-dock-cc-v2[68904:10e732f] [com.caye.macosdockcc.v2:fullscreen-green-probe] [fullscreen-green-probe] t=468939.474667 mouse-down point=(1043.0,1227.7) flipped=(1043.0,212.3) flags=0x0 under=0 verdict=no-cache
2026-08-08 23:45:56.850 Df macos-dock-cc-v2[68904:10e732f] [com.caye.macosdockcc.v2:fullscreen-green-probe] [fullscreen-green-probe] t=468939.855201 key-down keyCode=9 flags=0x100 repeat=0 verdict=no-cache
2026-08-08 23:45:57.116 Df macos-dock-cc-v2[68904:10e732f] [com.caye.macosdockcc.v2:fullscreen-green-probe] [fullscreen-green-probe] t=468940.121281 mouse-down point=(1105.8,1198.1) flipped=(1105.8,241.9) flags=0x0 under=0 verdict=no-cache
2026-08-08 23:45:57.318 Df macos-dock-cc-v2[68904:10e732f] [com.caye.macosdockcc.v2:fullscreen-green-probe] [fullscreen-green-probe] t=468940.323155 key-down keyCode=6 flags=0x100 repeat=0 verdict=no-cache
2026-08-08 23:45:57.486 Df macos-dock-cc-v2[68904:10e732f] [com.caye.macosdockcc.v2:fullscreen-green-probe] [fullscreen-green-probe] t=468940.490962 mouse-down point=(1081.9,1211.6) flipped=(1081.9,228.4) flags=0x0 under=0 verdict=no-cache
2026-08-08 23:45:57.899 Df macos-dock-cc-v2[68904:10e732f] [com.caye.macosdockcc.v2:fullscreen-green-probe] [fullscreen-green-probe] t=468940.904106 key-down keyCode=9 flags=0x100 repeat=0 verdict=no-cache
2026-08-08 23:45:58.835 Df macos-dock-cc-v2[68904:10e732f] [com.caye.macosdockcc.v2:fullscreen-green-probe] [fullscreen-green-probe] t=468941.839581 mouse-down point=(1267.1,1203.3) flipped=(1267.1,236.7) flags=0xa0022 under=0 verdict=no-cache
2026-08-08 23:45:59.882 Df macos-dock-cc-v2[68904:10e732f] [com.caye.macosdockcc.v2:fullscreen-green-probe] [fullscreen-green-probe] t=468942.887312 key-down keyCode=6 flags=0x100 repeat=0 verdict=no-cache
2026-08-08 23:46:00.033 Df macos-dock-cc-v2[68904:10e732f] [com.caye.macosdockcc.v2:fullscreen-green-probe] [fullscreen-green-probe] t=468943.038286 mouse-down point=(1431.5,1135.9) flipped=(1431.5,304.1) flags=0x0 under=0 verdict=no-cache
2026-08-08 23:46:00.437 Df macos-dock-cc-v2[68904:10e732f] [com.caye.macosdockcc.v2:fullscreen-green-probe] [fullscreen-green-probe] t=468943.441928 key-down keyCode=9 flags=0x100 repeat=0 verdict=no-cache
2026-08-08 23:46:00.584 Df macos-dock-cc-v2[68904:10e732f] [com.caye.macosdockcc.v2:fullscreen-green-probe] [fullscreen-green-probe] t=468943.588947 mouse-down point=(808.5,1193.5) flipped=(808.5,246.5) flags=0x0 under=0 verdict=no-cache
2026-08-08 23:46:00.806 Df macos-dock-cc-v2[68904:10e732f] [com.caye.macosdockcc.v2:fullscreen-green-probe] [fullscreen-green-probe] t=468943.810456 key-down keyCode=6 flags=0x100 repeat=0 verdict=no-cache
2026-08-08 23:46:00.935 Df macos-dock-cc-v2[68904:10e732f] [com.caye.macosdockcc.v2:fullscreen-green-probe] [fullscreen-green-probe] t=468943.939683 mouse-down point=(1102.0,1181.7) flipped=(1102.0,258.3) flags=0x0 under=0 verdict=no-cache
2026-08-08 23:46:01.023 Df macos-dock-cc-v2[68904:10e732f] [com.caye.macosdockcc.v2:fullscreen-green-probe] [fullscreen-green-probe] t=468944.027353 key-down keyCode=49 flags=0x100 repeat=0 verdict=no-cache
2026-08-08 23:46:01.400 Df macos-dock-cc-v2[68904:10e732f] [com.caye.macosdockcc.v2:fullscreen-green-probe] [fullscreen-green-probe] t=468944.405093 mouse-down point=(1521.7,1210.2) flipped=(1521.7,229.8) flags=0x0 under=0 verdict=no-cache
2026-08-08 23:46:01.523 Df macos-dock-cc-v2[68904:10e732f] [com.caye.macosdockcc.v2:fullscreen-green-probe] [fullscreen-green-probe] t=468944.528190 key-down keyCode=49 flags=0x100 repeat=1 verdict=no-cache
2026-08-08 23:46:01.608 Df macos-dock-cc-v2[68904:10e732f] [com.caye.macosdockcc.v2:fullscreen-green-probe] [fullscreen-green-probe] t=468944.612343 key-down keyCode=49 flags=0x100 repeat=1 verdict=no-cache
2026-08-08 23:46:01.905 Df macos-dock-cc-v2[68904:10e732f] [com.caye.macosdockcc.v2:fullscreen-green-probe] [fullscreen-green-probe] t=468944.909735 mouse-down point=(1307.5,1191.3) flipped=(1307.5,248.7) flags=0x0 under=0 verdict=no-cache
2026-08-08 23:46:02.238 Df macos-dock-cc-v2[68904:10e732f] [com.caye.macosdockcc.v2:fullscreen-green-probe] [fullscreen-green-probe] t=468945.243285 key-down keyCode=49 flags=0x100 repeat=0 verdict=no-cache
2026-08-08 23:46:02.439 Df macos-dock-cc-v2[68904:10e732f] [com.caye.macosdockcc.v2:fullscreen-green-probe] [fullscreen-green-probe] t=468945.443499 mouse-down point=(1506.6,1185.3) flipped=(1506.6,254.7) flags=0x0 under=0 verdict=no-cache
2026-08-08 23:46:02.807 Df macos-dock-cc-v2[68904:10e732f] [com.caye.macosdockcc.v2:fullscreen-green-probe] [fullscreen-green-probe] t=468945.811570 key-down keyCode=9 flags=0x100 repeat=0 verdict=no-cache
2026-08-08 23:46:03.070 Df macos-dock-cc-v2[68904:10e732f] [com.caye.macosdockcc.v2:fullscreen-green-probe] [fullscreen-green-probe] t=468946.074697 mouse-down point=(1956.9,1134.6) flipped=(1956.9,305.4) flags=0x0 under=0 verdict=no-cache
2026-08-08 23:46:03.619 Df macos-dock-cc-v2[68904:10e732f] [com.caye.macosdockcc.v2:fullscreen-green-probe] [fullscreen-green-probe] t=468946.623638 mouse-down point=(2114.6,1113.2) flipped=(2114.6,326.8) flags=0x0 under=0 verdict=no-cache
2026-08-08 23:46:04.821 Df macos-dock-cc-v2[68904:10e732f] [com.caye.macosdockcc.v2:fullscreen-green-probe] [fullscreen-green-probe] t=468947.826276 mouse-down point=(2087.6,1104.9) flipped=(2087.6,335.1) flags=0x0 under=0 verdict=no-cache
2026-08-08 23:46:05.390 Df macos-dock-cc-v2[68904:10e732f] [com.caye.macosdockcc.v2:fullscreen-green-probe] [fullscreen-green-probe] t=468948.394679 mouse-down point=(2079.8,1085.3) flipped=(2079.8,354.7) flags=0x0 under=0 verdict=no-cache
2026-08-08 23:46:05.957 Df macos-dock-cc-v2[68904:10e732f] [com.caye.macosdockcc.v2:fullscreen-green-probe] [fullscreen-green-probe] t=468948.962063 mouse-down point=(2057.7,1084.0) flipped=(2057.7,356.0) flags=0x0 under=0 verdict=no-cache
2026-08-08 23:46:06.973 Df macos-dock-cc-v2[68904:10e732f] [com.caye.macosdockcc.v2:fullscreen-green-probe] [fullscreen-green-probe] t=468949.977955 mouse-down point=(2145.0,1099.0) flipped=(2145.0,341.0) flags=0x0 under=0 verdict=no-cache
2026-08-08 23:47:35.215 Df macos-dock-cc-v2[68904:10e732f] [com.caye.macosdockcc.v2:fullscreen-green-probe] [fullscreen-green-probe] t=469038.220077 mouse-down point=(1731.2,699.1) flipped=(1731.2,740.9) flags=0x0 under=0 verdict=no-cache
2026-08-08 23:47:35.597 Df macos-dock-cc-v2[68904:10e732f] [com.caye.macosdockcc.v2:fullscreen-green-probe] [fullscreen-green-probe] t=469038.602208 mouse-down point=(1730.1,678.4) flipped=(1730.1,761.6) flags=0x0 under=0 verdict=no-cache
2026-08-08 23:47:36.314 Df macos-dock-cc-v2[68904:10e732f] [com.caye.macosdockcc.v2:fullscreen-green-probe] [fullscreen-green-probe] t=469039.318791 key-down keyCode=6 flags=0x100 repeat=0 verdict=no-cache
2026-08-08 23:47:36.501 Df macos-dock-cc-v2[68904:10e732f] [com.caye.macosdockcc.v2:fullscreen-green-probe] [fullscreen-green-probe] t=469039.506080 mouse-down point=(1522.9,655.0) flipped=(1522.9,785.0) flags=0x0 under=0 verdict=no-cache
2026-08-08 23:47:36.630 Df macos-dock-cc-v2[68904:10e732f] [com.caye.macosdockcc.v2:fullscreen-green-probe] [fullscreen-green-probe] t=469039.634676 key-down keyCode=49 flags=0x100 repeat=0 verdict=no-cache
2026-08-08 23:47:36.938 Df macos-dock-cc-v2[68904:10e732f] [com.caye.macosdockcc.v2:fullscreen-green-probe] [fullscreen-green-probe] t=469039.942988 mouse-down point=(1603.2,650.7) flipped=(1603.2,789.3) flags=0x0 under=0 verdict=no-cache
2026-08-08 23:47:37.129 Df macos-dock-cc-v2[68904:10e732f] [com.caye.macosdockcc.v2:fullscreen-green-probe] [fullscreen-green-probe] t=469040.134005 key-down keyCode=49 flags=0x100 repeat=1 verdict=no-cache
2026-08-08 23:47:37.212 Df macos-dock-cc-v2[68904:10e732f] [com.caye.macosdockcc.v2:fullscreen-green-probe] [fullscreen-green-probe] t=469040.216985 key-down keyCode=49 flags=0x100 repeat=1 verdict=no-cache
2026-08-08 23:47:37.429 Df macos-dock-cc-v2[68904:10e732f] [com.caye.macosdockcc.v2:fullscreen-green-probe] [fullscreen-green-probe] t=469040.433439 key-down keyCode=49 flags=0x100 repeat=1 verdict=no-cache
2026-08-08 23:47:37.429 Df macos-dock-cc-v2[68904:10e732f] [com.caye.macosdockcc.v2:fullscreen-green-probe] [fullscreen-green-probe] t=469040.433716 key-down keyCode=49 flags=0x100 repeat=1 verdict=no-cache
2026-08-08 23:47:37.461 Df macos-dock-cc-v2[68904:10e732f] [com.caye.macosdockcc.v2:fullscreen-green-probe] [fullscreen-green-probe] t=469040.465554 key-down keyCode=49 flags=0x100 repeat=1 verdict=no-cache
2026-08-08 23:47:37.544 Df macos-dock-cc-v2[68904:10e732f] [com.caye.macosdockcc.v2:fullscreen-green-probe] [fullscreen-green-probe] t=469040.549138 key-down keyCode=49 flags=0x100 repeat=1 verdict=no-cache
2026-08-08 23:47:37.630 Df macos-dock-cc-v2[68904:10e732f] [com.caye.macosdockcc.v2:fullscreen-green-probe] [fullscreen-green-probe] t=469040.634936 key-down keyCode=49 flags=0x100 repeat=1 verdict=no-cache
2026-08-08 23:47:37.845 Df macos-dock-cc-v2[68904:10e732f] [com.caye.macosdockcc.v2:fullscreen-green-probe] [fullscreen-green-probe] t=469040.850004 mouse-down point=(1569.1,773.9) flipped=(1569.1,666.1) flags=0x0 under=0 verdict=no-cache
2026-08-08 23:47:37.897 Df macos-dock-cc-v2[68904:10e732f] [com.caye.macosdockcc.v2:fullscreen-green-probe] [fullscreen-green-probe] t=469040.901347 key-down keyCode=49 flags=0x100 repeat=0 verdict=no-cache
2026-08-08 23:47:38.145 Df macos-dock-cc-v2[68904:10e732f] [com.caye.macosdockcc.v2:fullscreen-green-probe] [fullscreen-green-probe] t=469041.150132 mouse-down point=(1553.5,764.9) flipped=(1553.5,675.1) flags=0x0 under=0 verdict=no-cache
2026-08-08 23:47:38.621 Df macos-dock-cc-v2[68904:10e732f] [com.caye.macosdockcc.v2:fullscreen-green-probe] [fullscreen-green-probe] t=469041.626311 key-down keyCode=49 flags=0x100 repeat=1 verdict=no-cache
2026-08-08 23:47:38.837 Df macos-dock-cc-v2[68904:10e732f] [com.caye.macosdockcc.v2:fullscreen-green-probe] [fullscreen-green-probe] t=469041.842072 mouse-down point=(1521.8,772.8) flipped=(1521.8,667.2) flags=0x0 under=0 verdict=no-cache
2026-08-08 23:47:38.930 Df macos-dock-cc-v2[68904:10e732f] [com.caye.macosdockcc.v2:fullscreen-green-probe] [fullscreen-green-probe] t=469041.934448 key-down keyCode=49 flags=0x100 repeat=0 verdict=no-cache
2026-08-08 23:47:39.301 Df macos-dock-cc-v2[68904:10e732f] [com.caye.macosdockcc.v2:fullscreen-green-probe] [fullscreen-green-probe] t=469042.306092 mouse-down point=(1634.5,776.2) flipped=(1634.5,663.8) flags=0x0 under=0 verdict=no-cache
2026-08-08 23:47:39.432 Df macos-dock-cc-v2[68904:10e732f] [com.caye.macosdockcc.v2:fullscreen-green-probe] [fullscreen-green-probe] t=469042.436903 key-down keyCode=49 flags=0x100 repeat=1 verdict=no-cache
2026-08-08 23:47:39.513 Df macos-dock-cc-v2[68904:10e732f] [com.caye.macosdockcc.v2:fullscreen-green-probe] [fullscreen-green-probe] t=469042.517757 key-down keyCode=49 flags=0x100 repeat=1 verdict=no-cache
2026-08-08 23:47:39.630 Df macos-dock-cc-v2[68904:10e732f] [com.caye.macosdockcc.v2:fullscreen-green-probe] [fullscreen-green-probe] t=469042.634938 key-down keyCode=9 flags=0x100 repeat=0 verdict=no-cache
2026-08-08 23:47:39.730 Df macos-dock-cc-v2[68904:10e732f] [com.caye.macosdockcc.v2:fullscreen-green-probe] [fullscreen-green-probe] t=469042.734668 mouse-down point=(1592.1,787.9) flipped=(1592.1,652.1) flags=0x0 under=0 verdict=no-cache
2026-08-08 23:47:40.101 Df macos-dock-cc-v2[68904:10e732f] [com.caye.macosdockcc.v2:fullscreen-green-probe] [fullscreen-green-probe] t=469043.105670 mouse-down point=(1590.4,780.0) flipped=(1590.4,660.0) flags=0x0 under=0 verdict=no-cache
2026-08-08 23:47:41.573 Df macos-dock-cc-v2[68904:10e732f] [com.caye.macosdockcc.v2:fullscreen-green-probe] [fullscreen-green-probe] t=469044.577783 mouse-down point=(1583.2,797.0) flipped=(1583.2,643.0) flags=0x0 under=0 verdict=no-cache
2026-08-08 23:47:42.015 Df macos-dock-cc-v2[68904:10e732f] [com.caye.macosdockcc.v2:fullscreen-green-probe] [fullscreen-green-probe] t=469045.019839 mouse-down point=(1536.0,848.4) flipped=(1536.0,591.6) flags=0x0 under=0 verdict=no-cache
2026-08-08 23:47:42.814 Df macos-dock-cc-v2[68904:10e732f] [com.caye.macosdockcc.v2:fullscreen-green-probe] [fullscreen-green-probe] t=469045.818582 mouse-down point=(1425.8,952.4) flipped=(1425.8,487.6) flags=0x0 under=0 verdict=no-cache
2026-08-08 23:47:43.333 Df macos-dock-cc-v2[68904:10e732f] [com.caye.macosdockcc.v2:fullscreen-green-probe] [fullscreen-green-probe] t=469046.338244 mouse-down point=(1428.2,951.3) flipped=(1428.2,488.7) flags=0x0 under=0 verdict=no-cache
2026-08-08 23:47:43.487 Df macos-dock-cc-v2[68904:10e732f] [com.caye.macosdockcc.v2:fullscreen-green-probe] [fullscreen-green-probe] t=469046.492014 mouse-down point=(1428.2,951.3) flipped=(1428.2,488.7) flags=0x0 under=0 verdict=no-cache
2026-08-08 23:47:44.237 Df macos-dock-cc-v2[68904:10e732f] [com.caye.macosdockcc.v2:fullscreen-green-probe] [fullscreen-green-probe] t=469047.242319 mouse-down point=(1416.5,950.7) flipped=(1416.5,489.3) flags=0x0 under=0 verdict=no-cache
2026-08-08 23:47:45.302 Df macos-dock-cc-v2[68904:10e732f] [com.caye.macosdockcc.v2:fullscreen-green-probe] [fullscreen-green-probe] t=469048.306922 key-down keyCode=7 flags=0x100108 repeat=0 verdict=no-cache
2026-08-08 23:47:45.885 Df macos-dock-cc-v2[68904:10e732f] [com.caye.macosdockcc.v2:fullscreen-green-probe] [fullscreen-green-probe] t=469048.889986 mouse-down point=(1350.4,802.7) flipped=(1350.4,637.3) flags=0x0 under=0 verdict=no-cache
2026-08-08 23:47:46.018 Df macos-dock-cc-v2[68904:10e732f] [com.caye.macosdockcc.v2:fullscreen-green-probe] [fullscreen-green-probe] t=469049.022372 mouse-down point=(1350.4,802.7) flipped=(1350.4,637.3) flags=0x0 under=0 verdict=no-cache
2026-08-08 23:47:46.320 Df macos-dock-cc-v2[68904:10e732f] [com.caye.macosdockcc.v2:fullscreen-green-probe] [fullscreen-green-probe] t=469049.324939 key-down keyCode=9 flags=0x100108 repeat=0 verdict=no-cache
2026-08-08 23:47:46.751 Df macos-dock-cc-v2[68904:10e732f] [com.caye.macosdockcc.v2:fullscreen-green-probe] [fullscreen-green-probe] t=469049.756316 key-down keyCode=53 flags=0x100 repeat=0 verdict=no-cache
2026-08-08 23:47:46.996 Df macos-dock-cc-v2[68904:10e732f] [com.caye.macosdockcc.v2:fullscreen-green-probe] [fullscreen-green-probe] t=469050.001129 mouse-down point=(1581.6,825.5) flipped=(1581.6,614.5) flags=0x0 under=0 verdict=no-cache
2026-08-08 23:47:47.249 Df macos-dock-cc-v2[68904:10e732f] [com.caye.macosdockcc.v2:fullscreen-green-probe] [fullscreen-green-probe] t=469050.253441 key-down keyCode=6 flags=0x100 repeat=0 verdict=no-cache
2026-08-08 23:47:47.418 Df macos-dock-cc-v2[68904:10e732f] [com.caye.macosdockcc.v2:fullscreen-green-probe] [fullscreen-green-probe] t=469050.422615 mouse-down point=(1382.2,832.6) flipped=(1382.2,607.4) flags=0x0 under=0 verdict=no-cache
2026-08-08 23:47:47.699 Df macos-dock-cc-v2[68904:10e732f] [com.caye.macosdockcc.v2:fullscreen-green-probe] [fullscreen-green-probe] t=469050.704218 key-down keyCode=9 flags=0x100 repeat=0 verdict=no-cache
2026-08-08 23:47:48.133 Df macos-dock-cc-v2[68904:10e732f] [com.caye.macosdockcc.v2:fullscreen-green-probe] [fullscreen-green-probe] t=469051.137915 mouse-down point=(1359.8,774.0) flipped=(1359.8,666.0) flags=0x0 under=0 verdict=no-cache
2026-08-08 23:47:50.604 Df macos-dock-cc-v2[68904:10e732f] [com.caye.macosdockcc.v2:fullscreen-green-probe] [fullscreen-green-probe] t=469053.608980 key-down keyCode=6 flags=0x100108 repeat=0 verdict=no-cache
2026-08-08 23:47:50.867 Df macos-dock-cc-v2[68904:10e732f] [com.caye.macosdockcc.v2:fullscreen-green-probe] [fullscreen-green-probe] t=469053.871988 key-down keyCode=6 flags=0x100108 repeat=0 verdict=no-cache
2026-08-08 23:47:51.367 Df macos-dock-cc-v2[68904:10e732f] [com.caye.macosdockcc.v2:fullscreen-green-probe] [fullscreen-green-probe] t=469054.371336 key-down keyCode=6 flags=0x100108 repeat=0 verdict=no-cache
2026-08-08 23:47:51.867 Df macos-dock-cc-v2[68904:10e732f] [com.caye.macosdockcc.v2:fullscreen-green-probe] [fullscreen-green-probe] t=469054.872069 key-down keyCode=6 flags=0x100108 repeat=0 verdict=no-cache
2026-08-08 23:47:52.434 Df macos-dock-cc-v2[68904:10e732f] [com.caye.macosdockcc.v2:fullscreen-green-probe] [fullscreen-green-probe] t=469055.439169 key-down keyCode=6 flags=0x100108 repeat=0 verdict=no-cache
2026-08-08 23:47:52.752 Df macos-dock-cc-v2[68904:10e732f] [com.caye.macosdockcc.v2:fullscreen-green-probe] [fullscreen-green-probe] t=469055.756485 mouse-down point=(1734.4,1016.2) flipped=(1734.4,423.8) flags=0x0 under=0 verdict=no-cache
2026-08-08 23:47:52.953 Df macos-dock-cc-v2[68904:10e732f] [com.caye.macosdockcc.v2:fullscreen-green-probe] [fullscreen-green-probe] t=469055.957745 key-down keyCode=6 flags=0x100 repeat=0 verdict=no-cache
2026-08-08 23:47:53.036 Df macos-dock-cc-v2[68904:10e732f] [com.caye.macosdockcc.v2:fullscreen-green-probe] [fullscreen-green-probe] t=469056.040482 mouse-down point=(1697.4,1010.6) flipped=(1697.4,429.4) flags=0x0 under=0 verdict=no-cache
2026-08-08 23:47:53.170 Df macos-dock-cc-v2[68904:10e732f] [com.caye.macosdockcc.v2:fullscreen-green-probe] [fullscreen-green-probe] t=469056.174731 key-down keyCode=49 flags=0x100 repeat=0 verdict=no-cache
2026-08-08 23:47:53.357 Df macos-dock-cc-v2[68904:10e732f] [com.caye.macosdockcc.v2:fullscreen-green-probe] [fullscreen-green-probe] t=469056.361387 mouse-down point=(1614.2,1023.5) flipped=(1614.2,416.5) flags=0x0 under=0 verdict=no-cache
2026-08-08 23:47:53.671 Df macos-dock-cc-v2[68904:10e732f] [com.caye.macosdockcc.v2:fullscreen-green-probe] [fullscreen-green-probe] t=469056.675763 key-down keyCode=49 flags=0x100 repeat=1 verdict=no-cache
2026-08-08 23:47:53.755 Df macos-dock-cc-v2[68904:10e732f] [com.caye.macosdockcc.v2:fullscreen-green-probe] [fullscreen-green-probe] t=469056.759479 key-down keyCode=49 flags=0x100 repeat=1 verdict=no-cache
2026-08-08 23:47:53.838 Df macos-dock-cc-v2[68904:10e732f] [com.caye.macosdockcc.v2:fullscreen-green-probe] [fullscreen-green-probe] t=469056.842876 key-down keyCode=49 flags=0x100 repeat=1 verdict=no-cache
2026-08-08 23:47:53.887 Df macos-dock-cc-v2[68904:10e732f] [com.caye.macosdockcc.v2:fullscreen-green-probe] [fullscreen-green-probe] t=469056.892196 mouse-down point=(1529.8,963.8) flipped=(1529.8,476.2) flags=0x0 under=0 verdict=no-cache
2026-08-08 23:47:53.923 Df macos-dock-cc-v2[68904:10e732f] [com.caye.macosdockcc.v2:fullscreen-green-probe] [fullscreen-green-probe] t=469056.927360 key-down keyCode=49 flags=0x100 repeat=1 verdict=no-cache
2026-08-08 23:47:54.006 Df macos-dock-cc-v2[68904:10e732f] [com.caye.macosdockcc.v2:fullscreen-green-probe] [fullscreen-green-probe] t=469057.010748 key-down keyCode=49 flags=0x100 repeat=1 verdict=no-cache
2026-08-08 23:47:54.090 Df macos-dock-cc-v2[68904:10e732f] [com.caye.macosdockcc.v2:fullscreen-green-probe] [fullscreen-green-probe] t=469057.094375 key-down keyCode=49 flags=0x100 repeat=1 verdict=no-cache
2026-08-08 23:47:54.288 Df macos-dock-cc-v2[68904:10e732f] [com.caye.macosdockcc.v2:fullscreen-green-probe] [fullscreen-green-probe] t=469057.292814 key-down keyCode=9 flags=0x100 repeat=0 verdict=no-cache
2026-08-08 23:47:55.437 Df macos-dock-cc-v2[68904:10e732f] [com.caye.macosdockcc.v2:fullscreen-green-probe] [fullscreen-green-probe] t=469058.441960 key-down keyCode=31 flags=0x20104 repeat=0 verdict=no-cache
2026-08-08 23:47:55.925 Df macos-dock-cc-v2[68904:10e732f] [com.caye.macosdockcc.v2:fullscreen-green-probe] [fullscreen-green-probe] t=469058.930165 mouse-down point=(1582.4,826.5) flipped=(1582.4,613.5) flags=0x0 under=0 verdict=no-cache
2026-08-08 23:47:56.420 Df macos-dock-cc-v2[68904:10e732f] [com.caye.macosdockcc.v2:fullscreen-green-probe] [fullscreen-green-probe] t=469059.424540 mouse-down point=(1586.0,867.5) flipped=(1586.0,572.5) flags=0x0 under=0 verdict=no-cache
2026-08-08 23:47:57.672 Df macos-dock-cc-v2[68904:10e732f] [com.caye.macosdockcc.v2:fullscreen-green-probe] [fullscreen-green-probe] t=469060.676483 mouse-down point=(1121.5,880.2) flipped=(1121.5,559.8) flags=0x0 under=0 verdict=no-cache
2026-08-08 23:47:59.456 Df macos-dock-cc-v2[68904:10e732f] [com.caye.macosdockcc.v2:fullscreen-green-probe] [fullscreen-green-probe] t=469062.461170 mouse-down point=(1442.1,734.8) flipped=(1442.1,705.2) flags=0x0 under=0 verdict=no-cache
2026-08-08 23:47:59.784 Df macos-dock-cc-v2[68904:10e732f] [com.caye.macosdockcc.v2:fullscreen-green-probe] [fullscreen-green-probe] t=469062.788524 mouse-down point=(1442.7,749.7) flipped=(1442.7,690.3) flags=0x0 under=0 verdict=no-cache
2026-08-08 23:48:00.326 Df macos-dock-cc-v2[68904:10e732f] [com.caye.macosdockcc.v2:fullscreen-green-probe] [fullscreen-green-probe] t=469063.330683 key-down keyCode=6 flags=0x100108 repeat=0 verdict=no-cache
2026-08-08 23:48:01.140 Df macos-dock-cc-v2[68904:10e732f] [com.caye.macosdockcc.v2:fullscreen-green-probe] [fullscreen-green-probe] t=469064.144618 key-down keyCode=19 flags=0x180128 repeat=0 verdict=no-cache
2026-08-08 23:48:01.590 Df macos-dock-cc-v2[68904:10e732f] [com.caye.macosdockcc.v2:fullscreen-green-probe] [fullscreen-green-probe] t=469064.594358 mouse-down point=(1137.1,886.4) flipped=(1137.1,553.6) flags=0x80020 under=0 verdict=no-cache
2026-08-08 23:48:02.739 Df macos-dock-cc-v2[68904:10e732f] [com.caye.macosdockcc.v2:fullscreen-green-probe] [fullscreen-green-probe] t=469065.744045 key-down keyCode=6 flags=0x100 repeat=0 verdict=no-cache
2026-08-08 23:48:02.941 Df macos-dock-cc-v2[68904:10e732f] [com.caye.macosdockcc.v2:fullscreen-green-probe] [fullscreen-green-probe] t=469065.945891 mouse-down point=(1395.3,930.9) flipped=(1395.3,509.1) flags=0x0 under=0 verdict=no-cache
2026-08-08 23:48:03.624 Df macos-dock-cc-v2[68904:10e732f] [com.caye.macosdockcc.v2:fullscreen-green-probe] [fullscreen-green-probe] t=469066.628533 key-down keyCode=9 flags=0x100 repeat=0 verdict=no-cache
2026-08-08 23:48:04.073 Df macos-dock-cc-v2[68904:10e732f] [com.caye.macosdockcc.v2:fullscreen-green-probe] [fullscreen-green-probe] t=469067.077336 mouse-down point=(1505.9,1114.9) flipped=(1505.9,325.1) flags=0x0 under=0 verdict=no-cache
2026-08-08 23:48:04.461 Df macos-dock-cc-v2[68904:10e732f] [com.caye.macosdockcc.v2:fullscreen-green-probe] [fullscreen-green-probe] t=469067.466234 mouse-down point=(1518.6,1111.7) flipped=(1518.6,328.3) flags=0x0 under=0 verdict=no-cache
2026-08-08 23:48:06.829 Df macos-dock-cc-v2[68904:10e732f] [com.caye.macosdockcc.v2:fullscreen-green-probe] [fullscreen-green-probe] t=469069.834056 mouse-down point=(1540.7,776.1) flipped=(1540.7,663.9) flags=0xa0022 under=0 verdict=no-cache
2026-08-08 23:48:08.526 Df macos-dock-cc-v2[68904:10e732f] [com.caye.macosdockcc.v2:fullscreen-green-probe] [fullscreen-green-probe] t=469071.531056 mouse-down point=(1465.5,764.7) flipped=(1465.5,675.3) flags=0x0 under=0 verdict=no-cache
2026-08-08 23:48:10.457 Df macos-dock-cc-v2[68904:10e732f] [com.caye.macosdockcc.v2:fullscreen-green-probe] [fullscreen-green-probe] t=469073.461681 mouse-down point=(1810.5,801.0) flipped=(1810.5,639.0) flags=0x0 under=0 verdict=no-cache
2026-08-08 23:48:10.657 Df macos-dock-cc-v2[68904:10e732f] [com.caye.macosdockcc.v2:fullscreen-green-probe] [fullscreen-green-probe] t=469073.661460 key-down keyCode=6 flags=0x100 repeat=0 verdict=no-cache
2026-08-08 23:48:10.780 Df macos-dock-cc-v2[68904:10e732f] [com.caye.macosdockcc.v2:fullscreen-green-probe] [fullscreen-green-probe] t=469073.784914 mouse-down point=(1613.9,908.0) flipped=(1613.9,532.0) flags=0x0 under=0 verdict=no-cache
2026-08-08 23:48:10.908 Df macos-dock-cc-v2[68904:10e732f] [com.caye.macosdockcc.v2:fullscreen-green-probe] [fullscreen-green-probe] t=469073.912773 key-down keyCode=49 flags=0x100 repeat=0 verdict=no-cache
2026-08-08 23:48:11.037 Df macos-dock-cc-v2[68904:10e732f] [com.caye.macosdockcc.v2:fullscreen-green-probe] [fullscreen-green-probe] t=469074.042072 mouse-down point=(1549.3,940.9) flipped=(1549.3,499.1) flags=0x0 under=0 verdict=no-cache
2026-08-08 23:48:11.425 Df macos-dock-cc-v2[68904:10e732f] [com.caye.macosdockcc.v2:fullscreen-green-probe] [fullscreen-green-probe] t=469074.430018 mouse-down point=(1435.4,1014.1) flipped=(1435.4,425.9) flags=0x0 under=0 verdict=no-cache
2026-08-08 23:48:11.629 Df macos-dock-cc-v2[68904:10e732f] [com.caye.macosdockcc.v2:fullscreen-green-probe] [fullscreen-green-probe] t=469074.633388 key-down keyCode=9 flags=0x100 repeat=0 verdict=no-cache
2026-08-08 23:48:11.797 Df macos-dock-cc-v2[68904:10e732f] [com.caye.macosdockcc.v2:fullscreen-green-probe] [fullscreen-green-probe] t=469074.802024 mouse-down point=(1509.1,1009.1) flipped=(1509.1,430.9) flags=0x0 under=0 verdict=no-cache
2026-08-08 23:48:11.926 Df macos-dock-cc-v2[68904:10e732f] [com.caye.macosdockcc.v2:fullscreen-green-probe] [fullscreen-green-probe] t=469074.930846 mouse-down point=(1508.6,1009.3) flipped=(1508.6,430.7) flags=0x0 under=0 verdict=no-cache
2026-08-08 23:48:12.624 Df macos-dock-cc-v2[68904:10e732f] [com.caye.macosdockcc.v2:fullscreen-green-probe] [fullscreen-green-probe] t=469075.628793 mouse-down point=(1484.1,1008.7) flipped=(1484.1,431.3) flags=0x0 under=0 verdict=no-cache
2026-08-08 23:48:13.369 Df macos-dock-cc-v2[68904:10e732f] [com.caye.macosdockcc.v2:fullscreen-green-probe] [fullscreen-green-probe] t=469076.374298 key-down keyCode=51 flags=0x100 repeat=0 verdict=no-cache
2026-08-08 23:48:13.941 Df macos-dock-cc-v2[68904:10e732f] [com.caye.macosdockcc.v2:fullscreen-green-probe] [fullscreen-green-probe] t=469076.946017 key-down keyCode=53 flags=0x100 repeat=0 verdict=no-cache
2026-08-08 23:48:14.281 Df macos-dock-cc-v2[68904:10e732f] [com.caye.macosdockcc.v2:fullscreen-green-probe] [fullscreen-green-probe] t=469077.285606 mouse-down point=(1435.3,1011.8) flipped=(1435.3,428.2) flags=0x0 under=0 verdict=no-cache
2026-08-08 23:48:15.924 Df macos-dock-cc-v2[68904:10e732f] [com.caye.macosdockcc.v2:fullscreen-green-probe] [fullscreen-green-probe] t=469078.928945 mouse-down point=(1828.4,918.8) flipped=(1828.4,521.2) flags=0x0 under=0 verdict=no-cache
2026-08-08 23:48:16.177 Df macos-dock-cc-v2[68904:10e732f] [com.caye.macosdockcc.v2:fullscreen-green-probe] [fullscreen-green-probe] t=469079.181872 key-down keyCode=6 flags=0x100 repeat=0 verdict=no-cache
2026-08-08 23:48:16.677 Df macos-dock-cc-v2[68904:10e732f] [com.caye.macosdockcc.v2:fullscreen-green-probe] [fullscreen-green-probe] t=469079.681904 mouse-down point=(1460.0,744.4) flipped=(1460.0,695.6) flags=0x0 under=0 verdict=no-cache
2026-08-08 23:48:16.727 Df macos-dock-cc-v2[68904:10e732f] [com.caye.macosdockcc.v2:fullscreen-green-probe] [fullscreen-green-probe] t=469079.731886 key-down keyCode=49 flags=0x100 repeat=0 verdict=no-cache
2026-08-08 23:48:16.894 Df macos-dock-cc-v2[68904:10e732f] [com.caye.macosdockcc.v2:fullscreen-green-probe] [fullscreen-green-probe] t=469079.899039 mouse-down point=(1486.0,751.2) flipped=(1486.0,688.8) flags=0x0 under=0 verdict=no-cache
2026-08-08 23:48:17.214 Df macos-dock-cc-v2[68904:10e732f] [com.caye.macosdockcc.v2:fullscreen-green-probe] [fullscreen-green-probe] t=469080.218874 key-down keyCode=9 flags=0x100 repeat=0 verdict=no-cache
2026-08-08 23:48:17.342 Df macos-dock-cc-v2[68904:10e732f] [com.caye.macosdockcc.v2:fullscreen-green-probe] [fullscreen-green-probe] t=469080.347285 mouse-down point=(1432.3,715.6) flipped=(1432.3,724.4) flags=0x0 under=0 verdict=no-cache
2026-08-08 23:48:17.509 Df macos-dock-cc-v2[68904:10e732f] [com.caye.macosdockcc.v2:fullscreen-green-probe] [fullscreen-green-probe] t=469080.513431 mouse-down point=(1432.3,715.6) flipped=(1432.3,724.4) flags=0x0 under=0 verdict=no-cache
2026-08-08 23:48:17.893 Df macos-dock-cc-v2[68904:10e732f] [com.caye.macosdockcc.v2:fullscreen-green-probe] [fullscreen-green-probe] t=469080.897999 mouse-down point=(1432.3,709.5) flipped=(1432.3,730.5) flags=0x0 under=0 verdict=no-cache
2026-08-08 23:48:19.648 Df macos-dock-cc-v2[68904:10e732f] [com.caye.macosdockcc.v2:fullscreen-green-probe] [fullscreen-green-probe] t=469082.653129 key-down keyCode=51 flags=0x100 repeat=0 verdict=no-cache
2026-08-08 23:48:21.599 Df macos-dock-cc-v2[68904:10e732f] [com.caye.macosdockcc.v2:fullscreen-green-probe] [fullscreen-green-probe] t=469084.604051 key-down keyCode=53 flags=0x100 repeat=0 verdict=no-cache
2026-08-08 23:48:22.333 Df macos-dock-cc-v2[68904:10e732f] [com.caye.macosdockcc.v2:fullscreen-green-probe] [fullscreen-green-probe] t=469085.338091 mouse-down point=(1345.4,721.8) flipped=(1345.4,718.2) flags=0x20002 under=0 verdict=no-cache
2026-08-08 23:48:23.998 Df macos-dock-cc-v2[68904:10e732f] [com.caye.macosdockcc.v2:fullscreen-green-probe] [fullscreen-green-probe] t=469087.002775 mouse-down point=(1367.8,723.2) flipped=(1367.8,716.8) flags=0x0 under=0 verdict=no-cache
2026-08-08 23:48:26.295 Df macos-dock-cc-v2[68904:10e732f] [com.caye.macosdockcc.v2:fullscreen-green-probe] [fullscreen-green-probe] t=469089.300277 mouse-down point=(1873.1,616.0) flipped=(1873.1,824.0) flags=0x0 under=0 verdict=no-cache
2026-08-08 23:48:26.461 Df macos-dock-cc-v2[68904:10e732f] [com.caye.macosdockcc.v2:fullscreen-green-probe] [fullscreen-green-probe] t=469089.466240 key-down keyCode=6 flags=0x100 repeat=0 verdict=no-cache
2026-08-08 23:48:26.613 Df macos-dock-cc-v2[68904:10e732f] [com.caye.macosdockcc.v2:fullscreen-green-probe] [fullscreen-green-probe] t=469089.617818 mouse-down point=(1604.6,706.4) flipped=(1604.6,733.6) flags=0x0 under=0 verdict=no-cache
2026-08-08 23:48:26.662 Df macos-dock-cc-v2[68904:10e732f] [com.caye.macosdockcc.v2:fullscreen-green-probe] [fullscreen-green-probe] t=469089.666755 key-down keyCode=49 flags=0x100 repeat=0 verdict=no-cache
2026-08-08 23:48:26.894 Df macos-dock-cc-v2[68904:10e732f] [com.caye.macosdockcc.v2:fullscreen-green-probe] [fullscreen-green-probe] t=469089.899184 mouse-down point=(1583.8,715.1) flipped=(1583.8,724.9) flags=0x0 under=0 verdict=no-cache
2026-08-08 23:48:27.161 Df macos-dock-cc-v2[68904:10e732f] [com.caye.macosdockcc.v2:fullscreen-green-probe] [fullscreen-green-probe] t=469090.166054 key-down keyCode=49 flags=0x100 repeat=1 verdict=no-cache
2026-08-08 23:48:27.465 Df macos-dock-cc-v2[68904:10e732f] [com.caye.macosdockcc.v2:fullscreen-green-probe] [fullscreen-green-probe] t=469090.469703 mouse-down point=(1563.3,799.4) flipped=(1563.3,640.6) flags=0x0 under=0 verdict=no-cache
2026-08-08 23:48:27.498 Df macos-dock-cc-v2[68904:10e732f] [com.caye.macosdockcc.v2:fullscreen-green-probe] [fullscreen-green-probe] t=469090.502379 key-down keyCode=49 flags=0x100 repeat=0 verdict=no-cache
2026-08-08 23:48:27.727 Df macos-dock-cc-v2[68904:10e732f] [com.caye.macosdockcc.v2:fullscreen-green-probe] [fullscreen-green-probe] t=469090.732048 mouse-down point=(1596.4,805.6) flipped=(1596.4,634.4) flags=0x0 under=0 verdict=no-cache
2026-08-08 23:48:27.996 Df macos-dock-cc-v2[68904:10e732f] [com.caye.macosdockcc.v2:fullscreen-green-probe] [fullscreen-green-probe] t=469091.000601 key-down keyCode=49 flags=0x100 repeat=1 verdict=no-cache
2026-08-08 23:48:28.148 Df macos-dock-cc-v2[68904:10e732f] [com.caye.macosdockcc.v2:fullscreen-green-probe] [fullscreen-green-probe] t=469091.152715 key-down keyCode=9 flags=0x100 repeat=0 verdict=no-cache
2026-08-08 23:48:28.263 Df macos-dock-cc-v2[68904:10e732f] [com.caye.macosdockcc.v2:fullscreen-green-probe] [fullscreen-green-probe] t=469091.268190 mouse-down point=(1789.0,785.4) flipped=(1789.0,654.6) flags=0x0 under=0 verdict=no-cache
2026-08-08 23:48:28.669 Df macos-dock-cc-v2[68904:10e732f] [com.caye.macosdockcc.v2:fullscreen-green-probe] [fullscreen-green-probe] t=469091.674188 mouse-down point=(1807.6,774.9) flipped=(1807.6,665.1) flags=0x0 under=0 verdict=no-cache
2026-08-08 23:48:29.880 Df macos-dock-cc-v2[68904:10e732f] [com.caye.macosdockcc.v2:fullscreen-green-probe] [fullscreen-green-probe] t=469092.884603 mouse-down point=(1766.2,723.8) flipped=(1766.2,716.2) flags=0x0 under=0 verdict=no-cache
2026-08-08 23:48:30.049 Df macos-dock-cc-v2[68904:10e732f] [com.caye.macosdockcc.v2:fullscreen-green-probe] [fullscreen-green-probe] t=469093.053717 key-down keyCode=6 flags=0x100 repeat=0 verdict=no-cache
2026-08-08 23:48:30.181 Df macos-dock-cc-v2[68904:10e732f] [com.caye.macosdockcc.v2:fullscreen-green-probe] [fullscreen-green-probe] t=469093.185988 mouse-down point=(1726.1,762.1) flipped=(1726.1,677.9) flags=0x0 under=0 verdict=no-cache
2026-08-08 23:48:30.262 Df macos-dock-cc-v2[68904:10e732f] [com.caye.macosdockcc.v2:fullscreen-green-probe] [fullscreen-green-probe] t=469093.267211 key-down keyCode=49 flags=0x100 repeat=0 verdict=no-cache
2026-08-08 23:48:30.411 Df macos-dock-cc-v2[68904:10e732f] [com.caye.macosdockcc.v2:fullscreen-green-probe] [fullscreen-green-probe] t=469093.416064 mouse-down point=(1662.3,760.6) flipped=(1662.3,679.4) flags=0x0 under=0 verdict=no-cache
2026-08-08 23:48:31.030 Df macos-dock-cc-v2[68904:10e732f] [com.caye.macosdockcc.v2:fullscreen-green-probe] [fullscreen-green-probe] t=469094.035185 mouse-down point=(1531.8,790.1) flipped=(1531.8,649.9) flags=0x0 under=0 verdict=no-cache
2026-08-08 23:48:32.096 Df macos-dock-cc-v2[68904:10e732f] [com.caye.macosdockcc.v2:fullscreen-green-probe] [fullscreen-green-probe] t=469095.101250 key-down keyCode=9 flags=0x100 repeat=0 verdict=no-cache
2026-08-08 23:48:32.640 Df macos-dock-cc-v2[68904:10e732f] [com.caye.macosdockcc.v2:fullscreen-green-probe] [fullscreen-green-probe] t=469095.645033 mouse-down point=(1764.1,675.0) flipped=(1764.1,765.0) flags=0x0 under=0 verdict=no-cache
2026-08-08 23:48:38.733 Df macos-dock-cc-v2[68904:10e732f] [com.caye.macosdockcc.v2:fullscreen-green-probe] [fullscreen-green-probe] t=469101.737967 mouse-down point=(1870.0,977.0) flipped=(1870.0,463.0) flags=0x0 under=0 verdict=no-cache
2026-08-08 23:48:39.017 Df macos-dock-cc-v2[68904:10e732f] [com.caye.macosdockcc.v2:fullscreen-green-probe] [fullscreen-green-probe] t=469102.022025 key-down keyCode=6 flags=0x100 repeat=0 verdict=no-cache
2026-08-08 23:48:39.197 Df macos-dock-cc-v2[68904:10e732f] [com.caye.macosdockcc.v2:fullscreen-green-probe] [fullscreen-green-probe] t=469102.201946 mouse-down point=(1665.7,965.7) flipped=(1665.7,474.3) flags=0x0 under=0 verdict=no-cache
2026-08-08 23:48:39.723 Df macos-dock-cc-v2[68904:10e732f] [com.caye.macosdockcc.v2:fullscreen-green-probe] [fullscreen-green-probe] t=469102.727852 key-down keyCode=9 flags=0x100 repeat=0 verdict=no-cache
2026-08-08 23:48:40.166 Df macos-dock-cc-v2[68904:10e732f] [com.caye.macosdockcc.v2:fullscreen-green-probe] [fullscreen-green-probe] t=469103.170923 mouse-down point=(1605.6,1074.6) flipped=(1605.6,365.4) flags=0x0 under=0 verdict=no-cache
2026-08-08 23:48:40.982 Df macos-dock-cc-v2[68904:10e732f] [com.caye.macosdockcc.v2:fullscreen-green-probe] [fullscreen-green-probe] t=469103.986753 mouse-down point=(1669.2,1095.3) flipped=(1669.2,344.7) flags=0x20002 under=0 verdict=no-cache
2026-08-08 23:48:43.773 Df macos-dock-cc-v2[68904:10e732f] [com.caye.macosdockcc.v2:fullscreen-green-probe] [fullscreen-green-probe] t=469106.777902 mouse-down point=(1656.2,943.1) flipped=(1656.2,496.9) flags=0x0 under=0 verdict=no-cache
2026-08-08 23:48:46.050 Df macos-dock-cc-v2[68904:10e732f] [com.caye.macosdockcc.v2:fullscreen-green-probe] [fullscreen-green-probe] t=469109.054895 mouse-down point=(1861.7,953.2) flipped=(1861.7,486.8) flags=0x0 under=0 verdict=no-cache
2026-08-08 23:48:46.402 Df macos-dock-cc-v2[68904:10e732f] [com.caye.macosdockcc.v2:fullscreen-green-probe] [fullscreen-green-probe] t=469109.407265 key-down keyCode=6 flags=0x100 repeat=0 verdict=no-cache
2026-08-08 23:48:46.539 Df macos-dock-cc-v2[68904:10e732f] [com.caye.macosdockcc.v2:fullscreen-green-probe] [fullscreen-green-probe] t=469109.544002 mouse-down point=(1665.7,1019.2) flipped=(1665.7,420.8) flags=0x0 under=0 verdict=no-cache
2026-08-08 23:48:46.902 Df macos-dock-cc-v2[68904:10e732f] [com.caye.macosdockcc.v2:fullscreen-green-probe] [fullscreen-green-probe] t=469109.906878 key-down keyCode=9 flags=0x100 repeat=0 verdict=no-cache
2026-08-08 23:48:47.274 Df macos-dock-cc-v2[68904:10e732f] [com.caye.macosdockcc.v2:fullscreen-green-probe] [fullscreen-green-probe] t=469110.279251 mouse-down point=(1720.4,876.8) flipped=(1720.4,563.2) flags=0x0 under=0 verdict=no-cache
2026-08-08 23:48:47.585 Df macos-dock-cc-v2[68904:10e732f] [com.caye.macosdockcc.v2:fullscreen-green-probe] [fullscreen-green-probe] t=469110.590105 mouse-down point=(1740.1,866.4) flipped=(1740.1,573.6) flags=0x0 under=0 verdict=no-cache
2026-08-08 23:48:49.501 Df macos-dock-cc-v2[68904:10e732f] [com.caye.macosdockcc.v2:fullscreen-green-probe] [fullscreen-green-probe] t=469112.506208 mouse-down point=(1666.7,982.2) flipped=(1666.7,457.8) flags=0x0 under=0 verdict=no-cache
2026-08-08 23:48:51.158 Df macos-dock-cc-v2[68904:10e732f] [com.caye.macosdockcc.v2:fullscreen-green-probe] [fullscreen-green-probe] t=469114.163142 key-down keyCode=6 flags=0x100 repeat=0 verdict=no-cache
2026-08-08 23:48:51.301 Df macos-dock-cc-v2[68904:10e732f] [com.caye.macosdockcc.v2:fullscreen-green-probe] [fullscreen-green-probe] t=469114.306326 mouse-down point=(1807.2,992.5) flipped=(1807.2,447.5) flags=0x0 under=0 verdict=no-cache
2026-08-08 23:48:51.485 Df macos-dock-cc-v2[68904:10e732f] [com.caye.macosdockcc.v2:fullscreen-green-probe] [fullscreen-green-probe] t=469114.489575 key-down keyCode=49 flags=0x100 repeat=0 verdict=no-cache
2026-08-08 23:48:51.806 Df macos-dock-cc-v2[68904:10e732f] [com.caye.macosdockcc.v2:fullscreen-green-probe] [fullscreen-green-probe] t=469114.810624 mouse-down point=(1486.6,955.8) flipped=(1486.6,484.2) flags=0x0 under=0 verdict=no-cache
2026-08-08 23:48:51.986 Df macos-dock-cc-v2[68904:10e732f] [com.caye.macosdockcc.v2:fullscreen-green-probe] [fullscreen-green-probe] t=469114.990977 key-down keyCode=49 flags=0x100 repeat=1 verdict=no-cache
2026-08-08 23:48:52.173 Df macos-dock-cc-v2[68904:10e732f] [com.caye.macosdockcc.v2:fullscreen-green-probe] [fullscreen-green-probe] t=469115.177802 mouse-down point=(1574.9,1010.3) flipped=(1574.9,429.7) flags=0x0 under=0 verdict=no-cache
2026-08-08 23:48:52.420 Df macos-dock-cc-v2[68904:10e732f] [com.caye.macosdockcc.v2:fullscreen-green-probe] [fullscreen-green-probe] t=469115.425009 key-down keyCode=49 flags=0x100 repeat=0 verdict=no-cache
2026-08-08 23:48:52.521 Df macos-dock-cc-v2[68904:10e732f] [com.caye.macosdockcc.v2:fullscreen-green-probe] [fullscreen-green-probe] t=469115.526271 mouse-down point=(1533.5,986.7) flipped=(1533.5,453.3) flags=0x0 under=0 verdict=no-cache
2026-08-08 23:48:52.886 Df macos-dock-cc-v2[68904:10e732f] [com.caye.macosdockcc.v2:fullscreen-green-probe] [fullscreen-green-probe] t=469115.891199 mouse-down point=(1516.5,1008.9) flipped=(1516.5,431.1) flags=0x0 under=0 verdict=no-cache
2026-08-08 23:48:53.075 Df macos-dock-cc-v2[68904:10e732f] [com.caye.macosdockcc.v2:fullscreen-green-probe] [fullscreen-green-probe] t=469116.079978 key-down keyCode=9 flags=0x100 repeat=0 verdict=no-cache
2026-08-08 23:48:53.253 Df macos-dock-cc-v2[68904:10e732f] [com.caye.macosdockcc.v2:fullscreen-green-probe] [fullscreen-green-probe] t=469116.258319 mouse-down point=(1524.6,1004.9) flipped=(1524.6,435.1) flags=0x0 under=0 verdict=no-cache
2026-08-08 23:48:53.656 Df macos-dock-cc-v2[68904:10e732f] [com.caye.macosdockcc.v2:fullscreen-green-probe] [fullscreen-green-probe] t=469116.661260 mouse-down point=(1527.2,986.8) flipped=(1527.2,453.2) flags=0x0 under=0 verdict=no-cache
2026-08-08 23:48:54.693 Df macos-dock-cc-v2[68904:10e732f] [com.caye.macosdockcc.v2:fullscreen-green-probe] [fullscreen-green-probe] t=469117.698024 mouse-down point=(1528.8,989.2) flipped=(1528.8,450.8) flags=0x0 under=0 verdict=no-cache
2026-08-08 23:48:55.321 Df macos-dock-cc-v2[68904:10e732f] [com.caye.macosdockcc.v2:fullscreen-green-probe] [fullscreen-green-probe] t=469118.325915 mouse-down point=(1531.1,983.6) flipped=(1531.1,456.4) flags=0x0 under=0 verdict=no-cache
2026-08-08 23:48:56.453 Df macos-dock-cc-v2[68904:10e732f] [com.caye.macosdockcc.v2:fullscreen-green-probe] [fullscreen-green-probe] t=469119.457976 mouse-down point=(1539.3,989.1) flipped=(1539.3,450.9) flags=0x0 under=0 verdict=no-cache
2026-08-08 23:48:57.045 Df macos-dock-cc-v2[68904:10e732f] [com.caye.macosdockcc.v2:fullscreen-green-probe] [fullscreen-green-probe] t=469120.049899 mouse-down point=(1776.6,1059.2) flipped=(1776.6,380.8) flags=0x0 under=0 verdict=no-cache
2026-08-08 23:48:58.323 Df macos-dock-cc-v2[68904:10e732f] [com.caye.macosdockcc.v2:fullscreen-green-probe] [fullscreen-green-probe] t=469121.327693 mouse-down point=(1213.3,100.7) flipped=(1213.3,1339.3) flags=0x0 under=0 verdict=no-cache
2026-08-08 23:48:59.588 Df macos-dock-cc-v2[68904:10e732f] [com.caye.macosdockcc.v2:fullscreen-green-probe] [fullscreen-green-probe] t=469122.592997 mouse-down point=(1045.1,96.4) flipped=(1045.1,1343.6) flags=0x0 under=0 verdict=no-cache
2026-08-08 23:48:59.966 Df macos-dock-cc-v2[68904:10e732f] [com.caye.macosdockcc.v2:fullscreen-green-probe] [fullscreen-green-probe] t=469122.970889 mouse-down point=(968.0,99.8) flipped=(968.0,1340.2) flags=0x0 under=0 verdict=no-cache
2026-08-08 23:49:00.438 Df macos-dock-cc-v2[68904:10e732f] [com.caye.macosdockcc.v2:fullscreen-green-probe] [fullscreen-green-probe] t=469123.442410 mouse-down point=(964.9,100.0) flipped=(964.9,1340.0) flags=0x0 under=0 verdict=no-cache
2026-08-08 23:49:01.455 Df macos-dock-cc-v2[68904:10e732f] [com.caye.macosdockcc.v2:fullscreen-green-probe] [fullscreen-green-probe] t=469124.459891 key-down keyCode=51 flags=0x100 repeat=0 verdict=no-cache
2026-08-08 23:49:01.623 Df macos-dock-cc-v2[68904:10e732f] [com.caye.macosdockcc.v2:fullscreen-green-probe] [fullscreen-green-probe] t=469124.628078 key-down keyCode=51 flags=0x100 repeat=0 verdict=no-cache
2026-08-08 23:49:02.183 Df macos-dock-cc-v2[68904:10e732f] [com.caye.macosdockcc.v2:fullscreen-green-probe] [fullscreen-green-probe] t=469125.188306 key-down keyCode=51 flags=0x100 repeat=0 verdict=no-cache
2026-08-08 23:49:06.930 Df macos-dock-cc-v2[68904:10e732f] [com.caye.macosdockcc.v2:fullscreen-green-probe] [fullscreen-green-probe] t=469129.934804 mouse-down point=(893.4,102.6) flipped=(893.4,1337.4) flags=0x0 under=0 verdict=no-cache
2026-08-08 23:49:08.041 Df macos-dock-cc-v2[68904:10e732f] [com.caye.macosdockcc.v2:fullscreen-green-probe] [fullscreen-green-probe] t=469131.045948 key-down keyCode=35 flags=0x100 repeat=0 verdict=no-cache
2026-08-08 23:49:08.246 Df macos-dock-cc-v2[68904:10e732f] [com.caye.macosdockcc.v2:fullscreen-green-probe] [fullscreen-green-probe] t=469131.250529 key-down keyCode=34 flags=0x100 repeat=0 verdict=no-cache
2026-08-08 23:49:08.411 Df macos-dock-cc-v2[68904:10e732f] [com.caye.macosdockcc.v2:fullscreen-green-probe] [fullscreen-green-probe] t=469131.415820 key-down keyCode=45 flags=0x100 repeat=0 verdict=no-cache
2026-08-08 23:49:08.492 Df macos-dock-cc-v2[68904:10e732f] [com.caye.macosdockcc.v2:fullscreen-green-probe] [fullscreen-green-probe] t=469131.496566 key-down keyCode=5 flags=0x100 repeat=0 verdict=no-cache
2026-08-08 23:49:08.660 Df macos-dock-cc-v2[68904:10e732f] [com.caye.macosdockcc.v2:fullscreen-green-probe] [fullscreen-green-probe] t=469131.665264 key-down keyCode=3 flags=0x100 repeat=0 verdict=no-cache
2026-08-08 23:49:08.811 Df macos-dock-cc-v2[68904:10e732f] [com.caye.macosdockcc.v2:fullscreen-green-probe] [fullscreen-green-probe] t=469131.815772 key-down keyCode=0 flags=0x100 repeat=0 verdict=no-cache
2026-08-08 23:49:08.893 Df macos-dock-cc-v2[68904:10e732f] [com.caye.macosdockcc.v2:fullscreen-green-probe] [fullscreen-green-probe] t=469131.897830 key-down keyCode=45 flags=0x100 repeat=0 verdict=no-cache
2026-08-08 23:49:08.991 Df macos-dock-cc-v2[68904:10e732f] [com.caye.macosdockcc.v2:fullscreen-green-probe] [fullscreen-green-probe] t=469131.996264 key-down keyCode=5 flags=0x100 repeat=0 verdict=no-cache
2026-08-08 23:49:10.266 Df macos-dock-cc-v2[68904:10e732f] [com.caye.macosdockcc.v2:fullscreen-green-probe] [fullscreen-green-probe] t=469133.270549 key-down keyCode=49 flags=0x100 repeat=0 verdict=no-cache
2026-08-08 23:49:12.878 Df macos-dock-cc-v2[68904:10e732f] [com.caye.macosdockcc.v2:fullscreen-green-probe] [fullscreen-green-probe] t=469135.883049 mouse-down point=(884.2,91.5) flipped=(884.2,1348.5) flags=0x0 under=0 verdict=no-cache
2026-08-08 23:49:13.231 Df macos-dock-cc-v2[68904:10e732f] [com.caye.macosdockcc.v2:fullscreen-green-probe] [fullscreen-green-probe] t=469136.235431 mouse-down point=(891.8,93.9) flipped=(891.8,1346.1) flags=0x0 under=0 verdict=no-cache
2026-08-08 23:49:14.998 Df macos-dock-cc-v2[68904:10e732f] [com.caye.macosdockcc.v2:fullscreen-green-probe] [fullscreen-green-probe] t=469138.002834 key-down keyCode=3 flags=0x100 repeat=0 verdict=no-cache
2026-08-08 23:49:15.562 Df macos-dock-cc-v2[68904:10e732f] [com.caye.macosdockcc.v2:fullscreen-green-probe] [fullscreen-green-probe] t=469138.566677 key-down keyCode=36 flags=0x100 repeat=0 verdict=no-cache
2026-08-08 23:49:24.397 Df macos-dock-cc-v2[68904:10e732f] [com.caye.macosdockcc.v2:fullscreen-green-probe] [fullscreen-green-probe] t=469147.402080 mouse-down point=(1057.6,370.3) flipped=(1057.6,1069.7) flags=0x0 under=0 verdict=no-cache
2026-08-08 23:49:24.997 Df macos-dock-cc-v2[68904:10e732f] [com.caye.macosdockcc.v2:fullscreen-green-probe] [fullscreen-green-probe] t=469148.001456 mouse-down point=(2165.8,930.7) flipped=(2165.8,509.3) flags=0x0 under=0 verdict=no-cache
2026-08-08 23:49:25.214 Df macos-dock-cc-v2[68904:10e732f] [com.caye.macosdockcc.v2:fullscreen-green-probe] [fullscreen-green-probe] t=469148.218623 key-down keyCode=49 flags=0x100 repeat=0 verdict=no-cache
2026-08-08 23:49:25.263 Df macos-dock-cc-v2[68904:10e732f] [com.caye.macosdockcc.v2:fullscreen-green-probe] [fullscreen-green-probe] t=469148.267958 mouse-down point=(2065.1,957.9) flipped=(2065.1,482.1) flags=0x0 under=0 verdict=no-cache
2026-08-08 23:49:25.661 Df macos-dock-cc-v2[68904:10e732f] [com.caye.macosdockcc.v2:fullscreen-green-probe] [fullscreen-green-probe] t=469148.665591 key-down keyCode=6 flags=0x100 repeat=0 verdict=no-cache
2026-08-08 23:49:25.813 Df macos-dock-cc-v2[68904:10e732f] [com.caye.macosdockcc.v2:fullscreen-green-probe] [fullscreen-green-probe] t=469148.817923 mouse-down point=(1612.6,909.9) flipped=(1612.6,530.1) flags=0x0 under=0 verdict=no-cache
2026-08-08 23:49:26.199 Df macos-dock-cc-v2[68904:10e732f] [com.caye.macosdockcc.v2:fullscreen-green-probe] [fullscreen-green-probe] t=469149.203597 key-down keyCode=9 flags=0x100 repeat=0 verdict=no-cache
2026-08-08 23:49:26.464 Df macos-dock-cc-v2[68904:10e732f] [com.caye.macosdockcc.v2:fullscreen-green-probe] [fullscreen-green-probe] t=469149.469115 mouse-down point=(1443.0,971.6) flipped=(1443.0,468.4) flags=0x0 under=0 verdict=no-cache
2026-08-08 23:49:26.925 Df macos-dock-cc-v2[68904:10e732f] [com.caye.macosdockcc.v2:fullscreen-green-probe] [fullscreen-green-probe] t=469149.930007 mouse-down point=(1444.7,974.3) flipped=(1444.7,465.7) flags=0x0 under=0 verdict=no-cache
2026-08-08 23:49:29.146 Df macos-dock-cc-v2[68904:10e732f] [com.caye.macosdockcc.v2:fullscreen-green-probe] [fullscreen-green-probe] t=469152.150395 mouse-down point=(1974.5,819.6) flipped=(1974.5,620.4) flags=0x0 under=0 verdict=no-cache
2026-08-08 23:49:29.348 Df macos-dock-cc-v2[68904:10e732f] [com.caye.macosdockcc.v2:fullscreen-green-probe] [fullscreen-green-probe] t=469152.352700 key-down keyCode=6 flags=0x100 repeat=0 verdict=no-cache
2026-08-08 23:49:29.437 Df macos-dock-cc-v2[68904:10e732f] [com.caye.macosdockcc.v2:fullscreen-green-probe] [fullscreen-green-probe] t=469152.441826 mouse-down point=(1714.7,871.6) flipped=(1714.7,568.4) flags=0x0 under=0 verdict=no-cache
2026-08-08 23:49:29.501 Df macos-dock-cc-v2[68904:10e732f] [com.caye.macosdockcc.v2:fullscreen-green-probe] [fullscreen-green-probe] t=469152.506182 key-down keyCode=49 flags=0x100 repeat=0 verdict=no-cache
2026-08-08 23:49:29.749 Df macos-dock-cc-v2[68904:10e732f] [com.caye.macosdockcc.v2:fullscreen-green-probe] [fullscreen-green-probe] t=469152.753946 mouse-down point=(1623.9,903.3) flipped=(1623.9,536.7) flags=0x0 under=0 verdict=no-cache
2026-08-08 23:49:30.133 Df macos-dock-cc-v2[68904:10e732f] [com.caye.macosdockcc.v2:fullscreen-green-probe] [fullscreen-green-probe] t=469153.137978 mouse-down point=(1482.4,944.5) flipped=(1482.4,495.5) flags=0x0 under=0 verdict=no-cache
2026-08-08 23:49:30.450 Df macos-dock-cc-v2[68904:10e732f] [com.caye.macosdockcc.v2:fullscreen-green-probe] [fullscreen-green-probe] t=469153.454790 key-down keyCode=9 flags=0x100 repeat=0 verdict=no-cache
2026-08-08 23:49:30.718 Df macos-dock-cc-v2[68904:10e732f] [com.caye.macosdockcc.v2:fullscreen-green-probe] [fullscreen-green-probe] t=469153.722518 mouse-down point=(1510.7,915.3) flipped=(1510.7,524.7) flags=0x0 under=0 verdict=no-cache
2026-08-08 23:49:31.485 Df macos-dock-cc-v2[68904:10e732f] [com.caye.macosdockcc.v2:fullscreen-green-probe] [fullscreen-green-probe] t=469154.490033 mouse-down point=(1540.4,941.2) flipped=(1540.4,498.8) flags=0xa0022 under=0 verdict=no-cache
2026-08-08 23:49:32.453 Df macos-dock-cc-v2[68904:10e732f] [com.caye.macosdockcc.v2:fullscreen-green-probe] [fullscreen-green-probe] t=469155.458164 mouse-down point=(1518.9,918.6) flipped=(1518.9,521.4) flags=0x0 under=0 verdict=no-cache
2026-08-08 23:49:34.165 Df macos-dock-cc-v2[68904:10e732f] [com.caye.macosdockcc.v2:fullscreen-green-probe] [fullscreen-green-probe] t=469157.169801 key-down keyCode=6 flags=0x100 repeat=0 verdict=no-cache
2026-08-08 23:49:34.331 Df macos-dock-cc-v2[68904:10e732f] [com.caye.macosdockcc.v2:fullscreen-green-probe] [fullscreen-green-probe] t=469157.335998 mouse-down point=(1765.4,882.4) flipped=(1765.4,557.6) flags=0x0 under=0 verdict=no-cache
2026-08-08 23:49:34.482 Df macos-dock-cc-v2[68904:10e732f] [com.caye.macosdockcc.v2:fullscreen-green-probe] [fullscreen-green-probe] t=469157.486710 key-down keyCode=49 flags=0x100 repeat=0 verdict=no-cache
2026-08-08 23:49:34.776 Df macos-dock-cc-v2[68904:10e732f] [com.caye.macosdockcc.v2:fullscreen-green-probe] [fullscreen-green-probe] t=469157.781294 mouse-down point=(1561.6,830.8) flipped=(1561.6,609.2) flags=0x0 under=0 verdict=no-cache
2026-08-08 23:49:34.982 Df macos-dock-cc-v2[68904:10e732f] [com.caye.macosdockcc.v2:fullscreen-green-probe] [fullscreen-green-probe] t=469157.986796 key-down keyCode=49 flags=0x100 repeat=1 verdict=no-cache
2026-08-08 23:49:35.143 Df macos-dock-cc-v2[68904:10e732f] [com.caye.macosdockcc.v2:fullscreen-green-probe] [fullscreen-green-probe] t=469158.148297 key-down keyCode=9 flags=0x100 repeat=0 verdict=no-cache
2026-08-08 23:49:35.231 Df macos-dock-cc-v2[68904:10e732f] [com.caye.macosdockcc.v2:fullscreen-green-probe] [fullscreen-green-probe] t=469158.235740 mouse-down point=(1424.1,876.8) flipped=(1424.1,563.2) flags=0x0 under=0 verdict=no-cache
2026-08-08 23:49:35.532 Df macos-dock-cc-v2[68904:10e732f] [com.caye.macosdockcc.v2:fullscreen-green-probe] [fullscreen-green-probe] t=469158.536345 key-down keyCode=6 flags=0x100 repeat=0 verdict=no-cache
2026-08-08 23:49:35.645 Df macos-dock-cc-v2[68904:10e732f] [com.caye.macosdockcc.v2:fullscreen-green-probe] [fullscreen-green-probe] t=469158.649697 mouse-down point=(1641.7,844.6) flipped=(1641.7,595.4) flags=0x0 under=0 verdict=no-cache
2026-08-08 23:49:35.716 Df macos-dock-cc-v2[68904:10e732f] [com.caye.macosdockcc.v2:fullscreen-green-probe] [fullscreen-green-probe] t=469158.720349 key-down keyCode=49 flags=0x100 repeat=0 verdict=no-cache
2026-08-08 23:49:35.933 Df macos-dock-cc-v2[68904:10e732f] [com.caye.macosdockcc.v2:fullscreen-green-probe] [fullscreen-green-probe] t=469158.938047 mouse-down point=(1615.9,846.5) flipped=(1615.9,593.5) flags=0x0 under=0 verdict=no-cache
2026-08-08 23:49:36.215 Df macos-dock-cc-v2[68904:10e732f] [com.caye.macosdockcc.v2:fullscreen-green-probe] [fullscreen-green-probe] t=469159.220232 key-down keyCode=49 flags=0x100 repeat=1 verdict=no-cache
2026-08-08 23:49:36.536 Df macos-dock-cc-v2[68904:10e732f] [com.caye.macosdockcc.v2:fullscreen-green-probe] [fullscreen-green-probe] t=469159.540899 mouse-down point=(1503.5,924.0) flipped=(1503.5,516.0) flags=0x0 under=0 verdict=no-cache
2026-08-08 23:49:37.132 Df macos-dock-cc-v2[68904:10e732f] [com.caye.macosdockcc.v2:fullscreen-green-probe] [fullscreen-green-probe] t=469160.136379 key-down keyCode=9 flags=0x100 repeat=0 verdict=no-cache
2026-08-08 23:49:37.899 Df macos-dock-cc-v2[68904:10e732f] [com.caye.macosdockcc.v2:fullscreen-green-probe] [fullscreen-green-probe] t=469160.903726 mouse-down point=(1572.8,918.6) flipped=(1572.8,521.4) flags=0x0 under=0 verdict=no-cache
2026-08-08 23:49:39.635 Df macos-dock-cc-v2[68904:10e732f] [com.caye.macosdockcc.v2:fullscreen-green-probe] [fullscreen-green-probe] t=469162.639964 key-down keyCode=6 flags=0x100 repeat=0 verdict=no-cache
2026-08-08 23:49:39.869 Df macos-dock-cc-v2[68904:10e732f] [com.caye.macosdockcc.v2:fullscreen-green-probe] [fullscreen-green-probe] t=469162.873873 mouse-down point=(1538.8,869.5) flipped=(1538.8,570.5) flags=0x0 under=0 verdict=no-cache
2026-08-08 23:49:40.170 Df macos-dock-cc-v2[68904:10e732f] [com.caye.macosdockcc.v2:fullscreen-green-probe] [fullscreen-green-probe] t=469163.174958 key-down keyCode=9 flags=0x100 repeat=0 verdict=no-cache
2026-08-08 23:49:40.583 Df macos-dock-cc-v2[68904:10e732f] [com.caye.macosdockcc.v2:fullscreen-green-probe] [fullscreen-green-probe] t=469163.587662 mouse-down point=(1662.2,783.5) flipped=(1662.2,656.5) flags=0x20002 under=0 verdict=no-cache
2026-08-08 23:49:41.006 Df macos-dock-cc-v2[68904:10e732f] [com.caye.macosdockcc.v2:fullscreen-green-probe] [fullscreen-green-probe] t=469164.010730 mouse-down point=(1555.0,641.1) flipped=(1555.0,798.9) flags=0x20002 under=0 verdict=no-cache
2026-08-08 23:49:42.051 Df macos-dock-cc-v2[68904:10e732f] [com.caye.macosdockcc.v2:fullscreen-green-probe] [fullscreen-green-probe] t=469165.056102 mouse-down point=(1585.1,644.2) flipped=(1585.1,795.8) flags=0x20002 under=0 verdict=no-cache
2026-08-08 23:49:42.369 Df macos-dock-cc-v2[68904:10e732f] [com.caye.macosdockcc.v2:fullscreen-green-probe] [fullscreen-green-probe] t=469165.373517 mouse-down point=(1530.3,610.0) flipped=(1530.3,830.0) flags=0x20002 under=0 verdict=no-cache
2026-08-08 23:49:42.773 Df macos-dock-cc-v2[68904:10e732f] [com.caye.macosdockcc.v2:fullscreen-green-probe] [fullscreen-green-probe] t=469165.778149 mouse-down point=(1501.3,571.4) flipped=(1501.3,868.6) flags=0x20002 under=0 verdict=no-cache
2026-08-08 23:49:43.387 Df macos-dock-cc-v2[68904:10e732f] [com.caye.macosdockcc.v2:fullscreen-green-probe] [fullscreen-green-probe] t=469166.391691 mouse-down point=(1510.5,583.8) flipped=(1510.5,856.2) flags=0x0 under=0 verdict=no-cache
2026-08-08 23:49:44.834 Df macos-dock-cc-v2[68904:10e732f] [com.caye.macosdockcc.v2:fullscreen-green-probe] [fullscreen-green-probe] t=469167.839142 key-down keyCode=6 flags=0x100 repeat=0 verdict=no-cache
2026-08-08 23:49:44.973 Df macos-dock-cc-v2[68904:10e732f] [com.caye.macosdockcc.v2:fullscreen-green-probe] [fullscreen-green-probe] t=469167.977912 mouse-down point=(1706.7,643.5) flipped=(1706.7,796.5) flags=0x0 under=0 verdict=no-cache
2026-08-08 23:49:45.084 Df macos-dock-cc-v2[68904:10e732f] [com.caye.macosdockcc.v2:fullscreen-green-probe] [fullscreen-green-probe] t=469168.089223 key-down keyCode=49 flags=0x100 repeat=0 verdict=no-cache
2026-08-08 23:49:45.405 Df macos-dock-cc-v2[68904:10e732f] [com.caye.macosdockcc.v2:fullscreen-green-probe] [fullscreen-green-probe] t=469168.409720 mouse-down point=(1401.0,672.7) flipped=(1401.0,767.3) flags=0x0 under=0 verdict=no-cache
2026-08-08 23:49:45.585 Df macos-dock-cc-v2[68904:10e732f] [com.caye.macosdockcc.v2:fullscreen-green-probe] [fullscreen-green-probe] t=469168.589894 key-down keyCode=49 flags=0x100 repeat=1 verdict=no-cache
2026-08-08 23:49:45.668 Df macos-dock-cc-v2[68904:10e732f] [com.caye.macosdockcc.v2:fullscreen-green-probe] [fullscreen-green-probe] t=469168.673020 key-down keyCode=49 flags=0x100 repeat=1 verdict=no-cache
2026-08-08 23:49:45.970 Df macos-dock-cc-v2[68904:10e732f] [com.caye.macosdockcc.v2:fullscreen-green-probe] [fullscreen-green-probe] t=469168.974931 key-down keyCode=9 flags=0x100 repeat=0 verdict=no-cache
2026-08-08 23:49:46.037 Df macos-dock-cc-v2[68904:10e732f] [com.caye.macosdockcc.v2:fullscreen-green-probe] [fullscreen-green-probe] t=469169.042316 mouse-down point=(1390.4,721.5) flipped=(1390.4,718.5) flags=0x0 under=0 verdict=no-cache
2026-08-08 23:49:46.421 Df macos-dock-cc-v2[68904:10e732f] [com.caye.macosdockcc.v2:fullscreen-green-probe] [fullscreen-green-probe] t=469169.425872 mouse-down point=(1405.8,724.9) flipped=(1405.8,715.1) flags=0x0 under=0 verdict=no-cache
2026-08-08 23:49:47.542 Df macos-dock-cc-v2[68904:10e732f] [com.caye.macosdockcc.v2:fullscreen-green-probe] [fullscreen-green-probe] t=469170.546915 mouse-down point=(1445.7,743.8) flipped=(1445.7,696.2) flags=0x0 under=0 verdict=no-cache
2026-08-08 23:49:48.072 Df macos-dock-cc-v2[68904:10e732f] [com.caye.macosdockcc.v2:fullscreen-green-probe] [fullscreen-green-probe] t=469171.077284 mouse-down point=(2060.5,770.9) flipped=(2060.5,669.1) flags=0x0 under=0 verdict=no-cache
2026-08-08 23:49:49.639 Df macos-dock-cc-v2[68904:10e732f] [com.caye.macosdockcc.v2:fullscreen-green-probe] [fullscreen-green-probe] t=469172.643807 mouse-down point=(2110.3,782.5) flipped=(2110.3,657.5) flags=0x0 under=0 verdict=no-cache
2026-08-08 23:52:19.437 Df macos-dock-cc-v2[68904:10e732f] [com.caye.macosdockcc.v2:fullscreen-green-probe] [fullscreen-green-probe] t=469322.442205 mouse-down point=(1982.9,789.0) flipped=(1982.9,651.0) flags=0x0 under=0 verdict=no-cache
2026-08-08 23:52:20.286 Df macos-dock-cc-v2[68904:10e732f] [com.caye.macosdockcc.v2:fullscreen-green-probe] [fullscreen-green-probe] t=469323.290554 mouse-down point=(1998.9,779.5) flipped=(1998.9,660.5) flags=0x0 under=0 verdict=no-cache
2026-08-08 23:52:21.029 Df macos-dock-cc-v2[68904:10e732f] [com.caye.macosdockcc.v2:fullscreen-green-probe] [fullscreen-green-probe] t=469324.033703 mouse-down point=(2026.2,796.1) flipped=(2026.2,643.9) flags=0x0 under=0 verdict=no-cache
2026-08-08 23:52:21.413 Df macos-dock-cc-v2[68904:10e732f] [com.caye.macosdockcc.v2:fullscreen-green-probe] [fullscreen-green-probe] t=469324.417754 mouse-down point=(1999.1,790.7) flipped=(1999.1,649.3) flags=0x0 under=0 verdict=no-cache
2026-08-08 23:52:21.931 Df macos-dock-cc-v2[68904:10e732f] [com.caye.macosdockcc.v2:fullscreen-green-probe] [fullscreen-green-probe] t=469324.935411 mouse-down point=(1699.3,773.4) flipped=(1699.3,666.6) flags=0x0 under=0 verdict=no-cache
2026-08-08 23:52:22.199 Df macos-dock-cc-v2[68904:10e732f] [com.caye.macosdockcc.v2:fullscreen-green-probe] [fullscreen-green-probe] t=469325.203939 mouse-down point=(1709.1,777.7) flipped=(1709.1,662.3) flags=0x0 under=0 verdict=no-cache
2026-08-08 23:52:24.030 Df macos-dock-cc-v2[68904:10e732f] [com.caye.macosdockcc.v2:fullscreen-green-probe] [fullscreen-green-probe] t=469327.035101 mouse-down point=(1205.1,106.1) flipped=(1205.1,1333.9) flags=0x0 under=0 verdict=no-cache
2026-08-08 23:52:26.789 Df macos-dock-cc-v2[68904:10e732f] [com.caye.macosdockcc.v2:fullscreen-green-probe] [fullscreen-green-probe] t=469329.793945 mouse-down point=(1184.9,214.9) flipped=(1184.9,1225.1) flags=0x0 under=0 verdict=no-cache
2026-08-08 23:52:27.637 Df macos-dock-cc-v2[68904:10e732f] [com.caye.macosdockcc.v2:fullscreen-green-probe] [fullscreen-green-probe] t=469330.641498 mouse-down point=(2158.9,646.6) flipped=(2158.9,793.4) flags=0x0 under=0 verdict=no-cache
2026-08-08 23:52:27.836 Df macos-dock-cc-v2[68904:10e732f] [com.caye.macosdockcc.v2:fullscreen-green-probe] [fullscreen-green-probe] t=469330.840601 mouse-down point=(2126.6,654.3) flipped=(2126.6,785.7) flags=0x0 under=0 verdict=no-cache
2026-08-08 23:52:28.168 Df macos-dock-cc-v2[68904:10e732f] [com.caye.macosdockcc.v2:fullscreen-green-probe] [fullscreen-green-probe] t=469331.173189 mouse-down point=(2103.2,702.1) flipped=(2103.2,737.9) flags=0x0 under=0 verdict=no-cache
2026-08-08 23:52:28.565 Df macos-dock-cc-v2[68904:10e732f] [com.caye.macosdockcc.v2:fullscreen-green-probe] [fullscreen-green-probe] t=469331.569960 mouse-down point=(2073.5,689.4) flipped=(2073.5,750.6) flags=0x0 under=0 verdict=no-cache
2026-08-08 23:52:29.702 Df macos-dock-cc-v2[68904:10e732f] [com.caye.macosdockcc.v2:fullscreen-green-probe] [fullscreen-green-probe] t=469332.706821 mouse-down point=(2041.1,696.1) flipped=(2041.1,743.9) flags=0x0 under=0 verdict=no-cache
2026-08-08 23:52:31.172 Df macos-dock-cc-v2[68904:10e732f] [com.caye.macosdockcc.v2:fullscreen-green-probe] [fullscreen-green-probe] t=469334.176743 key-down keyCode=6 flags=0x100 repeat=0 verdict=no-cache
2026-08-08 23:52:31.486 Df macos-dock-cc-v2[68904:10e732f] [com.caye.macosdockcc.v2:fullscreen-green-probe] [fullscreen-green-probe] t=469334.490826 mouse-down point=(1733.8,787.7) flipped=(1733.8,652.3) flags=0x0 under=0 verdict=no-cache
2026-08-08 23:52:31.707 Df macos-dock-cc-v2[68904:10e732f] [com.caye.macosdockcc.v2:fullscreen-green-probe] [fullscreen-green-probe] t=469334.711912 key-down keyCode=49 flags=0x100 repeat=0 verdict=no-cache
2026-08-08 23:52:31.884 Df macos-dock-cc-v2[68904:10e732f] [com.caye.macosdockcc.v2:fullscreen-green-probe] [fullscreen-green-probe] t=469334.888618 mouse-down point=(1929.7,784.0) flipped=(1929.7,656.0) flags=0x0 under=0 verdict=no-cache
2026-08-08 23:52:32.304 Df macos-dock-cc-v2[68904:10e732f] [com.caye.macosdockcc.v2:fullscreen-green-probe] [fullscreen-green-probe] t=469335.309036 key-down keyCode=9 flags=0x100 repeat=0 verdict=no-cache
2026-08-08 23:52:32.568 Df macos-dock-cc-v2[68904:10e732f] [com.caye.macosdockcc.v2:fullscreen-green-probe] [fullscreen-green-probe] t=469335.572550 mouse-down point=(1599.2,781.9) flipped=(1599.2,658.1) flags=0x0 under=0 verdict=no-cache
2026-08-08 23:52:33.553 Df macos-dock-cc-v2[68904:10e732f] [com.caye.macosdockcc.v2:fullscreen-green-probe] [fullscreen-green-probe] t=469336.557521 mouse-down point=(1512.4,902.5) flipped=(1512.4,537.5) flags=0x0 under=0 verdict=no-cache
2026-08-08 23:52:34.469 Df macos-dock-cc-v2[68904:10e732f] [com.caye.macosdockcc.v2:fullscreen-green-probe] [fullscreen-green-probe] t=469337.474012 mouse-down point=(1526.0,948.6) flipped=(1526.0,491.4) flags=0xa0022 under=0 verdict=no-cache
2026-08-08 23:52:35.703 Df macos-dock-cc-v2[68904:10e732f] [com.caye.macosdockcc.v2:fullscreen-green-probe] [fullscreen-green-probe] t=469338.707892 mouse-down point=(1498.0,906.0) flipped=(1498.0,534.0) flags=0x0 under=0 verdict=no-cache
2026-08-08 23:52:37.038 Df macos-dock-cc-v2[68904:10e732f] [com.caye.macosdockcc.v2:fullscreen-green-probe] [fullscreen-green-probe] t=469340.042908 key-down keyCode=6 flags=0x100 repeat=0 verdict=no-cache
2026-08-08 23:52:37.203 Df macos-dock-cc-v2[68904:10e732f] [com.caye.macosdockcc.v2:fullscreen-green-probe] [fullscreen-green-probe] t=469340.207544 mouse-down point=(1714.2,877.4) flipped=(1714.2,562.6) flags=0x0 under=0 verdict=no-cache
2026-08-08 23:52:37.519 Df macos-dock-cc-v2[68904:10e732f] [com.caye.macosdockcc.v2:fullscreen-green-probe] [fullscreen-green-probe] t=469340.523820 key-down keyCode=49 flags=0x100 repeat=0 verdict=no-cache
2026-08-08 23:52:37.704 Df macos-dock-cc-v2[68904:10e732f] [com.caye.macosdockcc.v2:fullscreen-green-probe] [fullscreen-green-probe] t=469340.708468 mouse-down point=(1485.6,864.9) flipped=(1485.6,575.1) flags=0x0 under=0 verdict=no-cache
2026-08-08 23:52:37.987 Df macos-dock-cc-v2[68904:10e732f] [com.caye.macosdockcc.v2:fullscreen-green-probe] [fullscreen-green-probe] t=469340.991538 key-down keyCode=49 flags=0x100 repeat=1 verdict=no-cache
2026-08-08 23:52:38.087 Df macos-dock-cc-v2[68904:10e732f] [com.caye.macosdockcc.v2:fullscreen-green-probe] [fullscreen-green-probe] t=469341.091628 key-down keyCode=9 flags=0x100 repeat=0 verdict=no-cache
2026-08-08 23:52:38.169 Df macos-dock-cc-v2[68904:10e732f] [com.caye.macosdockcc.v2:fullscreen-green-probe] [fullscreen-green-probe] t=469341.173800 mouse-down point=(1561.6,877.0) flipped=(1561.6,563.0) flags=0x0 under=0 verdict=no-cache
2026-08-08 23:52:38.454 Df macos-dock-cc-v2[68904:10e732f] [com.caye.macosdockcc.v2:fullscreen-green-probe] [fullscreen-green-probe] t=469341.459249 key-down keyCode=6 flags=0x100 repeat=0 verdict=no-cache
2026-08-08 23:52:38.539 Df macos-dock-cc-v2[68904:10e732f] [com.caye.macosdockcc.v2:fullscreen-green-probe] [fullscreen-green-probe] t=469341.543389 mouse-down point=(1661.5,883.0) flipped=(1661.5,557.0) flags=0x0 under=0 verdict=no-cache
2026-08-08 23:52:38.620 Df macos-dock-cc-v2[68904:10e732f] [com.caye.macosdockcc.v2:fullscreen-green-probe] [fullscreen-green-probe] t=469341.624531 key-down keyCode=49 flags=0x100 repeat=0 verdict=no-cache
2026-08-08 23:52:38.822 Df macos-dock-cc-v2[68904:10e732f] [com.caye.macosdockcc.v2:fullscreen-green-probe] [fullscreen-green-probe] t=469341.826372 mouse-down point=(1617.1,884.7) flipped=(1617.1,555.3) flags=0x0 under=0 verdict=no-cache
2026-08-08 23:52:39.286 Df macos-dock-cc-v2[68904:10e732f] [com.caye.macosdockcc.v2:fullscreen-green-probe] [fullscreen-green-probe] t=469342.290634 mouse-down point=(1581.0,902.0) flipped=(1581.0,538.0) flags=0x0 under=0 verdict=no-cache
2026-08-08 23:52:39.359 Df macos-dock-cc-v2[68904:10e732f] [com.caye.macosdockcc.v2:fullscreen-green-probe] [fullscreen-green-probe] t=469342.363567 key-down keyCode=49 flags=0x100 repeat=0 verdict=no-cache
2026-08-08 23:52:39.589 Df macos-dock-cc-v2[68904:10e732f] [com.caye.macosdockcc.v2:fullscreen-green-probe] [fullscreen-green-probe] t=469342.593859 mouse-down point=(1608.5,907.5) flipped=(1608.5,532.5) flags=0x0 under=0 verdict=no-cache
2026-08-08 23:52:39.938 Df macos-dock-cc-v2[68904:10e732f] [com.caye.macosdockcc.v2:fullscreen-green-probe] [fullscreen-green-probe] t=469342.942765 key-down keyCode=9 flags=0x100 repeat=0 verdict=no-cache
2026-08-08 23:52:40.005 Df macos-dock-cc-v2[68904:10e732f] [com.caye.macosdockcc.v2:fullscreen-green-probe] [fullscreen-green-probe] t=469343.009768 mouse-down point=(1551.1,913.9) flipped=(1551.1,526.1) flags=0x0 under=0 verdict=no-cache
2026-08-08 23:52:40.365 Df macos-dock-cc-v2[68904:10e732f] [com.caye.macosdockcc.v2:fullscreen-green-probe] [fullscreen-green-probe] t=469343.369729 mouse-down point=(1542.9,904.6) flipped=(1542.9,535.4) flags=0x0 under=0 verdict=no-cache
2026-08-08 23:52:41.277 Df macos-dock-cc-v2[68904:10e732f] [com.caye.macosdockcc.v2:fullscreen-green-probe] [fullscreen-green-probe] t=469344.281994 mouse-down point=(1543.2,878.8) flipped=(1543.2,561.2) flags=0x0 under=0 verdict=no-cache
2026-08-08 23:52:42.461 Df macos-dock-cc-v2[68904:10e732f] [com.caye.macosdockcc.v2:fullscreen-green-probe] [fullscreen-green-probe] t=469345.466083 mouse-down point=(1542.6,879.4) flipped=(1542.6,560.6) flags=0x0 under=0 verdict=no-cache
2026-08-08 23:52:43.325 Df macos-dock-cc-v2[68904:10e732f] [com.caye.macosdockcc.v2:fullscreen-green-probe] [fullscreen-green-probe] t=469346.329896 mouse-down point=(1728.6,952.2) flipped=(1728.6,487.8) flags=0x0 under=0 verdict=no-cache
2026-08-08 23:52:44.989 Df macos-dock-cc-v2[68904:10e732f] [com.caye.macosdockcc.v2:fullscreen-green-probe] [fullscreen-green-probe] t=469347.993815 mouse-down point=(2162.8,893.2) flipped=(2162.8,546.8) flags=0x0 under=0 verdict=no-cache
2026-08-08 23:52:48.565 Df macos-dock-cc-v2[68904:10e732f] [com.caye.macosdockcc.v2:fullscreen-green-probe] [fullscreen-green-probe] t=469351.570292 mouse-down point=(2108.6,864.9) flipped=(2108.6,575.1) flags=0x0 under=0 verdict=no-cache
2026-08-08 23:52:49.974 Df macos-dock-cc-v2[68904:10e732f] [com.caye.macosdockcc.v2:fullscreen-green-probe] [fullscreen-green-probe] t=469352.978524 mouse-down point=(2108.3,866.7) flipped=(2108.3,573.3) flags=0x0 under=0 verdict=no-cache
2026-08-08 23:52:50.902 Df macos-dock-cc-v2[68904:10e732f] [com.caye.macosdockcc.v2:fullscreen-green-probe] [fullscreen-green-probe] t=469353.907104 mouse-down point=(2108.3,866.7) flipped=(2108.3,573.3) flags=0x0 under=0 verdict=no-cache
2026-08-08 23:52:51.647 Df macos-dock-cc-v2[68904:10e732f] [com.caye.macosdockcc.v2:fullscreen-green-probe] [fullscreen-green-probe] t=469354.651378 mouse-down point=(2107.4,863.4) flipped=(2107.4,576.6) flags=0x0 under=0 verdict=no-cache
2026-08-08 23:53:09.272 Df macos-dock-cc-v2[68904:10e732f] [com.caye.macosdockcc.v2:fullscreen-green-probe] [fullscreen-green-probe] t=469372.277089 mouse-down point=(1073.6,1401.1) flipped=(1073.6,38.9) flags=0x0 under=0 verdict=no-cache
2026-08-08 23:53:10.421 Df macos-dock-cc-v2[68904:10e732f] [com.caye.macosdockcc.v2:fullscreen-green-probe] [fullscreen-green-probe] t=469373.426258 mouse-down point=(1438.1,1054.0) flipped=(1438.1,386.0) flags=0x0 under=0 verdict=no-cache
2026-08-08 23:53:10.869 Df macos-dock-cc-v2[68904:10e732f] [com.caye.macosdockcc.v2:fullscreen-green-probe] [fullscreen-green-probe] t=469373.873830 mouse-down point=(1331.7,1258.6) flipped=(1331.7,181.4) flags=0x0 under=0 verdict=no-cache
2026-08-08 23:53:11.525 Df macos-dock-cc-v2[68904:10e732f] [com.caye.macosdockcc.v2:fullscreen-green-probe] [fullscreen-green-probe] t=469374.530003 mouse-down point=(1390.4,1401.4) flipped=(1390.4,38.6) flags=0x0 under=0 verdict=no-cache
2026-08-08 23:53:13.373 Df macos-dock-cc-v2[68904:10e732f] [com.caye.macosdockcc.v2:fullscreen-green-probe] [fullscreen-green-probe] t=469376.377957 mouse-down point=(1004.5,182.4) flipped=(1004.5,1257.6) flags=0x0 under=0 verdict=no-cache
2026-08-08 23:53:13.893 Df macos-dock-cc-v2[68904:10e732f] [com.caye.macosdockcc.v2:fullscreen-green-probe] [fullscreen-green-probe] t=469376.898283 mouse-down point=(1017.4,173.3) flipped=(1017.4,1266.7) flags=0x0 under=0 verdict=no-cache
2026-08-08 23:53:17.145 Df macos-dock-cc-v2[68904:10e732f] [com.caye.macosdockcc.v2:fullscreen-green-probe] [fullscreen-green-probe] t=469380.150318 mouse-down point=(1025.2,174.2) flipped=(1025.2,1265.8) flags=0x0 under=0 verdict=no-cache
2026-08-08 23:53:19.245 Df macos-dock-cc-v2[68904:10e732f] [com.caye.macosdockcc.v2:fullscreen-green-probe] [fullscreen-green-probe] t=469382.250113 mouse-down point=(1013.8,172.0) flipped=(1013.8,1268.0) flags=0x0 under=0 verdict=no-cache
2026-08-08 23:53:21.758 Df macos-dock-cc-v2[68904:10e732f] [com.caye.macosdockcc.v2:fullscreen-green-probe] [fullscreen-green-probe] t=469384.762624 mouse-down point=(1020.8,182.8) flipped=(1020.8,1257.2) flags=0x0 under=0 verdict=no-cache
2026-08-08 23:53:23.315 Df macos-dock-cc-v2[68904:10e732f] [com.caye.macosdockcc.v2:fullscreen-green-probe] [fullscreen-green-probe] t=469386.319372 mouse-down point=(1020.6,185.4) flipped=(1020.6,1254.6) flags=0x0 under=0 verdict=no-cache
2026-08-08 23:53:25.173 Df macos-dock-cc-v2[68904:10e732f] [com.caye.macosdockcc.v2:fullscreen-green-probe] [fullscreen-green-probe] t=469388.177362 mouse-down point=(1070.5,1407.1) flipped=(1070.5,32.9) flags=0x0 under=0 verdict=no-cache
2026-08-08 23:53:26.221 Df macos-dock-cc-v2[68904:10e732f] [com.caye.macosdockcc.v2:fullscreen-green-probe] [fullscreen-green-probe] t=469389.226264 mouse-down point=(1304.4,1040.2) flipped=(1304.4,399.8) flags=0x0 under=0 verdict=no-cache
2026-08-08 23:53:27.302 Df macos-dock-cc-v2[68904:10e732f] [com.caye.macosdockcc.v2:fullscreen-green-probe] [fullscreen-green-probe] t=469390.306843 mouse-down point=(1278.3,1408.6) flipped=(1278.3,31.4) flags=0x0 under=0 verdict=no-cache
2026-08-08 23:53:29.077 Df macos-dock-cc-v2[68904:10e732f] [com.caye.macosdockcc.v2:fullscreen-green-probe] [fullscreen-green-probe] t=469392.081777 mouse-down point=(977.4,1190.6) flipped=(977.4,249.4) flags=0x0 under=0 verdict=no-cache
2026-08-08 23:53:30.318 Df macos-dock-cc-v2[68904:10e732f] [com.caye.macosdockcc.v2:fullscreen-green-probe] [fullscreen-green-probe] t=469393.323220 mouse-down point=(958.2,1200.8) flipped=(958.2,239.2) flags=0x0 under=0 verdict=no-cache
2026-08-08 23:53:31.317 Df macos-dock-cc-v2[68904:10e732f] [com.caye.macosdockcc.v2:fullscreen-green-probe] [fullscreen-green-probe] t=469394.322093 mouse-down point=(1372.1,1406.4) flipped=(1372.1,33.6) flags=0x0 under=0 verdict=no-cache
2026-08-08 23:53:32.014 Df macos-dock-cc-v2[68904:10e732f] [com.caye.macosdockcc.v2:fullscreen-green-probe] [fullscreen-green-probe] t=469395.019124 mouse-down point=(1481.7,1406.7) flipped=(1481.7,33.3) flags=0x0 under=0 verdict=no-cache
2026-08-08 23:53:34.590 Df macos-dock-cc-v2[68904:10e732f] [com.caye.macosdockcc.v2:fullscreen-green-probe] [fullscreen-green-probe] t=469397.594862 mouse-down point=(1269.8,1409.9) flipped=(1269.8,30.1) flags=0x0 under=0 verdict=no-cache
2026-08-08 23:53:36.142 Df macos-dock-cc-v2[68904:10e732f] [com.caye.macosdockcc.v2:fullscreen-green-probe] [fullscreen-green-probe] t=469399.147015 mouse-down point=(960.2,1204.9) flipped=(960.2,235.1) flags=0x0 under=0 verdict=no-cache
2026-08-08 23:53:37.110 Df macos-dock-cc-v2[68904:10e732f] [com.caye.macosdockcc.v2:fullscreen-green-probe] [fullscreen-green-probe] t=469400.114337 mouse-down point=(1479.0,1412.2) flipped=(1479.0,27.8) flags=0x0 under=0 verdict=no-cache
2026-08-08 23:53:47.161 Df macos-dock-cc-v2[68904:10e732f] [com.caye.macosdockcc.v2:fullscreen-green-probe] [fullscreen-green-probe] t=469410.165333 mouse-down point=(1280.8,1409.3) flipped=(1280.8,30.7) flags=0x0 under=0 verdict=no-cache
2026-08-08 23:53:48.830 Df macos-dock-cc-v2[68904:10e732f] [com.caye.macosdockcc.v2:fullscreen-green-probe] [fullscreen-green-probe] t=469411.834763 mouse-down point=(338.9,129.2) flipped=(338.9,1310.8) flags=0x0 under=0 verdict=no-cache
2026-08-08 23:53:49.914 Df macos-dock-cc-v2[68904:10e732f] [com.caye.macosdockcc.v2:fullscreen-green-probe] [fullscreen-green-probe] t=469412.918410 key-down keyCode=6 flags=0x100 repeat=0 verdict=no-cache
2026-08-08 23:53:50.095 Df macos-dock-cc-v2[68904:10e732f] [com.caye.macosdockcc.v2:fullscreen-green-probe] [fullscreen-green-probe] t=469413.099547 mouse-down point=(1442.1,851.8) flipped=(1442.1,588.2) flags=0x0 under=0 verdict=no-cache
2026-08-08 23:53:50.427 Df macos-dock-cc-v2[68904:10e732f] [com.caye.macosdockcc.v2:fullscreen-green-probe] [fullscreen-green-probe] t=469413.431855 key-down keyCode=9 flags=0x100 repeat=0 verdict=no-cache
2026-08-08 23:53:51.014 Df macos-dock-cc-v2[68904:10e732f] [com.caye.macosdockcc.v2:fullscreen-green-probe] [fullscreen-green-probe] t=469414.018561 key-down keyCode=6 flags=0x100 repeat=0 verdict=no-cache
2026-08-08 23:53:51.130 Df macos-dock-cc-v2[68904:10e732f] [com.caye.macosdockcc.v2:fullscreen-green-probe] [fullscreen-green-probe] t=469414.134805 mouse-down point=(1620.1,941.3) flipped=(1620.1,498.7) flags=0x0 under=0 verdict=no-cache
2026-08-08 23:53:51.409 Df macos-dock-cc-v2[68904:10e732f] [com.caye.macosdockcc.v2:fullscreen-green-probe] [fullscreen-green-probe] t=469414.414266 key-down keyCode=49 flags=0x100 repeat=0 verdict=no-cache
2026-08-08 23:53:51.461 Df macos-dock-cc-v2[68904:10e732f] [com.caye.macosdockcc.v2:fullscreen-green-probe] [fullscreen-green-probe] t=469414.465336 mouse-down point=(1535.4,970.7) flipped=(1535.4,469.3) flags=0x0 under=0 verdict=no-cache
2026-08-08 23:53:52.044 Df macos-dock-cc-v2[68904:10e732f] [com.caye.macosdockcc.v2:fullscreen-green-probe] [fullscreen-green-probe] t=469415.048750 key-down keyCode=9 flags=0x100 repeat=0 verdict=no-cache
2026-08-08 23:53:52.317 Df macos-dock-cc-v2[68904:10e732f] [com.caye.macosdockcc.v2:fullscreen-green-probe] [fullscreen-green-probe] t=469415.322035 mouse-down point=(1621.0,1007.1) flipped=(1621.0,432.9) flags=0x0 under=0 verdict=no-cache
2026-08-08 23:53:52.695 Df macos-dock-cc-v2[68904:10e732f] [com.caye.macosdockcc.v2:fullscreen-green-probe] [fullscreen-green-probe] t=469415.699328 mouse-down point=(1629.9,1004.6) flipped=(1629.9,435.4) flags=0x0 under=0 verdict=no-cache
2026-08-08 23:53:53.646 Df macos-dock-cc-v2[68904:10e732f] [com.caye.macosdockcc.v2:fullscreen-green-probe] [fullscreen-green-probe] t=469416.650523 key-down keyCode=8 flags=0x100108 repeat=0 verdict=no-cache
2026-08-08 23:53:54.894 Df macos-dock-cc-v2[68904:10e732f] [com.caye.macosdockcc.v2:fullscreen-green-probe] [fullscreen-green-probe] t=469417.899298 mouse-down point=(1088.8,127.1) flipped=(1088.8,1312.9) flags=0x0 under=0 verdict=no-cache
2026-08-08 23:53:56.445 Df macos-dock-cc-v2[68904:10e732f] [com.caye.macosdockcc.v2:fullscreen-green-probe] [fullscreen-green-probe] t=469419.449932 mouse-down point=(573.3,125.7) flipped=(573.3,1314.3) flags=0x0 under=0 verdict=no-cache
2026-08-08 23:53:58.047 Df macos-dock-cc-v2[68904:10e732f] [com.caye.macosdockcc.v2:fullscreen-green-probe] [fullscreen-green-probe] t=469421.051904 key-down keyCode=9 flags=0x100108 repeat=0 verdict=no-cache
2026-08-08 23:53:59.285 Df macos-dock-cc-v2[68904:10e732f] [com.caye.macosdockcc.v2:fullscreen-green-probe] [fullscreen-green-probe] t=469422.289998 mouse-down point=(1304.4,741.5) flipped=(1304.4,698.5) flags=0x0 under=0 verdict=no-cache
2026-08-08 23:54:00.867 Df macos-dock-cc-v2[68904:10e732f] [com.caye.macosdockcc.v2:fullscreen-green-probe] [fullscreen-green-probe] t=469423.871728 mouse-down point=(2044.5,690.1) flipped=(2044.5,749.9) flags=0x0 under=0 verdict=no-cache
2026-08-08 23:54:01.215 Df macos-dock-cc-v2[68904:10e732f] [com.caye.macosdockcc.v2:fullscreen-green-probe] [fullscreen-green-probe] t=469424.219334 mouse-down point=(2033.9,683.3) flipped=(2033.9,756.7) flags=0x0 under=0 verdict=no-cache
2026-08-08 23:57:16.422 Df macos-dock-cc-v2[68904:10e732f] [com.caye.macosdockcc.v2:fullscreen-green-probe] [fullscreen-green-probe] t=469619.426945 mouse-down point=(2033.3,865.9) flipped=(2033.3,574.1) flags=0x0 under=0 verdict=no-cache
2026-08-08 23:57:16.797 Df macos-dock-cc-v2[68904:10e732f] [com.caye.macosdockcc.v2:fullscreen-green-probe] [fullscreen-green-probe] t=469619.801724 mouse-down point=(2009.4,829.9) flipped=(2009.4,610.1) flags=0x0 under=0 verdict=no-cache
2026-08-08 23:57:17.556 Df macos-dock-cc-v2[68904:10e732f] [com.caye.macosdockcc.v2:fullscreen-green-probe] [fullscreen-green-probe] t=469620.560671 mouse-down point=(1985.6,737.5) flipped=(1985.6,702.5) flags=0x0 under=0 verdict=no-cache
2026-08-08 23:57:17.909 Df macos-dock-cc-v2[68904:10e732f] [com.caye.macosdockcc.v2:fullscreen-green-probe] [fullscreen-green-probe] t=469620.914146 mouse-down point=(1989.8,706.4) flipped=(1989.8,733.6) flags=0x0 under=0 verdict=no-cache
2026-08-08 23:57:18.362 Df macos-dock-cc-v2[68904:10e732f] [com.caye.macosdockcc.v2:fullscreen-green-probe] [fullscreen-green-probe] t=469621.367147 key-down keyCode=6 flags=0x100 repeat=0 verdict=no-cache
2026-08-08 23:57:18.778 Df macos-dock-cc-v2[68904:10e732f] [com.caye.macosdockcc.v2:fullscreen-green-probe] [fullscreen-green-probe] t=469621.783178 mouse-down point=(1761.6,692.3) flipped=(1761.6,747.7) flags=0x0 under=0 verdict=no-cache
2026-08-08 23:57:18.890 Df macos-dock-cc-v2[68904:10e732f] [com.caye.macosdockcc.v2:fullscreen-green-probe] [fullscreen-green-probe] t=469621.894637 key-down keyCode=49 flags=0x100 repeat=0 verdict=no-cache
2026-08-08 23:57:19.057 Df macos-dock-cc-v2[68904:10e732f] [com.caye.macosdockcc.v2:fullscreen-green-probe] [fullscreen-green-probe] t=469622.061663 mouse-down point=(1972.9,714.6) flipped=(1972.9,725.4) flags=0x0 under=0 verdict=no-cache
2026-08-08 23:57:19.461 Df macos-dock-cc-v2[68904:10e732f] [com.caye.macosdockcc.v2:fullscreen-green-probe] [fullscreen-green-probe] t=469622.465872 key-down keyCode=9 flags=0x100 repeat=0 verdict=no-cache
2026-08-08 23:57:19.845 Df macos-dock-cc-v2[68904:10e732f] [com.caye.macosdockcc.v2:fullscreen-green-probe] [fullscreen-green-probe] t=469622.850219 mouse-down point=(1354.8,578.3) flipped=(1354.8,861.7) flags=0x0 under=0 verdict=no-cache
2026-08-08 23:57:20.856 Df macos-dock-cc-v2[68904:10e732f] [com.caye.macosdockcc.v2:fullscreen-green-probe] [fullscreen-green-probe] t=469623.860692 mouse-down point=(1506.4,619.9) flipped=(1506.4,820.1) flags=0x0 under=0 verdict=no-cache
2026-08-08 23:57:22.607 Df macos-dock-cc-v2[68904:10e732f] [com.caye.macosdockcc.v2:fullscreen-green-probe] [fullscreen-green-probe] t=469625.612270 mouse-down point=(1994.1,626.4) flipped=(1994.1,813.6) flags=0x0 under=0 verdict=no-cache
2026-08-08 23:57:22.741 Df macos-dock-cc-v2[68904:10e732f] [com.caye.macosdockcc.v2:fullscreen-green-probe] [fullscreen-green-probe] t=469625.746176 key-down keyCode=6 flags=0x100 repeat=0 verdict=no-cache
2026-08-08 23:57:22.974 Df macos-dock-cc-v2[68904:10e732f] [com.caye.macosdockcc.v2:fullscreen-green-probe] [fullscreen-green-probe] t=469625.978638 mouse-down point=(1847.9,654.0) flipped=(1847.9,786.0) flags=0x0 under=0 verdict=no-cache
2026-08-08 23:57:23.258 Df macos-dock-cc-v2[68904:10e732f] [com.caye.macosdockcc.v2:fullscreen-green-probe] [fullscreen-green-probe] t=469626.262898 key-down keyCode=49 flags=0x100 repeat=0 verdict=no-cache
2026-08-08 23:57:23.457 Df macos-dock-cc-v2[68904:10e732f] [com.caye.macosdockcc.v2:fullscreen-green-probe] [fullscreen-green-probe] t=469626.462273 mouse-down point=(1837.5,720.3) flipped=(1837.5,719.7) flags=0x0 under=0 verdict=no-cache
2026-08-08 23:57:23.958 Df macos-dock-cc-v2[68904:10e732f] [com.caye.macosdockcc.v2:fullscreen-green-probe] [fullscreen-green-probe] t=469626.963219 mouse-down point=(1716.0,660.0) flipped=(1716.0,780.0) flags=0x0 under=0 verdict=no-cache
2026-08-08 23:57:24.558 Df macos-dock-cc-v2[68904:10e732f] [com.caye.macosdockcc.v2:fullscreen-green-probe] [fullscreen-green-probe] t=469627.563069 key-down keyCode=9 flags=0x100 repeat=0 verdict=no-cache
2026-08-08 23:57:24.925 Df macos-dock-cc-v2[68904:10e732f] [com.caye.macosdockcc.v2:fullscreen-green-probe] [fullscreen-green-probe] t=469627.930054 mouse-down point=(1778.6,584.2) flipped=(1778.6,855.8) flags=0x0 under=0 verdict=no-cache
2026-08-08 23:57:27.676 Df macos-dock-cc-v2[68904:10e732f] [com.caye.macosdockcc.v2:fullscreen-green-probe] [fullscreen-green-probe] t=469630.680638 key-down keyCode=34 flags=0x100 repeat=0 verdict=no-cache
2026-08-08 23:57:28.597 Df macos-dock-cc-v2[68904:10e732f] [com.caye.macosdockcc.v2:fullscreen-green-probe] [fullscreen-green-probe] t=469631.602263 mouse-down point=(1543.3,439.5) flipped=(1543.3,1000.5) flags=0x0 under=0 verdict=no-cache
2026-08-08 23:57:28.943 Df macos-dock-cc-v2[68904:10e732f] [com.caye.macosdockcc.v2:fullscreen-green-probe] [fullscreen-green-probe] t=469631.947673 key-down keyCode=9 flags=0x100 repeat=0 verdict=no-cache
2026-08-08 23:57:29.093 Df macos-dock-cc-v2[68904:10e732f] [com.caye.macosdockcc.v2:fullscreen-green-probe] [fullscreen-green-probe] t=469632.097543 mouse-down point=(1713.1,496.8) flipped=(1713.1,943.2) flags=0x0 under=0 verdict=no-cache
2026-08-08 23:57:29.363 Df macos-dock-cc-v2[68904:10e732f] [com.caye.macosdockcc.v2:fullscreen-green-probe] [fullscreen-green-probe] t=469632.367470 key-down keyCode=6 flags=0x100 repeat=0 verdict=no-cache
2026-08-08 23:57:29.562 Df macos-dock-cc-v2[68904:10e732f] [com.caye.macosdockcc.v2:fullscreen-green-probe] [fullscreen-green-probe] t=469632.566898 mouse-down point=(1706.9,737.1) flipped=(1706.9,702.9) flags=0x0 under=0 verdict=no-cache
2026-08-08 23:57:29.677 Df macos-dock-cc-v2[68904:10e732f] [com.caye.macosdockcc.v2:fullscreen-green-probe] [fullscreen-green-probe] t=469632.681748 key-down keyCode=49 flags=0x100 repeat=0 verdict=no-cache
2026-08-08 23:57:29.897 Df macos-dock-cc-v2[68904:10e732f] [com.caye.macosdockcc.v2:fullscreen-green-probe] [fullscreen-green-probe] t=469632.902225 mouse-down point=(1711.4,741.4) flipped=(1711.4,698.6) flags=0x0 under=0 verdict=no-cache
2026-08-08 23:57:30.462 Df macos-dock-cc-v2[68904:10e732f] [com.caye.macosdockcc.v2:fullscreen-green-probe] [fullscreen-green-probe] t=469633.467189 mouse-down point=(1618.1,705.7) flipped=(1618.1,734.3) flags=0x0 under=0 verdict=no-cache
2026-08-08 23:57:31.079 Df macos-dock-cc-v2[68904:10e732f] [com.caye.macosdockcc.v2:fullscreen-green-probe] [fullscreen-green-probe] t=469634.083358 mouse-down point=(1626.6,533.1) flipped=(1626.6,906.9) flags=0x0 under=0 verdict=no-cache
2026-08-08 23:57:31.476 Df macos-dock-cc-v2[68904:10e732f] [com.caye.macosdockcc.v2:fullscreen-green-probe] [fullscreen-green-probe] t=469634.481260 key-down keyCode=9 flags=0x100 repeat=0 verdict=no-cache
2026-08-08 23:57:31.643 Df macos-dock-cc-v2[68904:10e732f] [com.caye.macosdockcc.v2:fullscreen-green-probe] [fullscreen-green-probe] t=469634.648196 mouse-down point=(1687.8,544.5) flipped=(1687.8,895.5) flags=0x0 under=0 verdict=no-cache
2026-08-08 23:57:31.810 Df macos-dock-cc-v2[68904:10e732f] [com.caye.macosdockcc.v2:fullscreen-green-probe] [fullscreen-green-probe] t=469634.815274 mouse-down point=(1687.8,544.5) flipped=(1687.8,895.5) flags=0x0 under=0 verdict=no-cache
2026-08-08 23:57:32.177 Df macos-dock-cc-v2[68904:10e732f] [com.caye.macosdockcc.v2:fullscreen-green-probe] [fullscreen-green-probe] t=469635.181930 mouse-down point=(1900.8,515.4) flipped=(1900.8,924.6) flags=0x0 under=0 verdict=no-cache
2026-08-08 23:57:33.368 Df macos-dock-cc-v2[68904:10e732f] [com.caye.macosdockcc.v2:fullscreen-green-probe] [fullscreen-green-probe] t=469636.373253 mouse-down point=(1637.4,541.6) flipped=(1637.4,898.4) flags=0x0 under=0 verdict=no-cache
2026-08-08 23:57:34.832 Df macos-dock-cc-v2[68904:10e732f] [com.caye.macosdockcc.v2:fullscreen-green-probe] [fullscreen-green-probe] t=469637.836583 key-down keyCode=6 flags=0x100 repeat=0 verdict=no-cache
2026-08-08 23:57:35.029 Df macos-dock-cc-v2[68904:10e732f] [com.caye.macosdockcc.v2:fullscreen-green-probe] [fullscreen-green-probe] t=469638.033788 mouse-down point=(1158.0,563.5) flipped=(1158.0,876.5) flags=0x0 under=0 verdict=no-cache
2026-08-08 23:57:35.297 Df macos-dock-cc-v2[68904:10e732f] [com.caye.macosdockcc.v2:fullscreen-green-probe] [fullscreen-green-probe] t=469638.301725 key-down keyCode=9 flags=0x100 repeat=0 verdict=no-cache
2026-08-08 23:57:35.745 Df macos-dock-cc-v2[68904:10e732f] [com.caye.macosdockcc.v2:fullscreen-green-probe] [fullscreen-green-probe] t=469638.750130 mouse-down point=(1364.0,643.8) flipped=(1364.0,796.2) flags=0x0 under=0 verdict=no-cache
2026-08-08 23:57:37.264 Df macos-dock-cc-v2[68904:10e732f] [com.caye.macosdockcc.v2:fullscreen-green-probe] [fullscreen-green-probe] t=469640.268943 key-down keyCode=6 flags=0x100 repeat=0 verdict=no-cache
2026-08-08 23:57:37.429 Df macos-dock-cc-v2[68904:10e732f] [com.caye.macosdockcc.v2:fullscreen-green-probe] [fullscreen-green-probe] t=469640.433978 mouse-down point=(1541.6,671.5) flipped=(1541.6,768.5) flags=0x0 under=0 verdict=no-cache
2026-08-08 23:57:37.697 Df macos-dock-cc-v2[68904:10e732f] [com.caye.macosdockcc.v2:fullscreen-green-probe] [fullscreen-green-probe] t=469640.701679 key-down keyCode=9 flags=0x100 repeat=0 verdict=no-cache
2026-08-08 23:57:37.965 Df macos-dock-cc-v2[68904:10e732f] [com.caye.macosdockcc.v2:fullscreen-green-probe] [fullscreen-green-probe] t=469640.969823 mouse-down point=(1198.4,663.3) flipped=(1198.4,776.7) flags=0x0 under=0 verdict=no-cache
2026-08-08 23:57:38.125 Df macos-dock-cc-v2[68904:10e732f] [com.caye.macosdockcc.v2:fullscreen-green-probe] [fullscreen-green-probe] t=469641.130054 mouse-down point=(1198.4,663.3) flipped=(1198.4,776.7) flags=0x0 under=0 verdict=no-cache
2026-08-08 23:57:38.309 Df macos-dock-cc-v2[68904:10e732f] [com.caye.macosdockcc.v2:fullscreen-green-probe] [fullscreen-green-probe] t=469641.313975 mouse-down point=(1198.4,663.3) flipped=(1198.4,776.7) flags=0x0 under=0 verdict=no-cache
2026-08-08 23:57:38.413 Df macos-dock-cc-v2[68904:10e732f] [com.caye.macosdockcc.v2:fullscreen-green-probe] [fullscreen-green-probe] t=469641.418080 key-down keyCode=6 flags=0x100 repeat=0 verdict=no-cache
2026-08-08 23:57:38.566 Df macos-dock-cc-v2[68904:10e732f] [com.caye.macosdockcc.v2:fullscreen-green-probe] [fullscreen-green-probe] t=469641.570760 mouse-down point=(1613.7,715.9) flipped=(1613.7,724.1) flags=0x0 under=0 verdict=no-cache
2026-08-08 23:57:38.764 Df macos-dock-cc-v2[68904:10e732f] [com.caye.macosdockcc.v2:fullscreen-green-probe] [fullscreen-green-probe] t=469641.768368 key-down keyCode=49 flags=0x100 repeat=0 verdict=no-cache
2026-08-08 23:57:39.030 Df macos-dock-cc-v2[68904:10e732f] [com.caye.macosdockcc.v2:fullscreen-green-probe] [fullscreen-green-probe] t=469642.034533 mouse-down point=(1775.5,804.9) flipped=(1775.5,635.1) flags=0x0 under=0 verdict=no-cache
2026-08-08 23:57:39.581 Df macos-dock-cc-v2[68904:10e732f] [com.caye.macosdockcc.v2:fullscreen-green-probe] [fullscreen-green-probe] t=469642.585894 mouse-down point=(1444.0,758.6) flipped=(1444.0,681.4) flags=0x0 under=0 verdict=no-cache
2026-08-08 23:57:41.432 Df macos-dock-cc-v2[68904:10e732f] [com.caye.macosdockcc.v2:fullscreen-green-probe] [fullscreen-green-probe] t=469644.437178 key-down keyCode=49 flags=0x100 repeat=0 verdict=no-cache
2026-08-08 23:57:41.605 Df macos-dock-cc-v2[68904:10e732f] [com.caye.macosdockcc.v2:fullscreen-green-probe] [fullscreen-green-probe] t=469644.609700 mouse-down point=(1796.5,699.6) flipped=(1796.5,740.4) flags=0x0 under=0 verdict=no-cache
2026-08-08 23:57:41.949 Df macos-dock-cc-v2[68904:10e732f] [com.caye.macosdockcc.v2:fullscreen-green-probe] [fullscreen-green-probe] t=469644.953916 key-down keyCode=49 flags=0x100 repeat=1 verdict=no-cache
2026-08-08 23:57:41.989 Df macos-dock-cc-v2[68904:10e732f] [com.caye.macosdockcc.v2:fullscreen-green-probe] [fullscreen-green-probe] t=469644.994029 key-down keyCode=49 flags=0x100 repeat=1 verdict=no-cache
2026-08-08 23:57:42.215 Df macos-dock-cc-v2[68904:10e732f] [com.caye.macosdockcc.v2:fullscreen-green-probe] [fullscreen-green-probe] t=469645.220226 key-down keyCode=9 flags=0x100 repeat=0 verdict=no-cache
2026-08-08 23:57:42.899 Df macos-dock-cc-v2[68904:10e732f] [com.caye.macosdockcc.v2:fullscreen-green-probe] [fullscreen-green-probe] t=469645.904117 mouse-down point=(1419.3,536.9) flipped=(1419.3,903.1) flags=0x0 under=0 verdict=no-cache
2026-08-08 23:57:43.091 Df macos-dock-cc-v2[68904:10e732f] [com.caye.macosdockcc.v2:fullscreen-green-probe] [fullscreen-green-probe] t=469646.096188 key-down keyCode=6 flags=0x100 repeat=0 verdict=no-cache
2026-08-08 23:57:43.341 Df macos-dock-cc-v2[68904:10e732f] [com.caye.macosdockcc.v2:fullscreen-green-probe] [fullscreen-green-probe] t=469646.345648 mouse-down point=(1386.3,503.7) flipped=(1386.3,936.3) flags=0x0 under=0 verdict=no-cache
2026-08-08 23:57:43.688 Df macos-dock-cc-v2[68904:10e732f] [com.caye.macosdockcc.v2:fullscreen-green-probe] [fullscreen-green-probe] t=469646.692810 key-down keyCode=9 flags=0x100 repeat=0 verdict=no-cache
2026-08-08 23:57:44.297 Df macos-dock-cc-v2[68904:10e732f] [com.caye.macosdockcc.v2:fullscreen-green-probe] [fullscreen-green-probe] t=469647.302201 mouse-down point=(1364.3,859.4) flipped=(1364.3,580.6) flags=0x0 under=0 verdict=no-cache
2026-08-08 23:57:44.606 Df macos-dock-cc-v2[68904:10e732f] [com.caye.macosdockcc.v2:fullscreen-green-probe] [fullscreen-green-probe] t=469647.610894 mouse-down point=(1364.3,859.4) flipped=(1364.3,580.6) flags=0x0 under=0 verdict=no-cache
2026-08-08 23:57:45.117 Df macos-dock-cc-v2[68904:10e732f] [com.caye.macosdockcc.v2:fullscreen-green-probe] [fullscreen-green-probe] t=469648.121928 mouse-down point=(900.1,851.3) flipped=(900.1,588.7) flags=0x0 under=0 verdict=no-cache
2026-08-08 23:57:45.581 Df macos-dock-cc-v2[68904:10e732f] [com.caye.macosdockcc.v2:fullscreen-green-probe] [fullscreen-green-probe] t=469648.586284 key-down keyCode=6 flags=0x100 repeat=0 verdict=no-cache
2026-08-08 23:57:45.682 Df macos-dock-cc-v2[68904:10e732f] [com.caye.macosdockcc.v2:fullscreen-green-probe] [fullscreen-green-probe] t=469648.686542 mouse-down point=(1224.8,892.1) flipped=(1224.8,547.9) flags=0x0 under=0 verdict=no-cache
2026-08-08 23:57:45.964 Df macos-dock-cc-v2[68904:10e732f] [com.caye.macosdockcc.v2:fullscreen-green-probe] [fullscreen-green-probe] t=469648.969189 key-down keyCode=9 flags=0x100 repeat=0 verdict=no-cache
2026-08-08 23:57:46.334 Df macos-dock-cc-v2[68904:10e732f] [com.caye.macosdockcc.v2:fullscreen-green-probe] [fullscreen-green-probe] t=469649.338526 mouse-down point=(1632.7,852.9) flipped=(1632.7,587.1) flags=0x0 under=0 verdict=no-cache
2026-08-08 23:57:47.220 Df macos-dock-cc-v2[68904:10e732f] [com.caye.macosdockcc.v2:fullscreen-green-probe] [fullscreen-green-probe] t=469650.224665 key-down keyCode=6 flags=0x100 repeat=0 verdict=no-cache
2026-08-08 23:57:47.348 Df macos-dock-cc-v2[68904:10e732f] [com.caye.macosdockcc.v2:fullscreen-green-probe] [fullscreen-green-probe] t=469650.353172 mouse-down point=(1754.7,799.3) flipped=(1754.7,640.7) flags=0x0 under=0 verdict=no-cache
2026-08-08 23:57:47.700 Df macos-dock-cc-v2[68904:10e732f] [com.caye.macosdockcc.v2:fullscreen-green-probe] [fullscreen-green-probe] t=469650.704471 key-down keyCode=9 flags=0x100 repeat=0 verdict=no-cache
2026-08-08 23:57:47.866 Df macos-dock-cc-v2[68904:10e732f] [com.caye.macosdockcc.v2:fullscreen-green-probe] [fullscreen-green-probe] t=469650.871089 mouse-down point=(1375.1,821.8) flipped=(1375.1,618.2) flags=0x0 under=0 verdict=no-cache
2026-08-08 23:57:47.998 Df macos-dock-cc-v2[68904:10e732f] [com.caye.macosdockcc.v2:fullscreen-green-probe] [fullscreen-green-probe] t=469651.003181 mouse-down point=(1375.1,821.8) flipped=(1375.1,618.2) flags=0x0 under=0 verdict=no-cache
2026-08-08 23:57:48.133 Df macos-dock-cc-v2[68904:10e732f] [com.caye.macosdockcc.v2:fullscreen-green-probe] [fullscreen-green-probe] t=469651.137767 mouse-down point=(1375.1,821.8) flipped=(1375.1,618.2) flags=0x0 under=0 verdict=no-cache
2026-08-08 23:57:48.342 Df macos-dock-cc-v2[68904:10e732f] [com.caye.macosdockcc.v2:fullscreen-green-probe] [fullscreen-green-probe] t=469651.347321 key-down keyCode=6 flags=0x100 repeat=0 verdict=no-cache
2026-08-08 23:57:48.454 Df macos-dock-cc-v2[68904:10e732f] [com.caye.macosdockcc.v2:fullscreen-green-probe] [fullscreen-green-probe] t=469651.458565 mouse-down point=(1525.6,840.4) flipped=(1525.6,599.6) flags=0x0 under=0 verdict=no-cache
2026-08-08 23:57:48.685 Df macos-dock-cc-v2[68904:10e732f] [com.caye.macosdockcc.v2:fullscreen-green-probe] [fullscreen-green-probe] t=469651.690114 key-down keyCode=49 flags=0x100 repeat=0 verdict=no-cache
2026-08-08 23:57:48.909 Df macos-dock-cc-v2[68904:10e732f] [com.caye.macosdockcc.v2:fullscreen-green-probe] [fullscreen-green-probe] t=469651.913807 mouse-down point=(1696.5,959.0) flipped=(1696.5,481.0) flags=0x0 under=0 verdict=no-cache
2026-08-08 23:57:49.405 Df macos-dock-cc-v2[68904:10e732f] [com.caye.macosdockcc.v2:fullscreen-green-probe] [fullscreen-green-probe] t=469652.409753 mouse-down point=(1417.6,906.8) flipped=(1417.6,533.2) flags=0x0 under=0 verdict=no-cache
2026-08-08 23:57:50.300 Df macos-dock-cc-v2[68904:10e732f] [com.caye.macosdockcc.v2:fullscreen-green-probe] [fullscreen-green-probe] t=469653.304684 key-down keyCode=49 flags=0x100 repeat=0 verdict=no-cache
2026-08-08 23:57:50.399 Df macos-dock-cc-v2[68904:10e732f] [com.caye.macosdockcc.v2:fullscreen-green-probe] [fullscreen-green-probe] t=469653.403560 mouse-down point=(1712.1,900.8) flipped=(1712.1,539.2) flags=0x0 under=0 verdict=no-cache
2026-08-08 23:57:50.966 Df macos-dock-cc-v2[68904:10e732f] [com.caye.macosdockcc.v2:fullscreen-green-probe] [fullscreen-green-probe] t=469653.970599 mouse-down point=(1423.9,747.4) flipped=(1423.9,692.6) flags=0x0 under=0 verdict=no-cache
2026-08-08 23:57:51.399 Df macos-dock-cc-v2[68904:10e732f] [com.caye.macosdockcc.v2:fullscreen-green-probe] [fullscreen-green-probe] t=469654.404194 key-down keyCode=9 flags=0x100 repeat=0 verdict=no-cache
2026-08-08 23:57:51.837 Df macos-dock-cc-v2[68904:10e732f] [com.caye.macosdockcc.v2:fullscreen-green-probe] [fullscreen-green-probe] t=469654.841861 mouse-down point=(1344.5,583.4) flipped=(1344.5,856.6) flags=0x0 under=0 verdict=no-cache
2026-08-08 23:57:52.421 Df macos-dock-cc-v2[68904:10e732f] [com.caye.macosdockcc.v2:fullscreen-green-probe] [fullscreen-green-probe] t=469655.425897 mouse-down point=(1373.1,603.7) flipped=(1373.1,836.3) flags=0x20002 under=0 verdict=no-cache
2026-08-08 23:57:53.468 Df macos-dock-cc-v2[68904:10e732f] [com.caye.macosdockcc.v2:fullscreen-green-probe] [fullscreen-green-probe] t=469656.472690 mouse-down point=(1834.5,663.4) flipped=(1834.5,776.6) flags=0x20002 under=0 verdict=no-cache
2026-08-08 23:57:53.616 Df macos-dock-cc-v2[68904:10e732f] [com.caye.macosdockcc.v2:fullscreen-green-probe] [fullscreen-green-probe] t=469656.620427 mouse-down point=(1835.4,667.6) flipped=(1835.4,772.4) flags=0x0 under=0 verdict=no-cache
2026-08-08 23:57:53.790 Df macos-dock-cc-v2[68904:10e732f] [com.caye.macosdockcc.v2:fullscreen-green-probe] [fullscreen-green-probe] t=469656.794962 mouse-down point=(1835.7,668.4) flipped=(1835.7,771.6) flags=0x0 under=0 verdict=no-cache
2026-08-08 23:57:53.988 Df macos-dock-cc-v2[68904:10e732f] [com.caye.macosdockcc.v2:fullscreen-green-probe] [fullscreen-green-probe] t=469656.992756 key-down keyCode=6 flags=0x100 repeat=0 verdict=no-cache
2026-08-08 23:57:54.117 Df macos-dock-cc-v2[68904:10e732f] [com.caye.macosdockcc.v2:fullscreen-green-probe] [fullscreen-green-probe] t=469657.121676 mouse-down point=(1751.5,727.2) flipped=(1751.5,712.8) flags=0x0 under=0 verdict=no-cache
2026-08-08 23:57:54.252 Df macos-dock-cc-v2[68904:10e732f] [com.caye.macosdockcc.v2:fullscreen-green-probe] [fullscreen-green-probe] t=469657.256528 key-down keyCode=49 flags=0x100 repeat=0 verdict=no-cache
2026-08-08 23:57:54.372 Df macos-dock-cc-v2[68904:10e732f] [com.caye.macosdockcc.v2:fullscreen-green-probe] [fullscreen-green-probe] t=469657.376492 mouse-down point=(1659.3,735.1) flipped=(1659.3,704.9) flags=0x0 under=0 verdict=no-cache
2026-08-08 23:57:54.971 Df macos-dock-cc-v2[68904:10e732f] [com.caye.macosdockcc.v2:fullscreen-green-probe] [fullscreen-green-probe] t=469657.975414 mouse-down point=(1628.8,854.7) flipped=(1628.8,585.3) flags=0x0 under=0 verdict=no-cache
2026-08-08 23:57:55.354 Df macos-dock-cc-v2[68904:10e732f] [com.caye.macosdockcc.v2:fullscreen-green-probe] [fullscreen-green-probe] t=469658.358393 key-down keyCode=0 flags=0x100 repeat=0 verdict=no-cache
2026-08-08 23:57:55.717 Df macos-dock-cc-v2[68904:10e732f] [com.caye.macosdockcc.v2:fullscreen-green-probe] [fullscreen-green-probe] t=469658.722073 mouse-down point=(1667.4,971.4) flipped=(1667.4,468.6) flags=0x0 under=0 verdict=no-cache
2026-08-08 23:57:57.318 Df macos-dock-cc-v2[68904:10e732f] [com.caye.macosdockcc.v2:fullscreen-green-probe] [fullscreen-green-probe] t=469660.322383 mouse-down point=(1088.6,95.9) flipped=(1088.6,1344.1) flags=0x0 under=0 verdict=no-cache
2026-08-08 23:57:59.423 Df macos-dock-cc-v2[68904:10e732f] [com.caye.macosdockcc.v2:fullscreen-green-probe] [fullscreen-green-probe] t=469662.427548 mouse-down point=(990.8,294.6) flipped=(990.8,1145.4) flags=0x0 under=0 verdict=no-cache
2026-08-08 23:58:00.153 Df macos-dock-cc-v2[68904:10e732f] [com.caye.macosdockcc.v2:fullscreen-green-probe] [fullscreen-green-probe] t=469663.158073 mouse-down point=(2360.4,781.3) flipped=(2360.4,658.7) flags=0x0 under=0 verdict=no-cache
2026-08-08 23:58:00.370 Df macos-dock-cc-v2[68904:10e732f] [com.caye.macosdockcc.v2:fullscreen-green-probe] [fullscreen-green-probe] t=469663.374785 mouse-down point=(2256.5,778.3) flipped=(2256.5,661.7) flags=0x0 under=0 verdict=no-cache
2026-08-08 23:58:00.520 Df macos-dock-cc-v2[68904:10e732f] [com.caye.macosdockcc.v2:fullscreen-green-probe] [fullscreen-green-probe] t=469663.525316 key-down keyCode=6 flags=0x100 repeat=0 verdict=no-cache
2026-08-08 23:58:00.629 Df macos-dock-cc-v2[68904:10e732f] [com.caye.macosdockcc.v2:fullscreen-green-probe] [fullscreen-green-probe] t=469663.633783 mouse-down point=(2073.7,759.4) flipped=(2073.7,680.6) flags=0x0 under=0 verdict=no-cache
2026-08-08 23:58:00.919 Df macos-dock-cc-v2[68904:10e732f] [com.caye.macosdockcc.v2:fullscreen-green-probe] [fullscreen-green-probe] t=469663.924010 key-down keyCode=49 flags=0x100 repeat=0 verdict=no-cache
2026-08-08 23:58:00.937 Df macos-dock-cc-v2[68904:10e732f] [com.caye.macosdockcc.v2:fullscreen-green-probe] [fullscreen-green-probe] t=469663.942035 mouse-down point=(2047.2,755.2) flipped=(2047.2,684.8) flags=0x0 under=0 verdict=no-cache
2026-08-08 23:58:01.901 Df macos-dock-cc-v2[68904:10e732f] [com.caye.macosdockcc.v2:fullscreen-green-probe] [fullscreen-green-probe] t=469664.906106 mouse-down point=(1753.8,754.7) flipped=(1753.8,685.3) flags=0x0 under=0 verdict=no-cache
2026-08-08 23:58:02.586 Df macos-dock-cc-v2[68904:10e732f] [com.caye.macosdockcc.v2:fullscreen-green-probe] [fullscreen-green-probe] t=469665.590733 mouse-down point=(1672.2,750.3) flipped=(1672.2,689.7) flags=0x0 under=0 verdict=no-cache
2026-08-08 23:58:06.929 Df macos-dock-cc-v2[68904:10e732f] [com.caye.macosdockcc.v2:fullscreen-green-probe] [fullscreen-green-probe] t=469669.933669 key-down keyCode=6 flags=0x100108 repeat=0 verdict=no-cache
2026-08-08 23:58:07.872 Df macos-dock-cc-v2[68904:10e732f] [com.caye.macosdockcc.v2:fullscreen-green-probe] [fullscreen-green-probe] t=469670.876715 key-down keyCode=9 flags=0x100 repeat=0 verdict=no-cache
2026-08-08 23:58:08.213 Df macos-dock-cc-v2[68904:10e732f] [com.caye.macosdockcc.v2:fullscreen-green-probe] [fullscreen-green-probe] t=469671.217954 mouse-down point=(2133.0,956.5) flipped=(2133.0,483.5) flags=0x0 under=0 verdict=no-cache
2026-08-08 23:58:08.688 Df macos-dock-cc-v2[68904:10e732f] [com.caye.macosdockcc.v2:fullscreen-green-probe] [fullscreen-green-probe] t=469671.693239 mouse-down point=(2130.1,955.7) flipped=(2130.1,484.3) flags=0x0 under=0 verdict=no-cache
2026-08-08 23:58:10.109 Df macos-dock-cc-v2[68904:10e732f] [com.caye.macosdockcc.v2:fullscreen-green-probe] [fullscreen-green-probe] t=469673.113781 mouse-down point=(2141.4,951.0) flipped=(2141.4,489.0) flags=0x0 under=0 verdict=no-cache
2026-08-08 23:58:10.724 Df macos-dock-cc-v2[68904:10e732f] [com.caye.macosdockcc.v2:fullscreen-green-probe] [fullscreen-green-probe] t=469673.728447 key-down keyCode=0 flags=0x100 repeat=0 verdict=no-cache
2026-08-08 23:58:10.855 Df macos-dock-cc-v2[68904:10e732f] [com.caye.macosdockcc.v2:fullscreen-green-probe] [fullscreen-green-probe] t=469673.860015 mouse-down point=(1817.2,961.1) flipped=(1817.2,478.9) flags=0x0 under=0 verdict=no-cache
2026-08-08 23:58:11.807 Df macos-dock-cc-v2[68904:10e732f] [com.caye.macosdockcc.v2:fullscreen-green-probe] [fullscreen-green-probe] t=469674.811790 key-down keyCode=53 flags=0x100 repeat=0 verdict=no-cache
2026-08-08 23:58:11.989 Df macos-dock-cc-v2[68904:10e732f] [com.caye.macosdockcc.v2:fullscreen-green-probe] [fullscreen-green-probe] t=469674.994208 mouse-down point=(2090.5,979.1) flipped=(2090.5,460.9) flags=0x0 under=0 verdict=no-cache
2026-08-08 23:58:12.429 Df macos-dock-cc-v2[68904:10e732f] [com.caye.macosdockcc.v2:fullscreen-green-probe] [fullscreen-green-probe] t=469675.433768 mouse-down point=(2145.5,979.3) flipped=(2145.5,460.7) flags=0x0 under=0 verdict=no-cache
2026-08-08 23:58:13.333 Df macos-dock-cc-v2[68904:10e732f] [com.caye.macosdockcc.v2:fullscreen-green-probe] [fullscreen-green-probe] t=469676.337716 mouse-down point=(2157.9,983.8) flipped=(2157.9,456.2) flags=0x0 under=0 verdict=no-cache
2026-08-08 23:59:08.925 Df macos-dock-cc-v2[68904:10e732f] [com.caye.macosdockcc.v2:fullscreen-green-probe] [fullscreen-green-probe] t=469731.930157 mouse-down point=(2185.6,877.6) flipped=(2185.6,562.4) flags=0x0 under=0 verdict=no-cache
2026-08-08 23:59:09.373 Df macos-dock-cc-v2[68904:10e732f] [com.caye.macosdockcc.v2:fullscreen-green-probe] [fullscreen-green-probe] t=469732.377841 mouse-down point=(2169.3,879.2) flipped=(2169.3,560.8) flags=0x0 under=0 verdict=no-cache
2026-08-08 23:59:10.223 Df macos-dock-cc-v2[68904:10e732f] [com.caye.macosdockcc.v2:fullscreen-green-probe] [fullscreen-green-probe] t=469733.227917 mouse-down point=(2163.5,884.9) flipped=(2163.5,555.1) flags=0x0 under=0 verdict=no-cache
2026-08-08 23:59:11.292 Df macos-dock-cc-v2[68904:10e732f] [com.caye.macosdockcc.v2:fullscreen-green-probe] [fullscreen-green-probe] t=469734.296638 mouse-down point=(2141.8,884.0) flipped=(2141.8,556.0) flags=0x0 under=0 verdict=no-cache
2026-08-08 23:59:14.374 Df macos-dock-cc-v2[68904:10e732f] [com.caye.macosdockcc.v2:fullscreen-green-probe] [fullscreen-green-probe] t=469737.379078 mouse-down point=(1561.8,1116.7) flipped=(1561.8,323.3) flags=0x0 under=0 verdict=no-cache
2026-08-08 23:59:14.825 Df macos-dock-cc-v2[68904:10e732f] [com.caye.macosdockcc.v2:fullscreen-green-probe] [fullscreen-green-probe] t=469737.830292 mouse-down point=(1554.8,1119.8) flipped=(1554.8,320.2) flags=0x0 under=0 verdict=no-cache
2026-08-08 23:59:15.908 Df macos-dock-cc-v2[68904:10e732f] [com.caye.macosdockcc.v2:fullscreen-green-probe] [fullscreen-green-probe] t=469738.912439 mouse-down point=(1486.9,1128.7) flipped=(1486.9,311.3) flags=0x0 under=0 verdict=no-cache
2026-08-08 23:59:22.796 Df macos-dock-cc-v2[68904:10e732f] [com.caye.macosdockcc.v2:fullscreen-green-probe] [fullscreen-green-probe] t=469745.801161 mouse-down point=(1365.4,1409.2) flipped=(1365.4,30.8) flags=0x0 under=0 verdict=no-cache
2026-08-08 23:59:23.911 Df macos-dock-cc-v2[68904:10e732f] [com.caye.macosdockcc.v2:fullscreen-green-probe] [fullscreen-green-probe] t=469746.915497 mouse-down point=(1370.8,1407.1) flipped=(1370.8,32.9) flags=0x0 under=0 verdict=no-cache
2026-08-08 23:59:25.357 Df macos-dock-cc-v2[68904:10e732f] [com.caye.macosdockcc.v2:fullscreen-green-probe] [fullscreen-green-probe] t=469748.361676 mouse-down point=(1669.8,1091.2) flipped=(1669.8,348.8) flags=0x0 under=0 verdict=no-cache
2026-08-08 23:59:25.853 Df macos-dock-cc-v2[68904:10e732f] [com.caye.macosdockcc.v2:fullscreen-green-probe] [fullscreen-green-probe] t=469748.857721 mouse-down point=(1641.9,1098.7) flipped=(1641.9,341.3) flags=0x0 under=0 verdict=no-cache
2026-08-08 23:59:27.341 Df macos-dock-cc-v2[68904:10e732f] [com.caye.macosdockcc.v2:fullscreen-green-probe] [fullscreen-green-probe] t=469750.345894 mouse-down point=(1519.8,1109.1) flipped=(1519.8,330.9) flags=0x0 under=0 verdict=no-cache
2026-08-08 23:59:29.525 Df macos-dock-cc-v2[68904:10e732f] [com.caye.macosdockcc.v2:fullscreen-green-probe] [fullscreen-green-probe] t=469752.529825 mouse-down point=(1474.1,1154.6) flipped=(1474.1,285.4) flags=0x0 under=0 verdict=no-cache
2026-08-08 23:59:32.029 Df macos-dock-cc-v2[68904:10e732f] [com.caye.macosdockcc.v2:fullscreen-green-probe] [fullscreen-green-probe] t=469755.033910 mouse-down point=(1451.9,1139.4) flipped=(1451.9,300.6) flags=0x0 under=0 verdict=no-cache
2026-08-08 23:59:33.373 Df macos-dock-cc-v2[68904:10e732f] [com.caye.macosdockcc.v2:fullscreen-green-probe] [fullscreen-green-probe] t=469756.377820 mouse-down point=(1384.4,1413.0) flipped=(1384.4,27.0) flags=0x0 under=0 verdict=no-cache
2026-08-08 23:59:35.697 Df macos-dock-cc-v2[68904:10e732f] [com.caye.macosdockcc.v2:fullscreen-green-probe] [fullscreen-green-probe] t=469758.701657 mouse-down point=(33.3,257.8) flipped=(33.3,1182.2) flags=0x0 under=0 verdict=no-cache
2026-08-08 23:59:49.445 Df macos-dock-cc-v2[68904:10e732f] [com.caye.macosdockcc.v2:fullscreen-green-probe] [fullscreen-green-probe] t=469772.449862 mouse-down point=(147.3,239.0) flipped=(147.3,1201.0) flags=0x0 under=0 verdict=no-cache
2026-08-09 00:00:04.830 Df macos-dock-cc-v2[68904:10e732f] [com.caye.macosdockcc.v2:fullscreen-green-probe] [fullscreen-green-probe] t=469787.834946 mouse-down point=(102.3,1199.8) flipped=(102.3,240.2) flags=0x0 under=0 verdict=no-cache
2026-08-09 00:00:05.157 Df macos-dock-cc-v2[68904:10e732f] [com.caye.macosdockcc.v2:fullscreen-green-probe] [fullscreen-green-probe] t=469788.161794 mouse-down point=(103.8,1183.0) flipped=(103.8,257.0) flags=0x0 under=0 verdict=no-cache
2026-08-09 00:00:13.933 Df macos-dock-cc-v2[68904:10e732f] [com.caye.macosdockcc.v2:fullscreen-green-probe] [fullscreen-green-probe] t=469796.938085 mouse-down point=(1319.8,754.8) flipped=(1319.8,685.2) flags=0x0 under=0 verdict=no-cache
2026-08-09 00:00:16.384 Df macos-dock-cc-v2[68904:10e732f] [com.caye.macosdockcc.v2:fullscreen-green-probe] [fullscreen-green-probe] t=469799.388724 mouse-down point=(1439.2,753.4) flipped=(1439.2,686.6) flags=0x0 under=0 verdict=no-cache
2026-08-09 00:00:21.277 Df macos-dock-cc-v2[68904:10e732f] [com.caye.macosdockcc.v2:fullscreen-green-probe] [fullscreen-green-probe] t=469804.281782 mouse-down point=(285.1,951.5) flipped=(285.1,488.5) flags=0x0 under=0 verdict=no-cache
2026-08-09 00:00:21.699 Df macos-dock-cc-v2[68904:10e732f] [com.caye.macosdockcc.v2:fullscreen-green-probe] [fullscreen-green-probe] t=469804.703614 mouse-down point=(275.4,945.1) flipped=(275.4,494.9) flags=0x0 under=0 verdict=no-cache
2026-08-09 00:00:22.637 Df macos-dock-cc-v2[68904:10e732f] [com.caye.macosdockcc.v2:fullscreen-green-probe] [fullscreen-green-probe] t=469805.641958 mouse-down point=(293.2,944.3) flipped=(293.2,495.7) flags=0x0 under=0 verdict=no-cache
2026-08-09 00:00:23.381 Df macos-dock-cc-v2[68904:10e732f] [com.caye.macosdockcc.v2:fullscreen-green-probe] [fullscreen-green-probe] t=469806.385683 mouse-down point=(291.3,941.3) flipped=(291.3,498.7) flags=0x0 under=0 verdict=no-cache
2026-08-09 00:00:25.275 Df macos-dock-cc-v2[68904:10e732f] [com.caye.macosdockcc.v2:fullscreen-green-probe] [fullscreen-green-probe] t=469808.279621 mouse-down point=(2215.7,498.7) flipped=(2215.7,941.3) flags=0x0 under=0 verdict=no-cache
2026-08-09 00:00:29.305 Df macos-dock-cc-v2[68904:10e732f] [com.caye.macosdockcc.v2:fullscreen-green-probe] [fullscreen-green-probe] t=469812.309493 mouse-down point=(972.2,588.3) flipped=(972.2,851.7) flags=0x0 under=0 verdict=no-cache
2026-08-09 00:00:37.749 Df macos-dock-cc-v2[68904:10e732f] [com.caye.macosdockcc.v2:fullscreen-green-probe] [fullscreen-green-probe] t=469820.754183 mouse-down point=(2138.6,726.4) flipped=(2138.6,713.6) flags=0x0 under=0 verdict=no-cache
2026-08-09 00:00:38.725 Df macos-dock-cc-v2[68904:10e732f] [com.caye.macosdockcc.v2:fullscreen-green-probe] [fullscreen-green-probe] t=469821.730120 mouse-down point=(2102.0,728.1) flipped=(2102.0,711.9) flags=0x0 under=0 verdict=no-cache
2026-08-09 00:00:39.253 Df macos-dock-cc-v2[68904:10e732f] [com.caye.macosdockcc.v2:fullscreen-green-probe] [fullscreen-green-probe] t=469822.257772 mouse-down point=(2090.2,730.7) flipped=(2090.2,709.3) flags=0x0 under=0 verdict=no-cache
2026-08-09 00:00:40.279 Df macos-dock-cc-v2[68904:10e732f] [com.caye.macosdockcc.v2:fullscreen-green-probe] [fullscreen-green-probe] t=469823.283877 mouse-down point=(2088.8,732.2) flipped=(2088.8,707.8) flags=0x0 under=0 verdict=no-cache
2026-08-09 00:00:41.133 Df macos-dock-cc-v2[68904:10e732f] [com.caye.macosdockcc.v2:fullscreen-green-probe] [fullscreen-green-probe] t=469824.138141 mouse-down point=(2100.4,641.9) flipped=(2100.4,798.1) flags=0x0 under=0 verdict=no-cache
2026-08-09 00:00:42.453 Df macos-dock-cc-v2[68904:10e732f] [com.caye.macosdockcc.v2:fullscreen-green-probe] [fullscreen-green-probe] t=469825.457866 mouse-down point=(2045.0,629.7) flipped=(2045.0,810.3) flags=0x0 under=0 verdict=no-cache
2026-08-09 00:00:43.353 Df macos-dock-cc-v2[68904:10e732f] [com.caye.macosdockcc.v2:fullscreen-green-probe] [fullscreen-green-probe] t=469826.357705 mouse-down point=(578.1,790.6) flipped=(578.1,649.4) flags=0x0 under=0 verdict=no-cache
2026-08-09 00:00:44.301 Df macos-dock-cc-v2[68904:10e732f] [com.caye.macosdockcc.v2:fullscreen-green-probe] [fullscreen-green-probe] t=469827.305687 mouse-down point=(604.7,795.1) flipped=(604.7,644.9) flags=0x0 under=0 verdict=no-cache
2026-08-09 00:02:44.678 Df macos-dock-cc-v2[68904:10e732f] [com.caye.macosdockcc.v2:fullscreen-green-probe] [fullscreen-green-probe] t=469947.683219 mouse-down point=(721.3,886.9) flipped=(721.3,553.1) flags=0x0 under=0 verdict=no-cache
2026-08-09 00:02:45.145 Df macos-dock-cc-v2[68904:10e732f] [com.caye.macosdockcc.v2:fullscreen-green-probe] [fullscreen-green-probe] t=469948.149566 mouse-down point=(762.1,893.8) flipped=(762.1,546.2) flags=0x0 under=0 verdict=no-cache
2026-08-09 00:02:47.062 Df macos-dock-cc-v2[68904:10e732f] [com.caye.macosdockcc.v2:fullscreen-green-probe] [fullscreen-green-probe] t=469950.066410 mouse-down point=(1282.4,1406.1) flipped=(1282.4,33.9) flags=0x0 under=0 verdict=no-cache
2026-08-09 00:02:48.637 Df macos-dock-cc-v2[68904:10e732f] [com.caye.macosdockcc.v2:fullscreen-green-probe] [fullscreen-green-probe] t=469951.641676 mouse-down point=(1479.8,1112.0) flipped=(1479.8,328.0) flags=0x0 under=0 verdict=no-cache
2026-08-09 00:02:50.037 Df macos-dock-cc-v2[68904:10e732f] [com.caye.macosdockcc.v2:fullscreen-green-probe] [fullscreen-green-probe] t=469953.041928 mouse-down point=(1444.5,1401.6) flipped=(1444.5,38.4) flags=0x0 under=0 verdict=no-cache
2026-08-09 00:02:51.757 Df macos-dock-cc-v2[68904:10e732f] [com.caye.macosdockcc.v2:fullscreen-green-probe] [fullscreen-green-probe] t=469954.762060 mouse-down point=(1314.7,894.9) flipped=(1314.7,545.1) flags=0x0 under=0 verdict=no-cache
2026-08-09 00:02:52.726 Df macos-dock-cc-v2[68904:10e732f] [com.caye.macosdockcc.v2:fullscreen-green-probe] [fullscreen-green-probe] t=469955.730597 mouse-down point=(1112.6,695.3) flipped=(1112.6,744.7) flags=0x0 under=0 verdict=no-cache
2026-08-09 00:03:00.357 Df macos-dock-cc-v2[68904:10e732f] [com.caye.macosdockcc.v2:fullscreen-green-probe] [fullscreen-green-probe] t=469963.361664 mouse-down point=(1531.5,1403.9) flipped=(1531.5,36.1) flags=0x0 under=0 verdict=no-cache
2026-08-09 00:03:00.499 Df macos-dock-cc-v2[68904:10e732f] [com.caye.macosdockcc.v2:fullscreen-green-probe] [fullscreen-green-probe] t=469963.503797 cache-ready pid=81876 wid=54444 button=(362.0,110.0,16.0,16.0) window=(308.0,102.0,603.0,505.0)
2026-08-09 00:03:01.933 Df macos-dock-cc-v2[68904:10e732f] [com.caye.macosdockcc.v2:fullscreen-green-probe] [fullscreen-green-probe] t=469964.938263 mouse-down point=(371.4,119.4) flipped=(371.4,1320.6) flags=0x0 under=0 cachedWid=54444 button=(362.0,110.0,16.0,16.0) age=0.065 active=1 fullscreen=0 exact=1 flippedHit=0 expanded=1 windowMatch=0 screenMatch=1 verdict=accepted
2026-08-09 00:03:01.934 Df macos-dock-cc-v2[68904:10e732f] [com.caye.macosdockcc.v2:fullscreen-green-probe] [fullscreen-green-probe] t=469964.938396 pending generation=1 pid=81876
2026-08-09 00:03:01.936 Df macos-dock-cc-v2[68904:10e732f] [com.caye.macosdockcc.v2:fullscreen-green-probe] [fullscreen-green-probe] t=469964.940391 order-out-complete generation=1
2026-08-09 00:03:02.190 Df macos-dock-cc-v2[68904:10e732f] [com.caye.macosdockcc.v2:fullscreen-green-probe] [fullscreen-green-probe] t=469965.194513 cache-ready pid=81876 wid=54444 button=(54.0,-24.0,16.0,16.0) window=(0.0,0.0,2560.0,1440.0)
2026-08-09 00:03:02.674 Df macos-dock-cc-v2[68904:10e732f] [com.caye.macosdockcc.v2:fullscreen-green-probe] [fullscreen-green-probe] t=469965.678376 space-notification
2026-08-09 00:03:02.682 Df macos-dock-cc-v2[68904:10e732f] [com.caye.macosdockcc.v2:fullscreen-green-probe] [fullscreen-green-probe] t=469965.686538 confirmed source=space-cg generation=1
2026-08-09 00:03:05.057 Df macos-dock-cc-v2[68904:10e732f] [com.caye.macosdockcc.v2:fullscreen-green-probe] [fullscreen-green-probe] t=469968.061946 key-down keyCode=3 flags=0x140109 repeat=0 age=0.088 active=1 fullscreen=1 screenMatch=1 verdict=already-fullscreen
2026-08-09 00:03:05.139 Df macos-dock-cc-v2[68904:10e732f] [com.caye.macosdockcc.v2:fullscreen-green-probe] [fullscreen-green-probe] t=469968.143791 cache-ready pid=81876 wid=54444 button=(362.0,110.0,16.0,16.0) window=(308.0,102.0,603.0,505.0)
2026-08-09 00:03:05.647 Df macos-dock-cc-v2[68904:10e732f] [com.caye.macosdockcc.v2:fullscreen-green-probe] [fullscreen-green-probe] t=469968.651670 space-notification
2026-08-09 00:03:05.826 Df macos-dock-cc-v2[68904:10e732f] [com.caye.macosdockcc.v2:fullscreen-green-probe] [fullscreen-green-probe] t=469968.830889 key-down keyCode=3 flags=0x140109 repeat=0 age=0.043 active=1 fullscreen=0 screenMatch=1 verdict=accepted
2026-08-09 00:03:05.826 Df macos-dock-cc-v2[68904:10e732f] [com.caye.macosdockcc.v2:fullscreen-green-probe] [fullscreen-green-probe] t=469968.830914 pending generation=2 pid=81876
2026-08-09 00:03:05.827 Df macos-dock-cc-v2[68904:10e732f] [com.caye.macosdockcc.v2:fullscreen-green-probe] [fullscreen-green-probe] t=469968.831602 order-out-complete generation=2
2026-08-09 00:03:05.985 Df macos-dock-cc-v2[68904:10e732f] [com.caye.macosdockcc.v2:fullscreen-green-probe] [fullscreen-green-probe] t=469968.989540 cache-ready pid=81876 wid=54444 button=(54.0,-24.0,16.0,16.0) window=(0.0,0.0,2560.0,1440.0)
2026-08-09 00:03:06.467 Df macos-dock-cc-v2[68904:10e732f] [com.caye.macosdockcc.v2:fullscreen-green-probe] [fullscreen-green-probe] t=469969.471531 space-notification
2026-08-09 00:03:06.477 Df macos-dock-cc-v2[68904:10e732f] [com.caye.macosdockcc.v2:fullscreen-green-probe] [fullscreen-green-probe] t=469969.481478 confirmed source=space-cg generation=2
2026-08-09 00:03:07.277 Df macos-dock-cc-v2[68904:10e732f] [com.caye.macosdockcc.v2:fullscreen-green-probe] [fullscreen-green-probe] t=469970.281839 key-down keyCode=3 flags=0x140109 repeat=0 age=0.108 active=1 fullscreen=1 screenMatch=1 verdict=already-fullscreen
2026-08-09 00:03:07.377 Df macos-dock-cc-v2[68904:10e732f] [com.caye.macosdockcc.v2:fullscreen-green-probe] [fullscreen-green-probe] t=469970.381626 cache-ready pid=81876 wid=54444 button=(362.0,110.0,16.0,16.0) window=(308.0,102.0,603.0,505.0)
2026-08-09 00:03:07.861 Df macos-dock-cc-v2[68904:10e732f] [com.caye.macosdockcc.v2:fullscreen-green-probe] [fullscreen-green-probe] t=469970.865780 space-notification
2026-08-09 00:03:08.578 Df macos-dock-cc-v2[68904:10e732f] [com.caye.macosdockcc.v2:fullscreen-green-probe] [fullscreen-green-probe] t=469971.582569 key-down keyCode=3 flags=0x140109 repeat=0 age=0.009 active=1 fullscreen=0 screenMatch=1 verdict=accepted
2026-08-09 00:03:08.578 Df macos-dock-cc-v2[68904:10e732f] [com.caye.macosdockcc.v2:fullscreen-green-probe] [fullscreen-green-probe] t=469971.582610 pending generation=3 pid=81876
2026-08-09 00:03:08.579 Df macos-dock-cc-v2[68904:10e732f] [com.caye.macosdockcc.v2:fullscreen-green-probe] [fullscreen-green-probe] t=469971.584034 order-out-complete generation=3
2026-08-09 00:03:08.705 Df macos-dock-cc-v2[68904:10e732f] [com.caye.macosdockcc.v2:fullscreen-green-probe] [fullscreen-green-probe] t=469971.709710 cache-ready pid=81876 wid=54444 button=(54.0,-24.0,16.0,16.0) window=(0.0,0.0,2560.0,1440.0)
2026-08-09 00:03:09.227 Df macos-dock-cc-v2[68904:10e732f] [com.caye.macosdockcc.v2:fullscreen-green-probe] [fullscreen-green-probe] t=469972.232305 space-notification
2026-08-09 00:03:09.236 Df macos-dock-cc-v2[68904:10e732f] [com.caye.macosdockcc.v2:fullscreen-green-probe] [fullscreen-green-probe] t=469972.240391 confirmed source=space-cg generation=3
2026-08-09 00:03:09.890 Df macos-dock-cc-v2[68904:10e732f] [com.caye.macosdockcc.v2:fullscreen-green-probe] [fullscreen-green-probe] t=469972.895237 key-down keyCode=3 flags=0x140109 repeat=0 age=0.022 active=1 fullscreen=1 screenMatch=1 verdict=already-fullscreen
2026-08-09 00:03:10.008 Df macos-dock-cc-v2[68904:10e732f] [com.caye.macosdockcc.v2:fullscreen-green-probe] [fullscreen-green-probe] t=469973.012744 cache-ready pid=81876 wid=54444 button=(362.0,110.0,16.0,16.0) window=(308.0,102.0,603.0,505.0)
2026-08-09 00:03:10.480 Df macos-dock-cc-v2[68904:10e732f] [com.caye.macosdockcc.v2:fullscreen-green-probe] [fullscreen-green-probe] t=469973.484505 space-notification
2026-08-09 00:03:15.015 Df macos-dock-cc-v2[68904:10e732f] [com.caye.macosdockcc.v2:fullscreen-green-probe] [fullscreen-green-probe] t=469978.019693 key-down keyCode=3 flags=0x140109 repeat=0 age=0.047 active=1 fullscreen=0 screenMatch=1 verdict=accepted
2026-08-09 00:03:15.015 Df macos-dock-cc-v2[68904:10e732f] [com.caye.macosdockcc.v2:fullscreen-green-probe] [fullscreen-green-probe] t=469978.019714 pending generation=4 pid=81876
2026-08-09 00:03:15.015 Df macos-dock-cc-v2[68904:10e732f] [com.caye.macosdockcc.v2:fullscreen-green-probe] [fullscreen-green-probe] t=469978.020227 order-out-complete generation=4
2026-08-09 00:03:15.199 Df macos-dock-cc-v2[68904:10e732f] [com.caye.macosdockcc.v2:fullscreen-green-probe] [fullscreen-green-probe] t=469978.203885 cache-ready pid=81876 wid=54444 button=(54.0,-24.0,16.0,16.0) window=(0.0,0.0,2560.0,1440.0)
2026-08-09 00:03:15.666 Df macos-dock-cc-v2[68904:10e732f] [com.caye.macosdockcc.v2:fullscreen-green-probe] [fullscreen-green-probe] t=469978.670589 space-notification
2026-08-09 00:03:15.677 Df macos-dock-cc-v2[68904:10e732f] [com.caye.macosdockcc.v2:fullscreen-green-probe] [fullscreen-green-probe] t=469978.681918 confirmed source=space-cg generation=4
2026-08-09 00:03:16.091 Df macos-dock-cc-v2[68904:10e732f] [com.caye.macosdockcc.v2:fullscreen-green-probe] [fullscreen-green-probe] t=469979.095994 key-down keyCode=3 flags=0x140109 repeat=0 age=0.022 active=1 fullscreen=1 screenMatch=1 verdict=already-fullscreen
2026-08-09 00:03:16.175 Df macos-dock-cc-v2[68904:10e732f] [com.caye.macosdockcc.v2:fullscreen-green-probe] [fullscreen-green-probe] t=469979.179485 cache-ready pid=81876 wid=54444 button=(362.0,110.0,16.0,16.0) window=(308.0,102.0,603.0,505.0)
2026-08-09 00:03:16.663 Df macos-dock-cc-v2[68904:10e732f] [com.caye.macosdockcc.v2:fullscreen-green-probe] [fullscreen-green-probe] t=469979.668210 space-notification
2026-08-09 00:03:17.133 Df macos-dock-cc-v2[68904:10e732f] [com.caye.macosdockcc.v2:fullscreen-green-probe] [fullscreen-green-probe] t=469980.137839 key-down keyCode=3 flags=0x140109 repeat=0 age=0.064 active=1 fullscreen=0 screenMatch=1 verdict=accepted
2026-08-09 00:03:17.133 Df macos-dock-cc-v2[68904:10e732f] [com.caye.macosdockcc.v2:fullscreen-green-probe] [fullscreen-green-probe] t=469980.137877 pending generation=5 pid=81876
2026-08-09 00:03:17.134 Df macos-dock-cc-v2[68904:10e732f] [com.caye.macosdockcc.v2:fullscreen-green-probe] [fullscreen-green-probe] t=469980.138644 order-out-complete generation=5
2026-08-09 00:03:17.272 Df macos-dock-cc-v2[68904:10e732f] [com.caye.macosdockcc.v2:fullscreen-green-probe] [fullscreen-green-probe] t=469980.276548 cache-ready pid=81876 wid=54444 button=(54.0,-24.0,16.0,16.0) window=(0.0,0.0,2560.0,1440.0)
2026-08-09 00:03:17.757 Df macos-dock-cc-v2[68904:10e732f] [com.caye.macosdockcc.v2:fullscreen-green-probe] [fullscreen-green-probe] t=469980.762279 space-notification
2026-08-09 00:03:17.768 Df macos-dock-cc-v2[68904:10e732f] [com.caye.macosdockcc.v2:fullscreen-green-probe] [fullscreen-green-probe] t=469980.772761 confirmed source=space-cg generation=5
2026-08-09 00:03:18.318 Df macos-dock-cc-v2[68904:10e732f] [com.caye.macosdockcc.v2:fullscreen-green-probe] [fullscreen-green-probe] t=469981.322987 key-down keyCode=3 flags=0x140109 repeat=0 age=0.150 active=1 fullscreen=1 screenMatch=1 verdict=already-fullscreen
2026-08-09 00:03:18.408 Df macos-dock-cc-v2[68904:10e732f] [com.caye.macosdockcc.v2:fullscreen-green-probe] [fullscreen-green-probe] t=469981.412671 cache-ready pid=81876 wid=54444 button=(362.0,110.0,16.0,16.0) window=(308.0,102.0,603.0,505.0)
2026-08-09 00:03:18.916 Df macos-dock-cc-v2[68904:10e732f] [com.caye.macosdockcc.v2:fullscreen-green-probe] [fullscreen-green-probe] t=469981.920566 space-notification
2026-08-09 00:03:21.049 Df macos-dock-cc-v2[68904:10e732f] [com.caye.macosdockcc.v2:fullscreen-green-probe] [fullscreen-green-probe] t=469984.053631 mouse-down point=(374.3,121.6) flipped=(374.3,1318.4) flags=0x0 under=0 cachedWid=54444 button=(362.0,110.0,16.0,16.0) age=0.080 active=1 fullscreen=0 exact=1 flippedHit=0 expanded=1 windowMatch=0 screenMatch=1 verdict=accepted
2026-08-09 00:03:21.049 Df macos-dock-cc-v2[68904:10e732f] [com.caye.macosdockcc.v2:fullscreen-green-probe] [fullscreen-green-probe] t=469984.053680 pending generation=6 pid=81876
2026-08-09 00:03:21.050 Df macos-dock-cc-v2[68904:10e732f] [com.caye.macosdockcc.v2:fullscreen-green-probe] [fullscreen-green-probe] t=469984.054560 order-out-complete generation=6
2026-08-09 00:03:21.302 Df macos-dock-cc-v2[68904:10e732f] [com.caye.macosdockcc.v2:fullscreen-green-probe] [fullscreen-green-probe] t=469984.307324 cache-ready pid=81876 wid=54444 button=(54.0,-24.0,16.0,16.0) window=(0.0,0.0,2560.0,1440.0)
2026-08-09 00:03:21.734 Df macos-dock-cc-v2[68904:10e732f] [com.caye.macosdockcc.v2:fullscreen-green-probe] [fullscreen-green-probe] t=469984.738449 space-notification
2026-08-09 00:03:21.746 Df macos-dock-cc-v2[68904:10e732f] [com.caye.macosdockcc.v2:fullscreen-green-probe] [fullscreen-green-probe] t=469984.750478 confirmed source=space-cg generation=6
2026-08-09 00:03:23.970 Df macos-dock-cc-v2[68904:10e732f] [com.caye.macosdockcc.v2:fullscreen-green-probe] [fullscreen-green-probe] t=469986.975060 key-down keyCode=3 flags=0x140109 repeat=0 age=0.001 active=1 fullscreen=1 screenMatch=1 verdict=already-fullscreen
2026-08-09 00:03:24.083 Df macos-dock-cc-v2[68904:10e732f] [com.caye.macosdockcc.v2:fullscreen-green-probe] [fullscreen-green-probe] t=469987.087487 cache-ready pid=81876 wid=54444 button=(362.0,110.0,16.0,16.0) window=(308.0,102.0,603.0,505.0)
2026-08-09 00:03:24.557 Df macos-dock-cc-v2[68904:10e732f] [com.caye.macosdockcc.v2:fullscreen-green-probe] [fullscreen-green-probe] t=469987.562169 space-notification
2026-08-09 00:03:26.449 Df macos-dock-cc-v2[68904:10e732f] [com.caye.macosdockcc.v2:fullscreen-green-probe] [fullscreen-green-probe] t=469989.453778 mouse-down point=(374.1,123.7) flipped=(374.1,1316.3) flags=0x0 under=0 cachedWid=54444 button=(362.0,110.0,16.0,16.0) age=0.081 active=1 fullscreen=0 exact=1 flippedHit=0 expanded=1 windowMatch=0 screenMatch=1 verdict=accepted
2026-08-09 00:03:26.449 Df macos-dock-cc-v2[68904:10e732f] [com.caye.macosdockcc.v2:fullscreen-green-probe] [fullscreen-green-probe] t=469989.453804 pending generation=7 pid=81876
2026-08-09 00:03:26.450 Df macos-dock-cc-v2[68904:10e732f] [com.caye.macosdockcc.v2:fullscreen-green-probe] [fullscreen-green-probe] t=469989.454366 order-out-complete generation=7
2026-08-09 00:03:26.689 Df macos-dock-cc-v2[68904:10e732f] [com.caye.macosdockcc.v2:fullscreen-green-probe] [fullscreen-green-probe] t=469989.693492 cache-ready pid=81876 wid=54444 button=(54.0,-24.0,16.0,16.0) window=(0.0,0.0,2560.0,1440.0)
2026-08-09 00:03:27.154 Df macos-dock-cc-v2[68904:10e732f] [com.caye.macosdockcc.v2:fullscreen-green-probe] [fullscreen-green-probe] t=469990.158705 space-notification
2026-08-09 00:03:27.164 Df macos-dock-cc-v2[68904:10e732f] [com.caye.macosdockcc.v2:fullscreen-green-probe] [fullscreen-green-probe] t=469990.169322 confirmed source=space-cg generation=7
2026-08-09 00:03:27.679 Df macos-dock-cc-v2[68904:10e732f] [com.caye.macosdockcc.v2:fullscreen-green-probe] [fullscreen-green-probe] t=469990.683819 key-down keyCode=3 flags=0x140109 repeat=0 age=0.010 active=1 fullscreen=1 screenMatch=1 verdict=already-fullscreen
2026-08-09 00:03:27.794 Df macos-dock-cc-v2[68904:10e732f] [com.caye.macosdockcc.v2:fullscreen-green-probe] [fullscreen-green-probe] t=469990.798944 cache-ready pid=81876 wid=54444 button=(362.0,110.0,16.0,16.0) window=(308.0,102.0,603.0,505.0)
2026-08-09 00:03:28.279 Df macos-dock-cc-v2[68904:10e732f] [com.caye.macosdockcc.v2:fullscreen-green-probe] [fullscreen-green-probe] t=469991.283980 space-notification
2026-08-09 00:03:30.919 Df macos-dock-cc-v2[68904:10e732f] [com.caye.macosdockcc.v2:fullscreen-green-probe] [fullscreen-green-probe] t=469993.923835 mouse-down point=(620.6,408.7) flipped=(620.6,1031.3) flags=0x0 under=0 cachedWid=54444 button=(362.0,110.0,16.0,16.0) age=0.050 active=1 fullscreen=0 exact=0 flippedHit=0 expanded=0 windowMatch=0 screenMatch=1 verdict=outside-button
2026-08-09 00:03:32.054 Df macos-dock-cc-v2[68904:10e732f] [com.caye.macosdockcc.v2:fullscreen-green-probe] [fullscreen-green-probe] t=469995.058371 mouse-down point=(1084.0,882.9) flipped=(1084.0,557.1) flags=0x0 under=0 cachedWid=54444 button=(362.0,110.0,16.0,16.0) age=0.084 active=1 fullscreen=0 exact=0 flippedHit=0 expanded=0 windowMatch=0 screenMatch=1 verdict=outside-button
2026-08-09 00:03:33.423 Df macos-dock-cc-v2[68904:10e732f] [com.caye.macosdockcc.v2:fullscreen-green-probe] [fullscreen-green-probe] t=469996.427946 mouse-down point=(990.1,975.7) flipped=(990.1,464.3) flags=0x0 under=0 verdict=no-cache
2026-08-09 00:03:34.823 Df macos-dock-cc-v2[68904:10e732f] [com.caye.macosdockcc.v2:fullscreen-green-probe] [fullscreen-green-probe] t=469997.827885 key-down keyCode=8 flags=0x100108 repeat=0 verdict=no-cache
2026-08-09 00:03:35.261 Df macos-dock-cc-v2[68904:10e732f] [com.caye.macosdockcc.v2:fullscreen-green-probe] [fullscreen-green-probe] t=469998.265556 mouse-down point=(945.1,1264.6) flipped=(945.1,175.4) flags=0x0 under=0 verdict=no-cache
2026-08-09 00:03:35.584 Df macos-dock-cc-v2[68904:10e732f] [com.caye.macosdockcc.v2:fullscreen-green-probe] [fullscreen-green-probe] t=469998.588632 key-down keyCode=9 flags=0x100108 repeat=0 verdict=no-cache
2026-08-09 00:03:36.614 Df macos-dock-cc-v2[68904:10e732f] [com.caye.macosdockcc.v2:fullscreen-green-probe] [fullscreen-green-probe] t=469999.618388 mouse-down point=(884.0,1260.4) flipped=(884.0,179.6) flags=0x0 under=0 verdict=no-cache
2026-08-09 00:03:37.791 Df macos-dock-cc-v2[68904:10e732f] [com.caye.macosdockcc.v2:fullscreen-green-probe] [fullscreen-green-probe] t=470000.795542 key-down keyCode=29 flags=0x100 repeat=0 verdict=no-cache
2026-08-09 00:03:38.829 Df macos-dock-cc-v2[68904:10e732f] [com.caye.macosdockcc.v2:fullscreen-green-probe] [fullscreen-green-probe] t=470001.833741 mouse-down point=(968.0,1260.2) flipped=(968.0,179.8) flags=0x0 under=0 verdict=no-cache
2026-08-09 00:03:39.530 Df macos-dock-cc-v2[68904:10e732f] [com.caye.macosdockcc.v2:fullscreen-green-probe] [fullscreen-green-probe] t=470002.534746 key-down keyCode=29 flags=0x100 repeat=0 verdict=no-cache
2026-08-09 00:03:40.485 Df macos-dock-cc-v2[68904:10e732f] [com.caye.macosdockcc.v2:fullscreen-green-probe] [fullscreen-green-probe] t=470003.489985 mouse-down point=(1556.6,1314.4) flipped=(1556.6,125.6) flags=0x0 under=0 verdict=no-cache
2026-08-09 00:03:41.345 Df macos-dock-cc-v2[68904:10e732f] [com.caye.macosdockcc.v2:fullscreen-green-probe] [fullscreen-green-probe] t=470004.349346 mouse-down point=(1362.8,1171.1) flipped=(1362.8,268.9) flags=0x0 under=0 verdict=no-cache
2026-08-09 00:03:42.224 Df macos-dock-cc-v2[68904:10e732f] [com.caye.macosdockcc.v2:fullscreen-green-probe] [fullscreen-green-probe] t=470005.228776 mouse-down point=(1361.0,1174.2) flipped=(1361.0,265.8) flags=0x0 under=0 verdict=no-cache
2026-08-09 00:03:44.643 Df macos-dock-cc-v2[68904:10e732f] [com.caye.macosdockcc.v2:fullscreen-green-probe] [fullscreen-green-probe] t=470007.648290 mouse-down point=(2163.0,95.1) flipped=(2163.0,1344.9) flags=0x0 under=0 verdict=no-cache
2026-08-09 00:03:46.792 Df macos-dock-cc-v2[68904:10e732f] [com.caye.macosdockcc.v2:fullscreen-green-probe] [fullscreen-green-probe] t=470009.796964 mouse-down point=(2070.2,188.3) flipped=(2070.2,1251.7) flags=0x0 under=0 verdict=no-cache
2026-08-09 00:03:51.642 Df macos-dock-cc-v2[68904:10e732f] [com.caye.macosdockcc.v2:fullscreen-green-probe] [fullscreen-green-probe] t=470014.646810 mouse-down point=(1338.6,1405.7) flipped=(1338.6,34.3) flags=0x0 under=0 verdict=no-cache
2026-08-09 00:03:52.645 Df macos-dock-cc-v2[68904:10e732f] [com.caye.macosdockcc.v2:fullscreen-green-probe] [fullscreen-green-probe] t=470015.649793 mouse-down point=(886.8,621.4) flipped=(886.8,818.6) flags=0x0 under=0 verdict=no-cache
